2025-05-30 08:55:22,089 | INFO  | ============================================================
2025-05-30 08:55:22,089 | INFO  | FIXING FOREX EXCHANGE RATES
2025-05-30 08:55:22,090 | INFO  | ============================================================
2025-05-30 08:55:22,090 | INFO  | Database: D:\Projetos\Finance_data\IDE\vs_code\ppxml2db\pp_databases\portfolio_management.db
2025-05-30 08:55:22,091 | INFO  | Dry run: True
2025-05-30 08:55:22,092 | INFO  | Fetching forex transaction pairs...
2025-05-30 08:55:22,106 | INFO  | Found 639 forex transaction pairs
2025-05-30 08:55:22,107 | DEBUG | Processing pair: AUD 70 -> USD 47 (Forex AUD to USD (Trade ID: 542500042))
2025-05-30 08:55:22,108 | DEBUG | Creating FROM xact_unit: AUD -> USD, rate: 0.6714285714285714
2025-05-30 08:55:22,109 | DEBUG | Creating TO xact_unit: USD -> AUD, rate: 1.4893617021276595
2025-05-30 08:55:22,110 | DEBUG | Processing pair: AUD 70 -> USD 46 (Forex AUD to USD (Trade ID: 548690449))
2025-05-30 08:55:22,111 | DEBUG | Creating FROM xact_unit: AUD -> USD, rate: 0.6571428571428571
2025-05-30 08:55:22,111 | DEBUG | Creating TO xact_unit: USD -> AUD, rate: 1.5217391304347827
2025-05-30 08:55:22,112 | DEBUG | Processing pair: AUD 158 -> USD 103 (Forex AUD to USD (Trade ID: 555481493))
2025-05-30 08:55:22,113 | DEBUG | Creating FROM xact_unit: AUD -> USD, rate: 0.6518987341772152
2025-05-30 08:55:22,113 | DEBUG | Creating TO xact_unit: USD -> AUD, rate: 1.5339805825242718
2025-05-30 08:55:22,114 | DEBUG | Processing pair: CAD 129899 -> USD 96436 (Forex CAD to USD (Trade ID: 432622217))
2025-05-30 08:55:22,115 | DEBUG | Creating FROM xact_unit: CAD -> USD, rate: 0.742392166221449
2025-05-30 08:55:22,115 | DEBUG | Creating TO xact_unit: USD -> CAD, rate: 1.3469969720851134
2025-05-30 08:55:22,116 | DEBUG | Processing pair: CAD 89 -> USD 66 (Forex CAD to USD (Trade ID: 432774322))
2025-05-30 08:55:22,116 | DEBUG | Creating FROM xact_unit: CAD -> USD, rate: 0.7415730337078652
2025-05-30 08:55:22,117 | DEBUG | Creating TO xact_unit: USD -> CAD, rate: 1.3484848484848484
2025-05-30 08:55:22,117 | DEBUG | Processing pair: CNY 65598 -> GBX 7222 (Forex CNH to GBP (Trade ID: 551887203))
2025-05-30 08:55:22,118 | DEBUG | Creating FROM xact_unit: CNY -> GBX, rate: 0.11009481996402329
2025-05-30 08:55:22,119 | DEBUG | Creating TO xact_unit: GBX -> CNY, rate: 9.083079479368596
2025-05-30 08:55:22,119 | DEBUG | Processing pair: CNY 1000 -> HKD 1110 (Forex CNH to HKD (Trade ID: 171617545))
2025-05-30 08:55:22,120 | DEBUG | Creating FROM xact_unit: CNY -> HKD, rate: 1.11
2025-05-30 08:55:22,120 | DEBUG | Creating TO xact_unit: HKD -> CNY, rate: 0.9009009009009009
2025-05-30 08:55:22,121 | DEBUG | Processing pair: CNY 36895 -> USD 5049 (Forex CNH to USD (Trade ID: 521469713))
2025-05-30 08:55:22,122 | DEBUG | Creating FROM xact_unit: CNY -> USD, rate: 0.13684781135655238
2025-05-30 08:55:22,122 | DEBUG | Creating TO xact_unit: USD -> CNY, rate: 7.307387601505249
2025-05-30 08:55:22,123 | DEBUG | Processing pair: CNY 5 -> USD 1 (Forex CNH to USD (Trade ID: 522069828))
2025-05-30 08:55:22,123 | DEBUG | Creating FROM xact_unit: CNY -> USD, rate: 0.2
2025-05-30 08:55:22,124 | DEBUG | Creating TO xact_unit: USD -> CNY, rate: 5.0
2025-05-30 08:55:22,124 | DEBUG | Processing pair: CNY 60198 -> USD 8260 (Forex CNH to USD (Trade ID: 523147782))
2025-05-30 08:55:22,125 | DEBUG | Creating FROM xact_unit: CNY -> USD, rate: 0.13721386092561214
2025-05-30 08:55:22,126 | DEBUG | Creating TO xact_unit: USD -> CNY, rate: 7.287893462469734
2025-05-30 08:55:22,127 | DEBUG | Processing pair: CNY 2 -> USD 1 (Forex CNH to USD (Trade ID: 523775299))
2025-05-30 08:55:22,127 | DEBUG | Creating FROM xact_unit: CNY -> USD, rate: 0.5
2025-05-30 08:55:22,128 | DEBUG | Creating TO xact_unit: USD -> CNY, rate: 2.0
2025-05-30 08:55:22,128 | DEBUG | Processing pair: CNY 2 -> USD 1 (Forex CNH to USD (Trade ID: 552559588))
2025-05-30 08:55:22,129 | DEBUG | Creating FROM xact_unit: CNY -> USD, rate: 0.5
2025-05-30 08:55:22,130 | DEBUG | Creating TO xact_unit: USD -> CNY, rate: 2.0
2025-05-30 08:55:22,172 | DEBUG | Processing pair: CNY 38994 -> USD 5362 (Forex CNH to USD (Trade ID: 567166056))
2025-05-30 08:55:22,187 | DEBUG | Creating FROM xact_unit: CNY -> USD, rate: 0.13750833461558187
2025-05-30 08:55:22,188 | DEBUG | Creating TO xact_unit: USD -> CNY, rate: 7.272286460276017
2025-05-30 08:55:22,190 | DEBUG | Processing pair: CNY 6 -> USD 1 (Forex CNH to USD (Trade ID: 568006379))
2025-05-30 08:55:22,191 | DEBUG | Creating FROM xact_unit: CNY -> USD, rate: 0.16666666666666666
2025-05-30 08:55:22,192 | DEBUG | Creating TO xact_unit: USD -> CNY, rate: 6.0
2025-05-30 08:55:22,192 | DEBUG | Processing pair: EUR 25 -> USD 27 (Forex EUR to USD (Trade ID: 504831659))
2025-05-30 08:55:22,192 | DEBUG | Creating FROM xact_unit: EUR -> USD, rate: 1.08
2025-05-30 08:55:22,193 | DEBUG | Creating TO xact_unit: USD -> EUR, rate: 0.9259259259259259
2025-05-30 08:55:22,193 | DEBUG | Processing pair: EUR 340 -> USD 372 (Forex EUR to USD (Trade ID: 517083519))
2025-05-30 08:55:22,193 | DEBUG | Creating FROM xact_unit: EUR -> USD, rate: 1.0941176470588236
2025-05-30 08:55:22,194 | DEBUG | Creating TO xact_unit: USD -> EUR, rate: 0.9139784946236559
2025-05-30 08:55:22,194 | DEBUG | Processing pair: EUR 331 -> USD 360 (Forex EUR to USD (Trade ID: 545298972))
2025-05-30 08:55:22,195 | DEBUG | Creating FROM xact_unit: EUR -> USD, rate: 1.0876132930513596
2025-05-30 08:55:22,195 | DEBUG | Creating TO xact_unit: USD -> EUR, rate: 0.9194444444444444
2025-05-30 08:55:22,195 | DEBUG | Processing pair: EUR 19000 -> USD 20294 (Forex EUR to USD (Trade ID: 567164401))
2025-05-30 08:55:22,196 | DEBUG | Creating FROM xact_unit: EUR -> USD, rate: 1.0681052631578947
2025-05-30 08:55:22,196 | DEBUG | Creating TO xact_unit: USD -> EUR, rate: 0.9362373115206465
2025-05-30 08:55:22,196 | DEBUG | Processing pair: EUR 15 -> USD 16 (Forex EUR to USD (Trade ID: 567164716))
2025-05-30 08:55:22,197 | DEBUG | Creating FROM xact_unit: EUR -> USD, rate: 1.0666666666666667
2025-05-30 08:55:22,197 | DEBUG | Creating TO xact_unit: USD -> EUR, rate: 0.9375
2025-05-30 08:55:22,198 | DEBUG | Processing pair: EUR 35 -> USD 38 (Forex EUR to USD (Trade ID: 593931379))
2025-05-30 08:55:22,198 | DEBUG | Creating FROM xact_unit: EUR -> USD, rate: 1.0857142857142856
2025-05-30 08:55:22,198 | DEBUG | Creating TO xact_unit: USD -> EUR, rate: 0.9210526315789473
2025-05-30 08:55:22,199 | DEBUG | Processing pair: EUR 388 -> USD 413 (Forex EUR to USD (Trade ID: 626856048))
2025-05-30 08:55:22,199 | DEBUG | Creating FROM xact_unit: EUR -> USD, rate: 1.0644329896907216
2025-05-30 08:55:22,199 | DEBUG | Creating TO xact_unit: USD -> EUR, rate: 0.9394673123486683
2025-05-30 08:55:22,210 | DEBUG | Processing pair: EUR 32 -> USD 33 (Forex EUR to USD (Trade ID: 643822043))
2025-05-30 08:55:22,211 | DEBUG | Creating FROM xact_unit: EUR -> USD, rate: 1.03125
2025-05-30 08:55:22,212 | DEBUG | Creating TO xact_unit: USD -> EUR, rate: 0.9696969696969697
2025-05-30 08:55:22,212 | DEBUG | Processing pair: EUR 69 -> USD 73 (Forex EUR to USD (Trade ID: 664696682))
2025-05-30 08:55:22,216 | DEBUG | Creating FROM xact_unit: EUR -> USD, rate: 1.0579710144927537
2025-05-30 08:55:22,217 | DEBUG | Creating TO xact_unit: USD -> EUR, rate: 0.9452054794520548
2025-05-30 08:55:22,218 | DEBUG | Processing pair: EUR 84 -> USD 91 (Forex EUR to USD (Trade ID: 675404401))
2025-05-30 08:55:22,219 | DEBUG | Creating FROM xact_unit: EUR -> USD, rate: 1.0833333333333333
2025-05-30 08:55:22,219 | DEBUG | Creating TO xact_unit: USD -> EUR, rate: 0.9230769230769231
2025-05-30 08:55:22,220 | DEBUG | Processing pair: GBX 190 -> USD 240 (Forex GBP to USD (Trade ID: 553277914))
2025-05-30 08:55:22,220 | DEBUG | Creating FROM xact_unit: GBX -> USD, rate: 1.263157894736842
2025-05-30 08:55:22,220 | DEBUG | Creating TO xact_unit: USD -> GBX, rate: 0.7916666666666666
2025-05-30 08:55:22,221 | DEBUG | Processing pair: HKD 1086996 -> EUR 127536 (Forex HKD to EUR (Trade ID: 544627638))
2025-05-30 08:55:22,221 | DEBUG | Creating FROM xact_unit: HKD -> EUR, rate: 0.11732885861585507
2025-05-30 08:55:22,222 | DEBUG | Creating TO xact_unit: EUR -> HKD, rate: 8.523052314640571
2025-05-30 08:55:22,222 | DEBUG | Processing pair: HKD 181981 -> SGD 31300 (Forex HKD to SGD (Trade ID: 246498349))
2025-05-30 08:55:22,222 | DEBUG | Creating FROM xact_unit: HKD -> SGD, rate: 0.17199597760205737
2025-05-30 08:55:22,222 | DEBUG | Creating TO xact_unit: SGD -> HKD, rate: 5.814089456869009
2025-05-30 08:55:22,224 | DEBUG | Processing pair: HKD 217452 -> SGD 37100 (Forex HKD to SGD (Trade ID: 308070791))
2025-05-30 08:55:22,224 | DEBUG | Creating FROM xact_unit: HKD -> SGD, rate: 0.17061236502768426
2025-05-30 08:55:22,225 | DEBUG | Creating TO xact_unit: SGD -> HKD, rate: 5.8612398921832884
2025-05-30 08:55:22,225 | DEBUG | Processing pair: HKD 1561694 -> USD 200000 (Forex HKD to USD (Trade ID: 104027975))
2025-05-30 08:55:22,226 | DEBUG | Creating FROM xact_unit: HKD -> USD, rate: 0.12806606159721431
2025-05-30 08:55:22,226 | DEBUG | Creating TO xact_unit: USD -> HKD, rate: 7.80847
2025-05-30 08:55:22,227 | DEBUG | Processing pair: HKD 783709 -> USD 100000 (Forex HKD to USD (Trade ID: 107149177))
2025-05-30 08:55:22,228 | DEBUG | Creating FROM xact_unit: HKD -> USD, rate: 0.12759838154212852
2025-05-30 08:55:22,228 | DEBUG | Creating TO xact_unit: USD -> HKD, rate: 7.83709
2025-05-30 08:55:22,228 | DEBUG | Processing pair: HKD 784190 -> USD 100000 (Forex HKD to USD (Trade ID: 107861078))
2025-05-30 08:55:22,229 | DEBUG | Creating FROM xact_unit: HKD -> USD, rate: 0.12752011629834606
2025-05-30 08:55:22,229 | DEBUG | Creating TO xact_unit: USD -> HKD, rate: 7.8419
2025-05-30 08:55:22,229 | DEBUG | Processing pair: HKD 1568498 -> USD 200000 (Forex HKD to USD (Trade ID: 109354060))
2025-05-30 08:55:22,230 | DEBUG | Creating FROM xact_unit: HKD -> USD, rate: 0.12751052280589456
2025-05-30 08:55:22,230 | DEBUG | Creating TO xact_unit: USD -> HKD, rate: 7.84249
2025-05-30 08:55:22,230 | DEBUG | Processing pair: HKD 784595 -> USD 100000 (Forex HKD to USD (Trade ID: 109492879))
2025-05-30 08:55:22,231 | DEBUG | Creating FROM xact_unit: HKD -> USD, rate: 0.12745429170463743
2025-05-30 08:55:22,231 | DEBUG | Creating TO xact_unit: USD -> HKD, rate: 7.84595
2025-05-30 08:55:22,231 | DEBUG | Processing pair: HKD 785 -> USD 100 (Forex HKD to USD (Trade ID: 109504663))
2025-05-30 08:55:22,232 | DEBUG | Creating FROM xact_unit: HKD -> USD, rate: 0.12738853503184713
2025-05-30 08:55:22,232 | DEBUG | Creating TO xact_unit: USD -> HKD, rate: 7.85
2025-05-30 08:55:22,233 | DEBUG | Processing pair: HKD 3921750 -> USD 500000 (Forex HKD to USD (Trade ID: 110012158))
2025-05-30 08:55:22,233 | DEBUG | Creating FROM xact_unit: HKD -> USD, rate: 0.12749410339771786
2025-05-30 08:55:22,234 | DEBUG | Creating TO xact_unit: USD -> HKD, rate: 7.8435
2025-05-30 08:55:22,234 | DEBUG | Processing pair: HKD 2351256 -> USD 300000 (Forex HKD to USD (Trade ID: 110071853))
2025-05-30 08:55:22,234 | DEBUG | Creating FROM xact_unit: HKD -> USD, rate: 0.12759138094703426
2025-05-30 08:55:22,235 | DEBUG | Creating TO xact_unit: USD -> HKD, rate: 7.83752
2025-05-30 08:55:22,235 | DEBUG | Processing pair: HKD 3919115 -> USD 500000 (Forex HKD to USD (Trade ID: 110578764))
2025-05-30 08:55:22,235 | DEBUG | Creating FROM xact_unit: HKD -> USD, rate: 0.12757982350607217
2025-05-30 08:55:22,237 | DEBUG | Creating TO xact_unit: USD -> HKD, rate: 7.83823
2025-05-30 08:55:22,237 | DEBUG | Processing pair: HKD 1567650 -> USD 200000 (Forex HKD to USD (Trade ID: 110905992))
2025-05-30 08:55:22,238 | DEBUG | Creating FROM xact_unit: HKD -> USD, rate: 0.12757949797467547
2025-05-30 08:55:22,240 | DEBUG | Creating TO xact_unit: USD -> HKD, rate: 7.83825
2025-05-30 08:55:22,244 | DEBUG | Processing pair: HKD 2348601 -> USD 300000 (Forex HKD to USD (Trade ID: 111274389))
2025-05-30 08:55:22,251 | DEBUG | Creating FROM xact_unit: HKD -> USD, rate: 0.1277356179274385
2025-05-30 08:55:22,252 | DEBUG | Creating TO xact_unit: USD -> HKD, rate: 7.82867
2025-05-30 08:55:22,253 | DEBUG | Processing pair: HKD 9393504 -> USD 1200000 (Forex HKD to USD (Trade ID: 111275402))
2025-05-30 08:55:22,254 | DEBUG | Creating FROM xact_unit: HKD -> USD, rate: 0.12774785639096975
2025-05-30 08:55:22,254 | DEBUG | Creating TO xact_unit: USD -> HKD, rate: 7.82792
2025-05-30 08:55:22,255 | DEBUG | Processing pair: HKD 783820 -> USD 100000 (Forex HKD to USD (Trade ID: 112616636))
2025-05-30 08:55:22,257 | DEBUG | Creating FROM xact_unit: HKD -> USD, rate: 0.12758031180628204
2025-05-30 08:55:22,257 | DEBUG | Creating TO xact_unit: USD -> HKD, rate: 7.8382
2025-05-30 08:55:22,258 | DEBUG | Processing pair: HKD 784358 -> USD 100000 (Forex HKD to USD (Trade ID: 113965886))
2025-05-30 08:55:22,258 | DEBUG | Creating FROM xact_unit: HKD -> USD, rate: 0.1274928030312689
2025-05-30 08:55:22,259 | DEBUG | Creating TO xact_unit: USD -> HKD, rate: 7.84358
2025-05-30 08:55:22,260 | DEBUG | Processing pair: HKD 784345 -> USD 100000 (Forex HKD to USD (Trade ID: 114749680))
2025-05-30 08:55:22,261 | DEBUG | Creating FROM xact_unit: HKD -> USD, rate: 0.1274949161402189
2025-05-30 08:55:22,261 | DEBUG | Creating TO xact_unit: USD -> HKD, rate: 7.84345
2025-05-30 08:55:22,261 | DEBUG | Processing pair: HKD 1567528 -> USD 200000 (Forex HKD to USD (Trade ID: 115237583))
2025-05-30 08:55:22,262 | DEBUG | Creating FROM xact_unit: HKD -> USD, rate: 0.12758942742968546
2025-05-30 08:55:22,262 | DEBUG | Creating TO xact_unit: USD -> HKD, rate: 7.83764
2025-05-30 08:55:22,262 | DEBUG | Processing pair: HKD 783736 -> USD 100000 (Forex HKD to USD (Trade ID: 116105778))
2025-05-30 08:55:22,262 | DEBUG | Creating FROM xact_unit: HKD -> USD, rate: 0.12759398572988864
2025-05-30 08:55:22,263 | DEBUG | Creating TO xact_unit: USD -> HKD, rate: 7.83736
2025-05-30 08:55:22,263 | DEBUG | Processing pair: HKD 782776 -> USD 100000 (Forex HKD to USD (Trade ID: 116847142))
2025-05-30 08:55:22,264 | DEBUG | Creating FROM xact_unit: HKD -> USD, rate: 0.1277504675667113
2025-05-30 08:55:22,264 | DEBUG | Creating TO xact_unit: USD -> HKD, rate: 7.82776
2025-05-30 08:55:22,264 | DEBUG | Processing pair: HKD 10178259 -> USD 1300000 (Forex HKD to USD (Trade ID: 117676174))
2025-05-30 08:55:22,265 | DEBUG | Creating FROM xact_unit: HKD -> USD, rate: 0.12772321867619993
2025-05-30 08:55:22,265 | DEBUG | Creating TO xact_unit: USD -> HKD, rate: 7.82943
2025-05-30 08:55:22,265 | DEBUG | Processing pair: HKD 779140 -> USD 100000 (Forex HKD to USD (Trade ID: 119950648))
2025-05-30 08:55:22,265 | DEBUG | Creating FROM xact_unit: HKD -> USD, rate: 0.12834663860153503
2025-05-30 08:55:22,266 | DEBUG | Creating TO xact_unit: USD -> HKD, rate: 7.7914
2025-05-30 08:55:22,266 | DEBUG | Processing pair: HKD 732490 -> USD 94000 (Forex HKD to USD (Trade ID: 119952235))
2025-05-30 08:55:22,266 | DEBUG | Creating FROM xact_unit: HKD -> USD, rate: 0.1283293969883548
2025-05-30 08:55:22,267 | DEBUG | Creating TO xact_unit: USD -> HKD, rate: 7.792446808510638
2025-05-30 08:55:22,268 | DEBUG | Processing pair: HKD 9397683 -> USD 1206000 (Forex HKD to USD (Trade ID: 119952264))
2025-05-30 08:55:22,268 | DEBUG | Creating FROM xact_unit: HKD -> USD, rate: 0.12832950419800285
2025-05-30 08:55:22,268 | DEBUG | Creating TO xact_unit: USD -> HKD, rate: 7.792440298507462
2025-05-30 08:55:22,269 | DEBUG | Processing pair: HKD 6231280 -> USD 800000 (Forex HKD to USD (Trade ID: 120279027))
2025-05-30 08:55:22,269 | DEBUG | Creating FROM xact_unit: HKD -> USD, rate: 0.1283845373663196
2025-05-30 08:55:22,270 | DEBUG | Creating TO xact_unit: USD -> HKD, rate: 7.7891
2025-05-30 08:55:22,270 | DEBUG | Processing pair: HKD 6990057 -> USD 900000 (Forex HKD to USD (Trade ID: 122480694))
2025-05-30 08:55:22,270 | DEBUG | Creating FROM xact_unit: HKD -> USD, rate: 0.12875431487897737
2025-05-30 08:55:22,271 | DEBUG | Creating TO xact_unit: USD -> HKD, rate: 7.76673
2025-05-30 08:55:22,271 | DEBUG | Processing pair: HKD 777041 -> USD 100000 (Forex HKD to USD (Trade ID: 123899741))
2025-05-30 08:55:22,271 | DEBUG | Creating FROM xact_unit: HKD -> USD, rate: 0.12869333793197527
2025-05-30 08:55:22,272 | DEBUG | Creating TO xact_unit: USD -> HKD, rate: 7.77041
2025-05-30 08:55:22,272 | DEBUG | Processing pair: HKD 6218400 -> USD 800000 (Forex HKD to USD (Trade ID: 124336170))
2025-05-30 08:55:22,272 | DEBUG | Creating FROM xact_unit: HKD -> USD, rate: 0.1286504567091213
2025-05-30 08:55:22,273 | DEBUG | Creating TO xact_unit: USD -> HKD, rate: 7.773
2025-05-30 08:55:22,273 | DEBUG | Processing pair: HKD 3878420 -> USD 499600 (Forex HKD to USD (Trade ID: 126196919))
2025-05-30 08:55:22,273 | DEBUG | Creating FROM xact_unit: HKD -> USD, rate: 0.12881534233012412
2025-05-30 08:55:22,274 | DEBUG | Creating TO xact_unit: USD -> HKD, rate: 7.7630504403522815
2025-05-30 08:55:22,274 | DEBUG | Processing pair: HKD 1553 -> USD 200 (Forex HKD to USD (Trade ID: 126197509))
2025-05-30 08:55:22,274 | DEBUG | Creating FROM xact_unit: HKD -> USD, rate: 0.128783000643915
2025-05-30 08:55:22,275 | DEBUG | Creating TO xact_unit: USD -> HKD, rate: 7.765
2025-05-30 08:55:22,275 | DEBUG | Processing pair: HKD 5435688 -> USD 700200 (Forex HKD to USD (Trade ID: 126197543))
2025-05-30 08:55:22,275 | DEBUG | Creating FROM xact_unit: HKD -> USD, rate: 0.12881534039481296
2025-05-30 08:55:22,275 | DEBUG | Creating TO xact_unit: USD -> HKD, rate: 7.763050556983719
2025-05-30 08:55:22,276 | DEBUG | Processing pair: HKD 2329800 -> USD 300000 (Forex HKD to USD (Trade ID: 126858089))
2025-05-30 08:55:22,276 | DEBUG | Creating FROM xact_unit: HKD -> USD, rate: 0.12876641771825909
2025-05-30 08:55:22,276 | DEBUG | Creating TO xact_unit: USD -> HKD, rate: 7.766
2025-05-30 08:55:22,277 | DEBUG | Processing pair: HKD 3106264 -> USD 400000 (Forex HKD to USD (Trade ID: 127076436))
2025-05-30 08:55:22,277 | DEBUG | Creating FROM xact_unit: HKD -> USD, rate: 0.1287720554337944
2025-05-30 08:55:22,278 | DEBUG | Creating TO xact_unit: USD -> HKD, rate: 7.76566
2025-05-30 08:55:22,278 | DEBUG | Processing pair: HKD 1558706 -> USD 200000 (Forex HKD to USD (Trade ID: 130283195))
2025-05-30 08:55:22,278 | DEBUG | Creating FROM xact_unit: HKD -> USD, rate: 0.12831156099995766
2025-05-30 08:55:22,279 | DEBUG | Creating TO xact_unit: USD -> HKD, rate: 7.79353
2025-05-30 08:55:22,279 | DEBUG | Processing pair: HKD 1942878 -> USD 249700 (Forex HKD to USD (Trade ID: 130795870))
2025-05-30 08:55:22,279 | DEBUG | Creating FROM xact_unit: HKD -> USD, rate: 0.1285206791162389
2025-05-30 08:55:22,280 | DEBUG | Creating TO xact_unit: USD -> HKD, rate: 7.780849018822587
2025-05-30 08:55:22,280 | DEBUG | Processing pair: HKD 1169462 -> USD 150300 (Forex HKD to USD (Trade ID: 130800284))
2025-05-30 08:55:22,280 | DEBUG | Creating FROM xact_unit: HKD -> USD, rate: 0.12852063598475197
2025-05-30 08:55:22,280 | DEBUG | Creating TO xact_unit: USD -> HKD, rate: 7.780851630073187
2025-05-30 08:55:22,281 | DEBUG | Processing pair: HKD 1556702 -> USD 200000 (Forex HKD to USD (Trade ID: 133640081))
2025-05-30 08:55:22,281 | DEBUG | Creating FROM xact_unit: HKD -> USD, rate: 0.12847674121315447
2025-05-30 08:55:22,281 | DEBUG | Creating TO xact_unit: USD -> HKD, rate: 7.78351
2025-05-30 08:55:22,283 | DEBUG | Processing pair: HKD 775160 -> USD 100000 (Forex HKD to USD (Trade ID: 139029592))
2025-05-30 08:55:22,283 | DEBUG | Creating FROM xact_unit: HKD -> USD, rate: 0.12900562464523455
2025-05-30 08:55:22,283 | DEBUG | Creating TO xact_unit: USD -> HKD, rate: 7.7516
2025-05-30 08:55:22,283 | DEBUG | Processing pair: HKD 1550458 -> USD 200000 (Forex HKD to USD (Trade ID: 141076106))
2025-05-30 08:55:22,283 | DEBUG | Creating FROM xact_unit: HKD -> USD, rate: 0.1289941423759947
2025-05-30 08:55:22,283 | DEBUG | Creating TO xact_unit: USD -> HKD, rate: 7.75229
2025-05-30 08:55:22,284 | DEBUG | Processing pair: HKD 2325672 -> USD 300000 (Forex HKD to USD (Trade ID: 141110314))
2025-05-30 08:55:22,284 | DEBUG | Creating FROM xact_unit: HKD -> USD, rate: 0.1289949743557991
2025-05-30 08:55:22,284 | DEBUG | Creating TO xact_unit: USD -> HKD, rate: 7.75224
2025-05-30 08:55:22,284 | DEBUG | Processing pair: HKD 3100200 -> USD 400000 (Forex HKD to USD (Trade ID: 144434463))
2025-05-30 08:55:22,285 | DEBUG | Creating FROM xact_unit: HKD -> USD, rate: 0.12902393393974582
2025-05-30 08:55:22,285 | DEBUG | Creating TO xact_unit: USD -> HKD, rate: 7.7505
2025-05-30 08:55:22,285 | DEBUG | Processing pair: HKD 775275 -> USD 100000 (Forex HKD to USD (Trade ID: 147357696))
2025-05-30 08:55:22,286 | DEBUG | Creating FROM xact_unit: HKD -> USD, rate: 0.12898648866531232
2025-05-30 08:55:22,286 | DEBUG | Creating TO xact_unit: USD -> HKD, rate: 7.75275
2025-05-30 08:55:22,286 | DEBUG | Processing pair: HKD 3870474 -> USD 499300 (Forex HKD to USD (Trade ID: 147965470))
2025-05-30 08:55:22,286 | DEBUG | Creating FROM xact_unit: HKD -> USD, rate: 0.12900228757511353
2025-05-30 08:55:22,288 | DEBUG | Creating TO xact_unit: USD -> HKD, rate: 7.751800520729021
2025-05-30 08:55:22,288 | DEBUG | Processing pair: HKD 775180 -> USD 100000 (Forex HKD to USD (Trade ID: 147966050))
2025-05-30 08:55:22,288 | DEBUG | Creating FROM xact_unit: HKD -> USD, rate: 0.1290022962408731
2025-05-30 08:55:22,288 | DEBUG | Creating TO xact_unit: USD -> HKD, rate: 7.7518
2025-05-30 08:55:22,288 | DEBUG | Processing pair: HKD 1555786 -> USD 200700 (Forex HKD to USD (Trade ID: 147966063))
2025-05-30 08:55:22,288 | DEBUG | Creating FROM xact_unit: HKD -> USD, rate: 0.1290023177994917
2025-05-30 08:55:22,289 | DEBUG | Creating TO xact_unit: USD -> HKD, rate: 7.751798704534131
2025-05-30 08:55:22,289 | DEBUG | Processing pair: HKD 388290 -> USD 50100 (Forex HKD to USD (Trade ID: 162242734))
2025-05-30 08:55:22,289 | DEBUG | Creating FROM xact_unit: HKD -> USD, rate: 0.1290272734296531
2025-05-30 08:55:22,290 | DEBUG | Creating TO xact_unit: USD -> HKD, rate: 7.750299401197605
2025-05-30 08:55:22,290 | DEBUG | Processing pair: HKD 1936800 -> USD 249900 (Forex HKD to USD (Trade ID: 162272850))
2025-05-30 08:55:22,290 | DEBUG | Creating FROM xact_unit: HKD -> USD, rate: 0.1290272614622057
2025-05-30 08:55:22,291 | DEBUG | Creating TO xact_unit: USD -> HKD, rate: 7.750300120048019
2025-05-30 08:55:22,291 | DEBUG | Processing pair: HKD 3100140 -> USD 400000 (Forex HKD to USD (Trade ID: 182597820))
2025-05-30 08:55:22,292 | DEBUG | Creating FROM xact_unit: HKD -> USD, rate: 0.12902643106440354
2025-05-30 08:55:22,292 | DEBUG | Creating TO xact_unit: USD -> HKD, rate: 7.75035
2025-05-30 08:55:22,292 | DEBUG | Processing pair: HKD 1550520 -> USD 200000 (Forex HKD to USD (Trade ID: 241972577))
2025-05-30 08:55:22,293 | DEBUG | Creating FROM xact_unit: HKD -> USD, rate: 0.1289889843407373
2025-05-30 08:55:22,294 | DEBUG | Creating TO xact_unit: USD -> HKD, rate: 7.7526
2025-05-30 08:55:22,294 | DEBUG | Processing pair: HKD 1551916 -> USD 200000 (Forex HKD to USD (Trade ID: 308057955))
2025-05-30 08:55:22,294 | DEBUG | Creating FROM xact_unit: HKD -> USD, rate: 0.12887295446403027
2025-05-30 08:55:22,295 | DEBUG | Creating TO xact_unit: USD -> HKD, rate: 7.75958
2025-05-30 08:55:22,295 | DEBUG | Processing pair: HKD 660069 -> USD 84800 (Forex HKD to USD (Trade ID: 335648426))
2025-05-30 08:55:22,295 | DEBUG | Creating FROM xact_unit: HKD -> USD, rate: 0.12847141738212217
2025-05-30 08:55:22,295 | DEBUG | Creating TO xact_unit: USD -> HKD, rate: 7.783832547169811
2025-05-30 08:55:22,296 | DEBUG | Processing pair: HKD 777090 -> USD 100000 (Forex HKD to USD (Trade ID: 343200771))
2025-05-30 08:55:22,296 | DEBUG | Creating FROM xact_unit: HKD -> USD, rate: 0.12868522307583422
2025-05-30 08:55:22,296 | DEBUG | Creating TO xact_unit: USD -> HKD, rate: 7.7709
2025-05-30 08:55:22,296 | DEBUG | Processing pair: HKD 779830 -> USD 100000 (Forex HKD to USD (Trade ID: 375842785))
2025-05-30 08:55:22,297 | DEBUG | Creating FROM xact_unit: HKD -> USD, rate: 0.12823307643973686
2025-05-30 08:55:22,297 | DEBUG | Creating TO xact_unit: USD -> HKD, rate: 7.7983
2025-05-30 08:55:22,297 | DEBUG | Processing pair: HKD 1857805 -> USD 238200 (Forex HKD to USD (Trade ID: 377245164))
2025-05-30 08:55:22,297 | DEBUG | Creating FROM xact_unit: HKD -> USD, rate: 0.1282158245886947
2025-05-30 08:55:22,298 | DEBUG | Creating TO xact_unit: USD -> HKD, rate: 7.799349286314022
2025-05-30 08:55:22,298 | DEBUG | Processing pair: HKD 2100285 -> USD 269200 (Forex HKD to USD (Trade ID: 385857824))
2025-05-30 08:55:22,298 | DEBUG | Creating FROM xact_unit: HKD -> USD, rate: 0.1281730812723035
2025-05-30 08:55:22,300 | DEBUG | Creating TO xact_unit: USD -> HKD, rate: 7.801950222882615
2025-05-30 08:55:22,300 | DEBUG | Processing pair: HKD 283 -> USD 36 (Forex HKD to USD (Trade ID: 386905429))
2025-05-30 08:55:22,301 | DEBUG | Creating FROM xact_unit: HKD -> USD, rate: 0.127208480565371
2025-05-30 08:55:22,301 | DEBUG | Creating TO xact_unit: USD -> HKD, rate: 7.861111111111111
2025-05-30 08:55:22,301 | DEBUG | Processing pair: HKD 2876161 -> USD 368800 (Forex HKD to USD (Trade ID: 386961032))
2025-05-30 08:55:22,302 | DEBUG | Creating FROM xact_unit: HKD -> USD, rate: 0.12822647967203504
2025-05-30 08:55:22,302 | DEBUG | Creating TO xact_unit: USD -> HKD, rate: 7.798701193058569
2025-05-30 08:55:22,302 | DEBUG | Processing pair: HKD 253 -> USD 32 (Forex HKD to USD (Trade ID: 387391489))
2025-05-30 08:55:22,303 | DEBUG | Creating FROM xact_unit: HKD -> USD, rate: 0.12648221343873517
2025-05-30 08:55:22,303 | DEBUG | Creating TO xact_unit: USD -> HKD, rate: 7.90625
2025-05-30 08:55:22,304 | DEBUG | Processing pair: HKD 200 -> USD 26 (Forex HKD to USD (Trade ID: 389211317))
2025-05-30 08:55:22,304 | DEBUG | Creating FROM xact_unit: HKD -> USD, rate: 0.13
2025-05-30 08:55:22,305 | DEBUG | Creating TO xact_unit: USD -> HKD, rate: 7.6923076923076925
2025-05-30 08:55:22,305 | DEBUG | Processing pair: HKD 1388012 -> USD 178300 (Forex HKD to USD (Trade ID: 394064406))
2025-05-30 08:55:22,306 | DEBUG | Creating FROM xact_unit: HKD -> USD, rate: 0.12845710267634575
2025-05-30 08:55:22,307 | DEBUG | Creating TO xact_unit: USD -> HKD, rate: 7.784699943914751
2025-05-30 08:55:22,307 | DEBUG | Processing pair: HKD 1999889 -> USD 256900 (Forex HKD to USD (Trade ID: 394065386))
2025-05-30 08:55:22,308 | DEBUG | Creating FROM xact_unit: HKD -> USD, rate: 0.12845712937068007
2025-05-30 08:55:22,308 | DEBUG | Creating TO xact_unit: USD -> HKD, rate: 7.784698326196964
2025-05-30 08:55:22,308 | DEBUG | Processing pair: HKD 485 -> USD 62 (Forex HKD to USD (Trade ID: 394784342))
2025-05-30 08:55:22,309 | DEBUG | Creating FROM xact_unit: HKD -> USD, rate: 0.12783505154639174
2025-05-30 08:55:22,309 | DEBUG | Creating TO xact_unit: USD -> HKD, rate: 7.82258064516129
2025-05-30 08:55:22,309 | DEBUG | Processing pair: HKD 111 -> USD 14 (Forex HKD to USD (Trade ID: 394784382))
2025-05-30 08:55:22,310 | DEBUG | Creating FROM xact_unit: HKD -> USD, rate: 0.12612612612612611
2025-05-30 08:55:22,310 | DEBUG | Creating TO xact_unit: USD -> HKD, rate: 7.928571428571429
2025-05-30 08:55:22,310 | DEBUG | Processing pair: HKD 1999744 -> USD 256700 (Forex HKD to USD (Trade ID: 401066075))
2025-05-30 08:55:22,311 | DEBUG | Creating FROM xact_unit: HKD -> USD, rate: 0.1283664309031556
2025-05-30 08:55:22,312 | DEBUG | Creating TO xact_unit: USD -> HKD, rate: 7.790198675496689
2025-05-30 08:55:22,312 | DEBUG | Processing pair: HKD 3000781 -> USD 385200 (Forex HKD to USD (Trade ID: 401113173))
2025-05-30 08:55:22,312 | DEBUG | Creating FROM xact_unit: HKD -> USD, rate: 0.1283665818998454
2025-05-30 08:55:22,313 | DEBUG | Creating TO xact_unit: USD -> HKD, rate: 7.790189511941849
2025-05-30 08:55:22,313 | DEBUG | Processing pair: HKD 784 -> USD 101 (Forex HKD to USD (Trade ID: 402159492))
2025-05-30 08:55:22,314 | DEBUG | Creating FROM xact_unit: HKD -> USD, rate: 0.1288265306122449
2025-05-30 08:55:22,314 | DEBUG | Creating TO xact_unit: USD -> HKD, rate: 7.762376237623762
2025-05-30 08:55:22,314 | DEBUG | Processing pair: HKD 256 -> USD 33 (Forex HKD to USD (Trade ID: 402159558))
2025-05-30 08:55:22,315 | DEBUG | Creating FROM xact_unit: HKD -> USD, rate: 0.12890625
2025-05-30 08:55:22,315 | DEBUG | Creating TO xact_unit: USD -> HKD, rate: 7.757575757575758
2025-05-30 08:55:22,316 | DEBUG | Processing pair: HKD 2499241 -> USD 319500 (Forex HKD to USD (Trade ID: 412467407))
2025-05-30 08:55:22,316 | DEBUG | Creating FROM xact_unit: HKD -> USD, rate: 0.1278388118632817
2025-05-30 08:55:22,316 | DEBUG | Creating TO xact_unit: USD -> HKD, rate: 7.82235054773083
2025-05-30 08:55:22,317 | DEBUG | Processing pair: HKD 759 -> USD 97 (Forex HKD to USD (Trade ID: 413685617))
2025-05-30 08:55:22,317 | DEBUG | Creating FROM xact_unit: HKD -> USD, rate: 0.12779973649538867
2025-05-30 08:55:22,317 | DEBUG | Creating TO xact_unit: USD -> HKD, rate: 7.824742268041237
2025-05-30 08:55:22,317 | DEBUG | Processing pair: HKD 1219694 -> USD 155400 (Forex HKD to USD (Trade ID: 428343763))
2025-05-30 08:55:22,318 | DEBUG | Creating FROM xact_unit: HKD -> USD, rate: 0.12740900586540557
2025-05-30 08:55:22,318 | DEBUG | Creating TO xact_unit: USD -> HKD, rate: 7.848738738738739
2025-05-30 08:55:22,318 | DEBUG | Processing pair: HKD 1740 -> USD 222 (Forex HKD to USD (Trade ID: 429238870))
2025-05-30 08:55:22,318 | DEBUG | Creating FROM xact_unit: HKD -> USD, rate: 0.12758620689655173
2025-05-30 08:55:22,319 | DEBUG | Creating TO xact_unit: USD -> HKD, rate: 7.837837837837838
2025-05-30 08:55:22,319 | DEBUG | Processing pair: HKD 9999758 -> USD 1273900 (Forex HKD to USD (Trade ID: 433149132))
2025-05-30 08:55:22,319 | DEBUG | Creating FROM xact_unit: HKD -> USD, rate: 0.12739308291260648
2025-05-30 08:55:22,319 | DEBUG | Creating TO xact_unit: USD -> HKD, rate: 7.84971975822278
2025-05-30 08:55:22,320 | DEBUG | Processing pair: HKD 1645360 -> USD 209600 (Forex HKD to USD (Trade ID: 438288180))
2025-05-30 08:55:22,320 | DEBUG | Creating FROM xact_unit: HKD -> USD, rate: 0.12738853503184713
2025-05-30 08:55:22,320 | DEBUG | Creating TO xact_unit: USD -> HKD, rate: 7.85
2025-05-30 08:55:22,320 | DEBUG | Processing pair: HKD 2088614 -> USD 266100 (Forex HKD to USD (Trade ID: 445692837))
2025-05-30 08:55:22,321 | DEBUG | Creating FROM xact_unit: HKD -> USD, rate: 0.12740506383659211
2025-05-30 08:55:22,321 | DEBUG | Creating TO xact_unit: USD -> HKD, rate: 7.848981585869974
2025-05-30 08:55:22,321 | DEBUG | Processing pair: HKD 532 -> USD 68 (Forex HKD to USD (Trade ID: 446220169))
2025-05-30 08:55:22,322 | DEBUG | Creating FROM xact_unit: HKD -> USD, rate: 0.12781954887218044
2025-05-30 08:55:22,322 | DEBUG | Creating TO xact_unit: USD -> HKD, rate: 7.823529411764706
2025-05-30 08:55:22,322 | DEBUG | Processing pair: HKD 1000 -> USD 127 (Forex HKD to USD (Trade ID: 447590932))
2025-05-30 08:55:22,323 | DEBUG | Creating FROM xact_unit: HKD -> USD, rate: 0.127
2025-05-30 08:55:22,323 | DEBUG | Creating TO xact_unit: USD -> HKD, rate: 7.874015748031496
2025-05-30 08:55:22,323 | DEBUG | Processing pair: HKD 1064 -> USD 136 (Forex HKD to USD (Trade ID: 448427897))
2025-05-30 08:55:22,323 | DEBUG | Creating FROM xact_unit: HKD -> USD, rate: 0.12781954887218044
2025-05-30 08:55:22,324 | DEBUG | Creating TO xact_unit: USD -> HKD, rate: 7.823529411764706
2025-05-30 08:55:22,324 | DEBUG | Processing pair: HKD 1999525 -> USD 254900 (Forex HKD to USD (Trade ID: 450910816))
2025-05-30 08:55:22,324 | DEBUG | Creating FROM xact_unit: HKD -> USD, rate: 0.12748027656568434
2025-05-30 08:55:22,324 | DEBUG | Creating TO xact_unit: USD -> HKD, rate: 7.844350725774814
2025-05-30 08:55:22,325 | DEBUG | Processing pair: HKD 475 -> USD 61 (Forex HKD to USD (Trade ID: 451474705))
2025-05-30 08:55:22,325 | DEBUG | Creating FROM xact_unit: HKD -> USD, rate: 0.12842105263157894
2025-05-30 08:55:22,325 | DEBUG | Creating TO xact_unit: USD -> HKD, rate: 7.786885245901639
2025-05-30 08:55:22,325 | DEBUG | Processing pair: HKD 1999273 -> USD 254700 (Forex HKD to USD (Trade ID: 455381352))
2025-05-30 08:55:22,326 | DEBUG | Creating FROM xact_unit: HKD -> USD, rate: 0.1273963085581609
2025-05-30 08:55:22,326 | DEBUG | Creating TO xact_unit: USD -> HKD, rate: 7.849521005104044
2025-05-30 08:55:22,326 | DEBUG | Processing pair: HKD 727 -> USD 93 (Forex HKD to USD (Trade ID: 455912818))
2025-05-30 08:55:22,327 | DEBUG | Creating FROM xact_unit: HKD -> USD, rate: 0.1279229711141678
2025-05-30 08:55:22,328 | DEBUG | Creating TO xact_unit: USD -> HKD, rate: 7.817204301075269
2025-05-30 08:55:22,328 | DEBUG | Processing pair: HKD 8022169 -> USD 1022000 (Forex HKD to USD (Trade ID: 456131049))
2025-05-30 08:55:22,328 | DEBUG | Creating FROM xact_unit: HKD -> USD, rate: 0.12739696707960155
2025-05-30 08:55:22,329 | DEBUG | Creating TO xact_unit: USD -> HKD, rate: 7.849480430528375
2025-05-30 08:55:22,329 | DEBUG | Processing pair: HKD 191 -> USD 24 (Forex HKD to USD (Trade ID: 456639758))
2025-05-30 08:55:22,329 | DEBUG | Creating FROM xact_unit: HKD -> USD, rate: 0.1256544502617801
2025-05-30 08:55:22,330 | DEBUG | Creating TO xact_unit: USD -> HKD, rate: 7.958333333333333
2025-05-30 08:55:22,330 | DEBUG | Processing pair: HKD 29043 -> USD 3700 (Forex HKD to USD (Trade ID: 458531592))
2025-05-30 08:55:22,330 | DEBUG | Creating FROM xact_unit: HKD -> USD, rate: 0.1273973074406914
2025-05-30 08:55:22,331 | DEBUG | Creating TO xact_unit: USD -> HKD, rate: 7.849459459459459
2025-05-30 08:55:22,331 | DEBUG | Processing pair: HKD 312446 -> USD 39800 (Forex HKD to USD (Trade ID: 458531595))
2025-05-30 08:55:22,331 | DEBUG | Creating FROM xact_unit: HKD -> USD, rate: 0.12738201161160648
2025-05-30 08:55:22,331 | DEBUG | Creating TO xact_unit: USD -> HKD, rate: 7.850402010050251
2025-05-30 08:55:22,332 | DEBUG | Processing pair: HKD 1799987 -> USD 229300 (Forex HKD to USD (Trade ID: 459062696))
2025-05-30 08:55:22,332 | DEBUG | Creating FROM xact_unit: HKD -> USD, rate: 0.1273898089263978
2025-05-30 08:55:22,332 | DEBUG | Creating TO xact_unit: USD -> HKD, rate: 7.849921500218055
2025-05-30 08:55:22,333 | DEBUG | Processing pair: HKD 13 -> USD 2 (Forex HKD to USD (Trade ID: 459547411))
2025-05-30 08:55:22,333 | DEBUG | Creating FROM xact_unit: HKD -> USD, rate: 0.15384615384615385
2025-05-30 08:55:22,334 | DEBUG | Creating TO xact_unit: USD -> HKD, rate: 6.5
2025-05-30 08:55:22,334 | DEBUG | Processing pair: HKD 9999988 -> USD 1273900 (Forex HKD to USD (Trade ID: 460147036))
2025-05-30 08:55:22,334 | DEBUG | Creating FROM xact_unit: HKD -> USD, rate: 0.12739015286818345
2025-05-30 08:55:22,335 | DEBUG | Creating TO xact_unit: USD -> HKD, rate: 7.84990030614648
2025-05-30 08:55:22,335 | DEBUG | Processing pair: HKD 1480 -> USD 189 (Forex HKD to USD (Trade ID: 460742554))
2025-05-30 08:55:22,335 | DEBUG | Creating FROM xact_unit: HKD -> USD, rate: 0.1277027027027027
2025-05-30 08:55:22,336 | DEBUG | Creating TO xact_unit: USD -> HKD, rate: 7.830687830687831
2025-05-30 08:55:22,336 | DEBUG | Processing pair: HKD 5724866 -> USD 729300 (Forex HKD to USD (Trade ID: 462462538))
2025-05-30 08:55:22,337 | DEBUG | Creating FROM xact_unit: HKD -> USD, rate: 0.12739162803111898
2025-05-30 08:55:22,337 | DEBUG | Creating TO xact_unit: USD -> HKD, rate: 7.849809406279994
2025-05-30 08:55:22,338 | DEBUG | Processing pair: HKD 1799961 -> USD 229300 (Forex HKD to USD (Trade ID: 462462847))
2025-05-30 08:55:22,338 | DEBUG | Creating FROM xact_unit: HKD -> USD, rate: 0.12739164904128478
2025-05-30 08:55:22,338 | DEBUG | Creating TO xact_unit: USD -> HKD, rate: 7.849808111644134
2025-05-30 08:55:22,338 | DEBUG | Processing pair: HKD 39 -> USD 5 (Forex HKD to USD (Trade ID: 463209050))
2025-05-30 08:55:22,339 | DEBUG | Creating FROM xact_unit: HKD -> USD, rate: 0.1282051282051282
2025-05-30 08:55:22,339 | DEBUG | Creating TO xact_unit: USD -> HKD, rate: 7.8
2025-05-30 08:55:22,339 | DEBUG | Processing pair: HKD 5589475 -> USD 712300 (Forex HKD to USD (Trade ID: 485406967))
2025-05-30 08:55:22,340 | DEBUG | Creating FROM xact_unit: HKD -> USD, rate: 0.12743593986912904
2025-05-30 08:55:22,340 | DEBUG | Creating TO xact_unit: USD -> HKD, rate: 7.847079882072161
2025-05-30 08:55:22,340 | DEBUG | Processing pair: HKD 19569300 -> USD 2500000 (Forex HKD to USD (Trade ID: 485454021))
2025-05-30 08:55:22,341 | DEBUG | Creating FROM xact_unit: HKD -> USD, rate: 0.12775112037732572
2025-05-30 08:55:22,341 | DEBUG | Creating TO xact_unit: USD -> HKD, rate: 7.82772
2025-05-30 08:55:22,341 | DEBUG | Processing pair: HKD 525 -> USD 67 (Forex HKD to USD (Trade ID: 485771670))
2025-05-30 08:55:22,342 | DEBUG | Creating FROM xact_unit: HKD -> USD, rate: 0.12761904761904763
2025-05-30 08:55:22,342 | DEBUG | Creating TO xact_unit: USD -> HKD, rate: 7.835820895522388
2025-05-30 08:55:22,342 | DEBUG | Processing pair: HKD 7849610 -> USD 1000000 (Forex HKD to USD (Trade ID: 487998520))
2025-05-30 08:55:22,342 | DEBUG | Creating FROM xact_unit: HKD -> USD, rate: 0.1273948642034445
2025-05-30 08:55:22,343 | DEBUG | Creating TO xact_unit: USD -> HKD, rate: 7.84961
2025-05-30 08:55:22,343 | DEBUG | Processing pair: HKD 3532410 -> USD 450000 (Forex HKD to USD (Trade ID: 492520208))
2025-05-30 08:55:22,343 | DEBUG | Creating FROM xact_unit: HKD -> USD, rate: 0.12739178068231038
2025-05-30 08:55:22,343 | DEBUG | Creating TO xact_unit: USD -> HKD, rate: 7.8498
2025-05-30 08:55:22,344 | DEBUG | Processing pair: HKD 30221730 -> USD 3850000 (Forex HKD to USD (Trade ID: 492520976))
2025-05-30 08:55:22,344 | DEBUG | Creating FROM xact_unit: HKD -> USD, rate: 0.12739178068231038
2025-05-30 08:55:22,345 | DEBUG | Creating TO xact_unit: USD -> HKD, rate: 7.8498
2025-05-30 08:55:22,345 | DEBUG | Processing pair: HKD 4941190 -> USD 629682 (Forex HKD to USD (Trade ID: 493888117))
2025-05-30 08:55:22,345 | DEBUG | Creating FROM xact_unit: HKD -> USD, rate: 0.1274352939271714
2025-05-30 08:55:22,345 | DEBUG | Creating TO xact_unit: USD -> HKD, rate: 7.847119657223805
2025-05-30 08:55:22,346 | DEBUG | Processing pair: HKD 8 -> USD 1 (Forex HKD to USD (Trade ID: 493888118))
2025-05-30 08:55:22,346 | DEBUG | Creating FROM xact_unit: HKD -> USD, rate: 0.125
2025-05-30 08:55:22,347 | DEBUG | Creating TO xact_unit: USD -> HKD, rate: 8.0
2025-05-30 08:55:22,347 | DEBUG | Processing pair: HKD 2 -> USD 1 (Forex HKD to USD (Trade ID: 494303774))
2025-05-30 08:55:22,347 | DEBUG | Creating FROM xact_unit: HKD -> USD, rate: 0.5
2025-05-30 08:55:22,348 | DEBUG | Creating TO xact_unit: USD -> HKD, rate: 2.0
2025-05-30 08:55:22,348 | DEBUG | Processing pair: HKD 999993 -> USD 127388 (Forex HKD to USD (Trade ID: 496056115))
2025-05-30 08:55:22,348 | DEBUG | Creating FROM xact_unit: HKD -> USD, rate: 0.12738889172224205
2025-05-30 08:55:22,349 | DEBUG | Creating TO xact_unit: USD -> HKD, rate: 7.849978019907684
2025-05-30 08:55:22,349 | DEBUG | Processing pair: HKD 7 -> USD 1 (Forex HKD to USD (Trade ID: 496550990))
2025-05-30 08:55:22,349 | DEBUG | Creating FROM xact_unit: HKD -> USD, rate: 0.14285714285714285
2025-05-30 08:55:22,350 | DEBUG | Creating TO xact_unit: USD -> HKD, rate: 7.0
2025-05-30 08:55:22,350 | DEBUG | Processing pair: HKD 785 -> USD 100 (Forex HKD to USD (Trade ID: 498807575))
2025-05-30 08:55:22,351 | DEBUG | Creating FROM xact_unit: HKD -> USD, rate: 0.12738853503184713
2025-05-30 08:55:22,351 | DEBUG | Creating TO xact_unit: USD -> HKD, rate: 7.85
2025-05-30 08:55:22,351 | DEBUG | Processing pair: HKD 6277727 -> USD 799900 (Forex HKD to USD (Trade ID: 498807579))
2025-05-30 08:55:22,351 | DEBUG | Creating FROM xact_unit: HKD -> USD, rate: 0.12741872974087595
2025-05-30 08:55:22,352 | DEBUG | Creating TO xact_unit: USD -> HKD, rate: 7.848139767470934
2025-05-30 08:55:22,352 | DEBUG | Processing pair: HKD 600996 -> USD 76688 (Forex HKD to USD (Trade ID: 504834723))
2025-05-30 08:55:22,352 | DEBUG | Creating FROM xact_unit: HKD -> USD, rate: 0.12760151481873425
2025-05-30 08:55:22,352 | DEBUG | Creating TO xact_unit: USD -> HKD, rate: 7.836897558940121
2025-05-30 08:55:22,353 | DEBUG | Processing pair: HKD 4 -> USD 1 (Forex HKD to USD (Trade ID: 505381805))
2025-05-30 08:55:22,353 | DEBUG | Creating FROM xact_unit: HKD -> USD, rate: 0.25
2025-05-30 08:55:22,353 | DEBUG | Creating TO xact_unit: USD -> HKD, rate: 4.0
2025-05-30 08:55:22,353 | DEBUG | Processing pair: HKD 399999 -> USD 51137 (Forex HKD to USD (Trade ID: 509424401))
2025-05-30 08:55:22,353 | DEBUG | Creating FROM xact_unit: HKD -> USD, rate: 0.12784281960704902
2025-05-30 08:55:22,354 | DEBUG | Creating TO xact_unit: USD -> HKD, rate: 7.8221053249115124
2025-05-30 08:55:22,354 | DEBUG | Processing pair: HKD 6546863 -> USD 837000 (Forex HKD to USD (Trade ID: 509438516))
2025-05-30 08:55:22,354 | DEBUG | Creating FROM xact_unit: HKD -> USD, rate: 0.12784748970613866
2025-05-30 08:55:22,354 | DEBUG | Creating TO xact_unit: USD -> HKD, rate: 7.821819593787335
2025-05-30 08:55:22,355 | DEBUG | Processing pair: HKD 5598801 -> USD 715800 (Forex HKD to USD (Trade ID: 509439544))
2025-05-30 08:55:22,355 | DEBUG | Creating FROM xact_unit: HKD -> USD, rate: 0.1278488019131239
2025-05-30 08:55:22,356 | DEBUG | Creating TO xact_unit: USD -> HKD, rate: 7.821739312657167
2025-05-30 08:55:22,356 | DEBUG | Processing pair: HKD 1 -> USD 1 (Forex HKD to USD (Trade ID: 510010848))
2025-05-30 08:55:22,356 | DEBUG | Creating FROM xact_unit: HKD -> USD, rate: 1.0
2025-05-30 08:55:22,356 | DEBUG | Creating TO xact_unit: USD -> HKD, rate: 1.0
2025-05-30 08:55:22,357 | DEBUG | Processing pair: HKD 1199 -> USD 153 (Forex HKD to USD (Trade ID: 510010914))
2025-05-30 08:55:22,357 | DEBUG | Creating FROM xact_unit: HKD -> USD, rate: 0.12760633861551293
2025-05-30 08:55:22,357 | DEBUG | Creating TO xact_unit: USD -> HKD, rate: 7.836601307189542
2025-05-30 08:55:22,358 | DEBUG | Processing pair: HKD 1504493 -> USD 192444 (Forex HKD to USD (Trade ID: 512675015))
2025-05-30 08:55:22,358 | DEBUG | Creating FROM xact_unit: HKD -> USD, rate: 0.12791285835161745
2025-05-30 08:55:22,358 | DEBUG | Creating TO xact_unit: USD -> HKD, rate: 7.817822327534244
2025-05-30 08:55:22,359 | DEBUG | Processing pair: HKD 35 -> USD 4 (Forex HKD to USD (Trade ID: 513191263))
2025-05-30 08:55:22,359 | DEBUG | Creating FROM xact_unit: HKD -> USD, rate: 0.11428571428571428
2025-05-30 08:55:22,359 | DEBUG | Creating TO xact_unit: USD -> HKD, rate: 8.75
2025-05-30 08:55:22,360 | DEBUG | Processing pair: HKD 1031996 -> USD 132195 (Forex HKD to USD (Trade ID: 515928744))
2025-05-30 08:55:22,360 | DEBUG | Creating FROM xact_unit: HKD -> USD, rate: 0.12809642673033617
2025-05-30 08:55:22,360 | DEBUG | Creating TO xact_unit: USD -> HKD, rate: 7.806619009796134
2025-05-30 08:55:22,361 | DEBUG | Processing pair: HKD 399999 -> USD 51230 (Forex HKD to USD (Trade ID: 515932748))
2025-05-30 08:55:22,361 | DEBUG | Creating FROM xact_unit: HKD -> USD, rate: 0.12807532018830048
2025-05-30 08:55:22,361 | DEBUG | Creating TO xact_unit: USD -> HKD, rate: 7.807905524106968
2025-05-30 08:55:22,362 | DEBUG | Processing pair: HKD 1 -> USD 1 (Forex HKD to USD (Trade ID: 516545842))
2025-05-30 08:55:22,362 | DEBUG | Creating FROM xact_unit: HKD -> USD, rate: 1.0
2025-05-30 08:55:22,362 | DEBUG | Creating TO xact_unit: USD -> HKD, rate: 1.0
2025-05-30 08:55:22,362 | DEBUG | Processing pair: HKD 3275 -> USD 419 (Forex HKD to USD (Trade ID: 516545918))
2025-05-30 08:55:22,363 | DEBUG | Creating FROM xact_unit: HKD -> USD, rate: 0.12793893129770992
2025-05-30 08:55:22,363 | DEBUG | Creating TO xact_unit: USD -> HKD, rate: 7.816229116945108
2025-05-30 08:55:22,363 | DEBUG | Processing pair: HKD 1799993 -> USD 230240 (Forex HKD to USD (Trade ID: 517036414))
2025-05-30 08:55:22,363 | DEBUG | Creating FROM xact_unit: HKD -> USD, rate: 0.12791160854514433
2025-05-30 08:55:22,364 | DEBUG | Creating TO xact_unit: USD -> HKD, rate: 7.81789871438499
2025-05-30 08:55:22,364 | DEBUG | Processing pair: HKD 7 -> USD 1 (Forex HKD to USD (Trade ID: 517603444))
2025-05-30 08:55:22,364 | DEBUG | Creating FROM xact_unit: HKD -> USD, rate: 0.14285714285714285
2025-05-30 08:55:22,364 | DEBUG | Creating TO xact_unit: USD -> HKD, rate: 7.0
2025-05-30 08:55:22,364 | DEBUG | Processing pair: HKD 799997 -> USD 101991 (Forex HKD to USD (Trade ID: 519713219))
2025-05-30 08:55:22,365 | DEBUG | Creating FROM xact_unit: HKD -> USD, rate: 0.1274892280846053
2025-05-30 08:55:22,365 | DEBUG | Creating TO xact_unit: USD -> HKD, rate: 7.843799943132237
2025-05-30 08:55:22,365 | DEBUG | Processing pair: HKD 3 -> USD 1 (Forex HKD to USD (Trade ID: 520364422))
2025-05-30 08:55:22,365 | DEBUG | Creating FROM xact_unit: HKD -> USD, rate: 0.3333333333333333
2025-05-30 08:55:22,366 | DEBUG | Creating TO xact_unit: USD -> HKD, rate: 3.0
2025-05-30 08:55:22,366 | DEBUG | Processing pair: HKD 1000000 -> USD 127551 (Forex HKD to USD (Trade ID: 521469101))
2025-05-30 08:55:22,366 | DEBUG | Creating FROM xact_unit: HKD -> USD, rate: 0.127551
2025-05-30 08:55:22,367 | DEBUG | Creating TO xact_unit: USD -> HKD, rate: 7.8400012544002005
2025-05-30 08:55:22,367 | DEBUG | Processing pair: HKD 3005993 -> USD 383464 (Forex HKD to USD (Trade ID: 522146472))
2025-05-30 08:55:22,367 | DEBUG | Creating FROM xact_unit: HKD -> USD, rate: 0.1275664979925103
2025-05-30 08:55:22,368 | DEBUG | Creating TO xact_unit: USD -> HKD, rate: 7.839048776417082
2025-05-30 08:55:22,368 | DEBUG | Processing pair: HKD 1799993 -> USD 229612 (Forex HKD to USD (Trade ID: 522147255))
2025-05-30 08:55:22,368 | DEBUG | Creating FROM xact_unit: HKD -> USD, rate: 0.12756271829946006
2025-05-30 08:55:22,369 | DEBUG | Creating TO xact_unit: USD -> HKD, rate: 7.839281048028849
2025-05-30 08:55:22,369 | DEBUG | Processing pair: HKD 399997 -> USD 51023 (Forex HKD to USD (Trade ID: 522148083))
2025-05-30 08:55:22,369 | DEBUG | Creating FROM xact_unit: HKD -> USD, rate: 0.12755845668842516
2025-05-30 08:55:22,369 | DEBUG | Creating TO xact_unit: USD -> HKD, rate: 7.839542951218078
2025-05-30 08:55:22,370 | DEBUG | Processing pair: HKD 872 -> USD 111 (Forex HKD to USD (Trade ID: 522253408))
2025-05-30 08:55:22,370 | DEBUG | Creating FROM xact_unit: HKD -> USD, rate: 0.12729357798165136
2025-05-30 08:55:22,370 | DEBUG | Creating TO xact_unit: USD -> HKD, rate: 7.8558558558558556
2025-05-30 08:55:22,371 | DEBUG | Processing pair: HKD 2733994 -> USD 349253 (Forex HKD to USD (Trade ID: 522713100))
2025-05-30 08:55:22,371 | DEBUG | Creating FROM xact_unit: HKD -> USD, rate: 0.12774461099768325
2025-05-30 08:55:22,372 | DEBUG | Creating TO xact_unit: USD -> HKD, rate: 7.8281188708472085
2025-05-30 08:55:22,372 | DEBUG | Processing pair: HKD 3 -> USD 1 (Forex HKD to USD (Trade ID: 522757836))
2025-05-30 08:55:22,372 | DEBUG | Creating FROM xact_unit: HKD -> USD, rate: 0.3333333333333333
2025-05-30 08:55:22,373 | DEBUG | Creating TO xact_unit: USD -> HKD, rate: 3.0
2025-05-30 08:55:22,373 | DEBUG | Processing pair: HKD 7 -> USD 1 (Forex HKD to USD (Trade ID: 522757964))
2025-05-30 08:55:22,373 | DEBUG | Creating FROM xact_unit: HKD -> USD, rate: 0.14285714285714285
2025-05-30 08:55:22,374 | DEBUG | Creating TO xact_unit: USD -> HKD, rate: 7.0
2025-05-30 08:55:22,374 | DEBUG | Processing pair: HKD 11699994 -> USD 1494443 (Forex HKD to USD (Trade ID: 523147361))
2025-05-30 08:55:22,374 | DEBUG | Creating FROM xact_unit: HKD -> USD, rate: 0.1277302364428563
2025-05-30 08:55:22,374 | DEBUG | Creating TO xact_unit: USD -> HKD, rate: 7.82899983472103
2025-05-30 08:55:22,375 | DEBUG | Processing pair: HKD 11 -> USD 1 (Forex HKD to USD (Trade ID: 523775301))
2025-05-30 08:55:22,375 | DEBUG | Creating FROM xact_unit: HKD -> USD, rate: 0.09090909090909091
2025-05-30 08:55:22,375 | DEBUG | Creating TO xact_unit: USD -> HKD, rate: 11.0
2025-05-30 08:55:22,375 | DEBUG | Processing pair: HKD 16765158 -> USD 2141300 (Forex HKD to USD (Trade ID: 525745507))
2025-05-30 08:55:22,376 | DEBUG | Creating FROM xact_unit: HKD -> USD, rate: 0.12772322217303292
2025-05-30 08:55:22,376 | DEBUG | Creating TO xact_unit: USD -> HKD, rate: 7.829429785644235
2025-05-30 08:55:22,376 | DEBUG | Processing pair: HKD 1799992 -> USD 229870 (Forex HKD to USD (Trade ID: 525861815))
2025-05-30 08:55:22,377 | DEBUG | Creating FROM xact_unit: HKD -> USD, rate: 0.12770612313832505
2025-05-30 08:55:22,377 | DEBUG | Creating TO xact_unit: USD -> HKD, rate: 7.830478096315309
2025-05-30 08:55:22,377 | DEBUG | Processing pair: HKD 3515 -> USD 449 (Forex HKD to USD (Trade ID: 526346348))
2025-05-30 08:55:22,378 | DEBUG | Creating FROM xact_unit: HKD -> USD, rate: 0.12773826458036985
2025-05-30 08:55:22,378 | DEBUG | Creating TO xact_unit: USD -> HKD, rate: 7.828507795100223
2025-05-30 08:55:22,378 | DEBUG | Processing pair: HKD 8 -> USD 1 (Forex HKD to USD (Trade ID: 526346392))
2025-05-30 08:55:22,379 | DEBUG | Creating FROM xact_unit: HKD -> USD, rate: 0.125
2025-05-30 08:55:22,379 | DEBUG | Creating TO xact_unit: USD -> HKD, rate: 8.0
2025-05-30 08:55:22,379 | DEBUG | Processing pair: HKD 3061 -> USD 391 (Forex HKD to USD (Trade ID: 527026337))
2025-05-30 08:55:22,379 | DEBUG | Creating FROM xact_unit: HKD -> USD, rate: 0.1277360339758249
2025-05-30 08:55:22,380 | DEBUG | Creating TO xact_unit: USD -> HKD, rate: 7.828644501278772
2025-05-30 08:55:22,380 | DEBUG | Processing pair: HKD 199994 -> USD 25558 (Forex HKD to USD (Trade ID: 529657127))
2025-05-30 08:55:22,380 | DEBUG | Creating FROM xact_unit: HKD -> USD, rate: 0.12779383381501444
2025-05-30 08:55:22,381 | DEBUG | Creating TO xact_unit: USD -> HKD, rate: 7.825103685734408
2025-05-30 08:55:22,381 | DEBUG | Processing pair: HKD 6 -> USD 1 (Forex HKD to USD (Trade ID: 530264643))
2025-05-30 08:55:22,382 | DEBUG | Creating FROM xact_unit: HKD -> USD, rate: 0.16666666666666666
2025-05-30 08:55:22,382 | DEBUG | Creating TO xact_unit: USD -> HKD, rate: 6.0
2025-05-30 08:55:22,382 | DEBUG | Processing pair: HKD 400000 -> USD 51112 (Forex HKD to USD (Trade ID: 531754617))
2025-05-30 08:55:22,383 | DEBUG | Creating FROM xact_unit: HKD -> USD, rate: 0.12778
2025-05-30 08:55:22,383 | DEBUG | Creating TO xact_unit: USD -> HKD, rate: 7.825950853028643
2025-05-30 08:55:22,383 | DEBUG | Processing pair: HKD 1799998 -> USD 230431 (Forex HKD to USD (Trade ID: 533242681))
2025-05-30 08:55:22,383 | DEBUG | Creating FROM xact_unit: HKD -> USD, rate: 0.1280173644637383
2025-05-30 08:55:22,384 | DEBUG | Creating TO xact_unit: USD -> HKD, rate: 7.811440301001167
2025-05-30 08:55:22,384 | DEBUG | Processing pair: HKD 2 -> USD 1 (Forex HKD to USD (Trade ID: 533829897))
2025-05-30 08:55:22,384 | DEBUG | Creating FROM xact_unit: HKD -> USD, rate: 0.5
2025-05-30 08:55:22,384 | DEBUG | Creating TO xact_unit: USD -> HKD, rate: 2.0
2025-05-30 08:55:22,384 | DEBUG | Processing pair: HKD 399999 -> USD 51233 (Forex HKD to USD (Trade ID: 539215984))
2025-05-30 08:55:22,385 | DEBUG | Creating FROM xact_unit: HKD -> USD, rate: 0.12808282020705053
2025-05-30 08:55:22,385 | DEBUG | Creating TO xact_unit: USD -> HKD, rate: 7.807448324322214
2025-05-30 08:55:22,385 | DEBUG | Processing pair: HKD 1 -> USD 1 (Forex HKD to USD (Trade ID: 539884267))
2025-05-30 08:55:22,385 | DEBUG | Creating FROM xact_unit: HKD -> USD, rate: 1.0
2025-05-30 08:55:22,386 | DEBUG | Creating TO xact_unit: USD -> HKD, rate: 1.0
2025-05-30 08:55:22,386 | DEBUG | Processing pair: HKD 3606598 -> USD 461200 (Forex HKD to USD (Trade ID: 543703965))
2025-05-30 08:55:22,386 | DEBUG | Creating FROM xact_unit: HKD -> USD, rate: 0.12787674146106665
2025-05-30 08:55:22,387 | DEBUG | Creating TO xact_unit: USD -> HKD, rate: 7.820030355594103
2025-05-30 08:55:22,387 | DEBUG | Processing pair: HKD 2 -> USD 1 (Forex HKD to USD (Trade ID: 544320437))
2025-05-30 08:55:22,387 | DEBUG | Creating FROM xact_unit: HKD -> USD, rate: 0.5
2025-05-30 08:55:22,387 | DEBUG | Creating TO xact_unit: USD -> HKD, rate: 2.0
2025-05-30 08:55:22,387 | DEBUG | Processing pair: HKD 1000492 -> USD 127889 (Forex HKD to USD (Trade ID: 544817885))
2025-05-30 08:55:22,388 | DEBUG | Creating FROM xact_unit: HKD -> USD, rate: 0.12782610955409937
2025-05-30 08:55:22,388 | DEBUG | Creating TO xact_unit: USD -> HKD, rate: 7.823127868698637
2025-05-30 08:55:22,388 | DEBUG | Processing pair: HKD 165 -> USD 21 (Forex HKD to USD (Trade ID: 545581720))
2025-05-30 08:55:22,388 | DEBUG | Creating FROM xact_unit: HKD -> USD, rate: 0.12727272727272726
2025-05-30 08:55:22,389 | DEBUG | Creating TO xact_unit: USD -> HKD, rate: 7.857142857142857
2025-05-30 08:55:22,389 | DEBUG | Processing pair: HKD 38993802 -> USD 4987000 (Forex HKD to USD (Trade ID: 548444319))
2025-05-30 08:55:22,389 | DEBUG | Creating FROM xact_unit: HKD -> USD, rate: 0.12789211988100058
2025-05-30 08:55:22,390 | DEBUG | Creating TO xact_unit: USD -> HKD, rate: 7.819090034088631
2025-05-30 08:55:22,390 | DEBUG | Processing pair: HKD 599999 -> USD 76688 (Forex HKD to USD (Trade ID: 549282310))
2025-05-30 08:55:22,390 | DEBUG | Creating FROM xact_unit: HKD -> USD, rate: 0.1278135463559106
2025-05-30 08:55:22,390 | DEBUG | Creating TO xact_unit: USD -> HKD, rate: 7.823896828708533
2025-05-30 08:55:22,391 | DEBUG | Processing pair: HKD 1799994 -> USD 230208 (Forex HKD to USD (Trade ID: 549603012))
2025-05-30 08:55:22,391 | DEBUG | Creating FROM xact_unit: HKD -> USD, rate: 0.1278937596458655
2025-05-30 08:55:22,392 | DEBUG | Creating TO xact_unit: USD -> HKD, rate: 7.818989783152627
2025-05-30 08:55:22,392 | DEBUG | Processing pair: HKD 1 -> USD 1 (Forex HKD to USD (Trade ID: 549961887))
2025-05-30 08:55:22,393 | DEBUG | Creating FROM xact_unit: HKD -> USD, rate: 1.0
2025-05-30 08:55:22,393 | DEBUG | Creating TO xact_unit: USD -> HKD, rate: 1.0
2025-05-30 08:55:22,393 | DEBUG | Processing pair: HKD 6 -> USD 1 (Forex HKD to USD (Trade ID: 550212331))
2025-05-30 08:55:22,394 | DEBUG | Creating FROM xact_unit: HKD -> USD, rate: 0.16666666666666666
2025-05-30 08:55:22,394 | DEBUG | Creating TO xact_unit: USD -> HKD, rate: 6.0
2025-05-30 08:55:22,394 | DEBUG | Processing pair: HKD 1799994 -> USD 230042 (Forex HKD to USD (Trade ID: 555292307))
2025-05-30 08:55:22,395 | DEBUG | Creating FROM xact_unit: HKD -> USD, rate: 0.12780153711623482
2025-05-30 08:55:22,395 | DEBUG | Creating TO xact_unit: USD -> HKD, rate: 7.824632023717408
2025-05-30 08:55:22,395 | DEBUG | Processing pair: HKD 399995 -> USD 51116 (Forex HKD to USD (Trade ID: 555332836))
2025-05-30 08:55:22,396 | DEBUG | Creating FROM xact_unit: HKD -> USD, rate: 0.12779159739496743
2025-05-30 08:55:22,396 | DEBUG | Creating TO xact_unit: USD -> HKD, rate: 7.825240629157211
2025-05-30 08:55:22,396 | DEBUG | Processing pair: HKD 5805995 -> USD 742056 (Forex HKD to USD (Trade ID: 555489031))
2025-05-30 08:55:22,397 | DEBUG | Creating FROM xact_unit: HKD -> USD, rate: 0.12780858405837414
2025-05-30 08:55:22,397 | DEBUG | Creating TO xact_unit: USD -> HKD, rate: 7.824200599415677
2025-05-30 08:55:22,397 | DEBUG | Processing pair: HKD 5 -> USD 1 (Forex HKD to USD (Trade ID: 556213885))
2025-05-30 08:55:22,397 | DEBUG | Creating FROM xact_unit: HKD -> USD, rate: 0.2
2025-05-30 08:55:22,397 | DEBUG | Creating TO xact_unit: USD -> HKD, rate: 5.0
2025-05-30 08:55:22,398 | DEBUG | Processing pair: HKD 6 -> USD 1 (Forex HKD to USD (Trade ID: 556214083))
2025-05-30 08:55:22,398 | DEBUG | Creating FROM xact_unit: HKD -> USD, rate: 0.16666666666666666
2025-05-30 08:55:22,398 | DEBUG | Creating TO xact_unit: USD -> HKD, rate: 6.0
2025-05-30 08:55:22,398 | DEBUG | Processing pair: HKD 6 -> USD 1 (Forex HKD to USD (Trade ID: 559168569))
2025-05-30 08:55:22,399 | DEBUG | Creating FROM xact_unit: HKD -> USD, rate: 0.16666666666666666
2025-05-30 08:55:22,399 | DEBUG | Creating TO xact_unit: USD -> HKD, rate: 6.0
2025-05-30 08:55:22,399 | DEBUG | Processing pair: HKD 1209994 -> USD 154655 (Forex HKD to USD (Trade ID: 561386160))
2025-05-30 08:55:22,399 | DEBUG | Creating FROM xact_unit: HKD -> USD, rate: 0.12781468337859528
2025-05-30 08:55:22,400 | DEBUG | Creating TO xact_unit: USD -> HKD, rate: 7.823827228346966
2025-05-30 08:55:22,400 | DEBUG | Processing pair: HKD 502 -> USD 64 (Forex HKD to USD (Trade ID: 561833841))
2025-05-30 08:55:22,400 | DEBUG | Creating FROM xact_unit: HKD -> USD, rate: 0.12749003984063745
2025-05-30 08:55:22,401 | DEBUG | Creating TO xact_unit: USD -> HKD, rate: 7.84375
2025-05-30 08:55:22,401 | DEBUG | Processing pair: HKD 1799892 -> USD 229908 (Forex HKD to USD (Trade ID: 562797989))
2025-05-30 08:55:22,401 | DEBUG | Creating FROM xact_unit: HKD -> USD, rate: 0.12773433072651025
2025-05-30 08:55:22,402 | DEBUG | Creating TO xact_unit: USD -> HKD, rate: 7.828748890860692
2025-05-30 08:55:22,402 | DEBUG | Processing pair: HKD 400 -> USD 51 (Forex HKD to USD (Trade ID: 563180837))
2025-05-30 08:55:22,403 | DEBUG | Creating FROM xact_unit: HKD -> USD, rate: 0.1275
2025-05-30 08:55:22,403 | DEBUG | Creating TO xact_unit: USD -> HKD, rate: 7.8431372549019605
2025-05-30 08:55:22,403 | DEBUG | Processing pair: HKD 106 -> USD 14 (Forex HKD to USD (Trade ID: 563479031))
2025-05-30 08:55:22,404 | DEBUG | Creating FROM xact_unit: HKD -> USD, rate: 0.1320754716981132
2025-05-30 08:55:22,404 | DEBUG | Creating TO xact_unit: USD -> HKD, rate: 7.571428571428571
2025-05-30 08:55:22,404 | DEBUG | Processing pair: HKD 2447500 -> USD 312252 (Forex HKD to USD (Trade ID: 564717709))
2025-05-30 08:55:22,405 | DEBUG | Creating FROM xact_unit: HKD -> USD, rate: 0.12757997957099082
2025-05-30 08:55:22,405 | DEBUG | Creating TO xact_unit: USD -> HKD, rate: 7.83822041171874
2025-05-30 08:55:22,405 | DEBUG | Processing pair: HKD 162 -> USD 21 (Forex HKD to USD (Trade ID: 565349436))
2025-05-30 08:55:22,406 | DEBUG | Creating FROM xact_unit: HKD -> USD, rate: 0.12962962962962962
2025-05-30 08:55:22,406 | DEBUG | Creating TO xact_unit: USD -> HKD, rate: 7.714285714285714
2025-05-30 08:55:22,406 | DEBUG | Processing pair: HKD 199999 -> USD 25541 (Forex HKD to USD (Trade ID: 567299532))
2025-05-30 08:55:22,407 | DEBUG | Creating FROM xact_unit: HKD -> USD, rate: 0.12770563852819264
2025-05-30 08:55:22,407 | DEBUG | Creating TO xact_unit: USD -> HKD, rate: 7.830507810970596
2025-05-30 08:55:22,407 | DEBUG | Processing pair: HKD 1 -> USD 1 (Forex HKD to USD (Trade ID: 568006191))
2025-05-30 08:55:22,407 | DEBUG | Creating FROM xact_unit: HKD -> USD, rate: 1.0
2025-05-30 08:55:22,408 | DEBUG | Creating TO xact_unit: USD -> HKD, rate: 1.0
2025-05-30 08:55:22,408 | DEBUG | Processing pair: HKD 2299999 -> USD 294250 (Forex HKD to USD (Trade ID: 569127150))
2025-05-30 08:55:22,408 | DEBUG | Creating FROM xact_unit: HKD -> USD, rate: 0.12793483823253837
2025-05-30 08:55:22,409 | DEBUG | Creating TO xact_unit: USD -> HKD, rate: 7.816479184367035
2025-05-30 08:55:22,409 | DEBUG | Processing pair: HKD 1799994 -> USD 230281 (Forex HKD to USD (Trade ID: 569127345))
2025-05-30 08:55:22,409 | DEBUG | Creating FROM xact_unit: HKD -> USD, rate: 0.12793431533660668
2025-05-30 08:55:22,409 | DEBUG | Creating TO xact_unit: USD -> HKD, rate: 7.816511132051711
2025-05-30 08:55:22,410 | DEBUG | Processing pair: HKD 399998 -> USD 51170 (Forex HKD to USD (Trade ID: 569127365))
2025-05-30 08:55:22,410 | DEBUG | Creating FROM xact_unit: HKD -> USD, rate: 0.12792563962819814
2025-05-30 08:55:22,410 | DEBUG | Creating TO xact_unit: USD -> HKD, rate: 7.81704123509869
2025-05-30 08:55:22,411 | DEBUG | Processing pair: HKD 2 -> USD 1 (Forex HKD to USD (Trade ID: 570103410))
2025-05-30 08:55:22,411 | DEBUG | Creating FROM xact_unit: HKD -> USD, rate: 0.5
2025-05-30 08:55:22,411 | DEBUG | Creating TO xact_unit: USD -> HKD, rate: 2.0
2025-05-30 08:55:22,412 | DEBUG | Processing pair: HKD 6 -> USD 1 (Forex HKD to USD (Trade ID: 570103638))
2025-05-30 08:55:22,412 | DEBUG | Creating FROM xact_unit: HKD -> USD, rate: 0.16666666666666666
2025-05-30 08:55:22,412 | DEBUG | Creating TO xact_unit: USD -> HKD, rate: 6.0
2025-05-30 08:55:22,412 | DEBUG | Processing pair: HKD 421 -> USD 54 (Forex HKD to USD (Trade ID: 570412610))
2025-05-30 08:55:22,413 | DEBUG | Creating FROM xact_unit: HKD -> USD, rate: 0.12826603325415678
2025-05-30 08:55:22,413 | DEBUG | Creating TO xact_unit: USD -> HKD, rate: 7.796296296296297
2025-05-30 08:55:22,413 | DEBUG | Processing pair: HKD 197 -> USD 25 (Forex HKD to USD (Trade ID: 570412798))
2025-05-30 08:55:22,414 | DEBUG | Creating FROM xact_unit: HKD -> USD, rate: 0.12690355329949238
2025-05-30 08:55:22,414 | DEBUG | Creating TO xact_unit: USD -> HKD, rate: 7.88
2025-05-30 08:55:22,414 | DEBUG | Processing pair: HKD 2 -> USD 1 (Forex HKD to USD (Trade ID: 570702931))
2025-05-30 08:55:22,415 | DEBUG | Creating FROM xact_unit: HKD -> USD, rate: 0.5
2025-05-30 08:55:22,415 | DEBUG | Creating TO xact_unit: USD -> HKD, rate: 2.0
2025-05-30 08:55:22,415 | DEBUG | Processing pair: HKD 421 -> USD 54 (Forex HKD to USD (Trade ID: 570703825))
2025-05-30 08:55:22,416 | DEBUG | Creating FROM xact_unit: HKD -> USD, rate: 0.12826603325415678
2025-05-30 08:55:22,416 | DEBUG | Creating TO xact_unit: USD -> HKD, rate: 7.796296296296297
2025-05-30 08:55:22,416 | DEBUG | Processing pair: HKD 1800000 -> USD 230179 (Forex HKD to USD (Trade ID: 577272766))
2025-05-30 08:55:22,417 | DEBUG | Creating FROM xact_unit: HKD -> USD, rate: 0.12787722222222223
2025-05-30 08:55:22,417 | DEBUG | Creating TO xact_unit: USD -> HKD, rate: 7.8200009557778944
2025-05-30 08:55:22,417 | DEBUG | Processing pair: HKD 399999 -> USD 51193 (Forex HKD to USD (Trade ID: 577597511))
2025-05-30 08:55:22,418 | DEBUG | Creating FROM xact_unit: HKD -> USD, rate: 0.12798281995704988
2025-05-30 08:55:22,418 | DEBUG | Creating TO xact_unit: USD -> HKD, rate: 7.8135487273650694
2025-05-30 08:55:22,418 | DEBUG | Processing pair: HKD 1 -> USD 1 (Forex HKD to USD (Trade ID: 577665107))
2025-05-30 08:55:22,418 | DEBUG | Creating FROM xact_unit: HKD -> USD, rate: 1.0
2025-05-30 08:55:22,419 | DEBUG | Creating TO xact_unit: USD -> HKD, rate: 1.0
2025-05-30 08:55:22,419 | DEBUG | Processing pair: HKD 590 -> USD 75 (Forex HKD to USD (Trade ID: 578018367))
2025-05-30 08:55:22,419 | DEBUG | Creating FROM xact_unit: HKD -> USD, rate: 0.1271186440677966
2025-05-30 08:55:22,419 | DEBUG | Creating TO xact_unit: USD -> HKD, rate: 7.866666666666666
2025-05-30 08:55:22,419 | DEBUG | Processing pair: HKD 3199999 -> USD 409859 (Forex HKD to USD (Trade ID: 581041711))
2025-05-30 08:55:22,420 | DEBUG | Creating FROM xact_unit: HKD -> USD, rate: 0.12808097752530548
2025-05-30 08:55:22,420 | DEBUG | Creating TO xact_unit: USD -> HKD, rate: 7.807560648906088
2025-05-30 08:55:22,420 | DEBUG | Processing pair: HKD 1 -> USD 1 (Forex HKD to USD (Trade ID: 581118943))
2025-05-30 08:55:22,421 | DEBUG | Creating FROM xact_unit: HKD -> USD, rate: 1.0
2025-05-30 08:55:22,421 | DEBUG | Creating TO xact_unit: USD -> HKD, rate: 1.0
2025-05-30 08:55:22,421 | DEBUG | Processing pair: HKD 15742995 -> USD 2015942 (Forex HKD to USD (Trade ID: 583365248))
2025-05-30 08:55:22,422 | DEBUG | Creating FROM xact_unit: HKD -> USD, rate: 0.1280532706768947
2025-05-30 08:55:22,422 | DEBUG | Creating TO xact_unit: USD -> HKD, rate: 7.809249968501078
2025-05-30 08:55:22,422 | DEBUG | Processing pair: HKD 5 -> USD 1 (Forex HKD to USD (Trade ID: 583446921))
2025-05-30 08:55:22,422 | DEBUG | Creating FROM xact_unit: HKD -> USD, rate: 0.2
2025-05-30 08:55:22,423 | DEBUG | Creating TO xact_unit: USD -> HKD, rate: 5.0
2025-05-30 08:55:22,423 | DEBUG | Processing pair: HKD 400 -> USD 51 (Forex HKD to USD (Trade ID: 583823123))
2025-05-30 08:55:22,423 | DEBUG | Creating FROM xact_unit: HKD -> USD, rate: 0.1275
2025-05-30 08:55:22,423 | DEBUG | Creating TO xact_unit: USD -> HKD, rate: 7.8431372549019605
2025-05-30 08:55:22,424 | DEBUG | Processing pair: HKD 9399995 -> USD 1203241 (Forex HKD to USD (Trade ID: 584046487))
2025-05-30 08:55:22,425 | DEBUG | Creating FROM xact_unit: HKD -> USD, rate: 0.1280044297895903
2025-05-30 08:55:22,425 | DEBUG | Creating TO xact_unit: USD -> HKD, rate: 7.81222963645687
2025-05-30 08:55:22,425 | DEBUG | Processing pair: HKD 5 -> USD 1 (Forex HKD to USD (Trade ID: 584132473))
2025-05-30 08:55:22,426 | DEBUG | Creating FROM xact_unit: HKD -> USD, rate: 0.2
2025-05-30 08:55:22,426 | DEBUG | Creating TO xact_unit: USD -> HKD, rate: 5.0
2025-05-30 08:55:22,427 | DEBUG | Processing pair: HKD 399995 -> USD 51184 (Forex HKD to USD (Trade ID: 584332821))
2025-05-30 08:55:22,427 | DEBUG | Creating FROM xact_unit: HKD -> USD, rate: 0.127961599519994
2025-05-30 08:55:22,427 | DEBUG | Creating TO xact_unit: USD -> HKD, rate: 7.8148444826508285
2025-05-30 08:55:22,428 | DEBUG | Processing pair: HKD 5 -> USD 1 (Forex HKD to USD (Trade ID: 584461578))
2025-05-30 08:55:22,428 | DEBUG | Creating FROM xact_unit: HKD -> USD, rate: 0.2
2025-05-30 08:55:22,428 | DEBUG | Creating TO xact_unit: USD -> HKD, rate: 5.0
2025-05-30 08:55:22,429 | DEBUG | Processing pair: HKD 5 -> USD 1 (Forex HKD to USD (Trade ID: 584461943))
2025-05-30 08:55:22,429 | DEBUG | Creating FROM xact_unit: HKD -> USD, rate: 0.2
2025-05-30 08:55:22,429 | DEBUG | Creating TO xact_unit: USD -> HKD, rate: 5.0
2025-05-30 08:55:22,429 | DEBUG | Processing pair: HKD 1919 -> USD 246 (Forex HKD to USD (Trade ID: 584818979))
2025-05-30 08:55:22,430 | DEBUG | Creating FROM xact_unit: HKD -> USD, rate: 0.12819176654507555
2025-05-30 08:55:22,430 | DEBUG | Creating TO xact_unit: USD -> HKD, rate: 7.800813008130081
2025-05-30 08:55:22,430 | DEBUG | Processing pair: HKD 905799 -> USD 115948 (Forex HKD to USD (Trade ID: 585165377))
2025-05-30 08:55:22,431 | DEBUG | Creating FROM xact_unit: HKD -> USD, rate: 0.12800632369874554
2025-05-30 08:55:22,431 | DEBUG | Creating TO xact_unit: USD -> HKD, rate: 7.812114051126367
2025-05-30 08:55:22,431 | DEBUG | Processing pair: HKD 1478297 -> USD 189231 (Forex HKD to USD (Trade ID: 585194242))
2025-05-30 08:55:22,432 | DEBUG | Creating FROM xact_unit: HKD -> USD, rate: 0.12800607726322924
2025-05-30 08:55:22,432 | DEBUG | Creating TO xact_unit: USD -> HKD, rate: 7.812129090899482
2025-05-30 08:55:22,432 | DEBUG | Processing pair: HKD 3310993 -> USD 423780 (Forex HKD to USD (Trade ID: 585204289))
2025-05-30 08:55:22,432 | DEBUG | Creating FROM xact_unit: HKD -> USD, rate: 0.12799181393618167
2025-05-30 08:55:22,433 | DEBUG | Creating TO xact_unit: USD -> HKD, rate: 7.8129996696399076
2025-05-30 08:55:22,433 | DEBUG | Processing pair: HKD 61 -> USD 8 (Forex HKD to USD (Trade ID: 585269447))
2025-05-30 08:55:22,433 | DEBUG | Creating FROM xact_unit: HKD -> USD, rate: 0.13114754098360656
2025-05-30 08:55:22,434 | DEBUG | Creating TO xact_unit: USD -> HKD, rate: 7.625
2025-05-30 08:55:22,434 | DEBUG | Processing pair: HKD 44 -> USD 6 (Forex HKD to USD (Trade ID: 586019944))
2025-05-30 08:55:22,434 | DEBUG | Creating FROM xact_unit: HKD -> USD, rate: 0.13636363636363635
2025-05-30 08:55:22,435 | DEBUG | Creating TO xact_unit: USD -> HKD, rate: 7.333333333333333
2025-05-30 08:55:22,435 | DEBUG | Processing pair: HKD 2 -> USD 1 (Forex HKD to USD (Trade ID: 586019978))
2025-05-30 08:55:22,435 | DEBUG | Creating FROM xact_unit: HKD -> USD, rate: 0.5
2025-05-30 08:55:22,436 | DEBUG | Creating TO xact_unit: USD -> HKD, rate: 2.0
2025-05-30 08:55:22,436 | DEBUG | Processing pair: HKD 7 -> USD 1 (Forex HKD to USD (Trade ID: 588576777))
2025-05-30 08:55:22,437 | DEBUG | Creating FROM xact_unit: HKD -> USD, rate: 0.14285714285714285
2025-05-30 08:55:22,437 | DEBUG | Creating TO xact_unit: USD -> HKD, rate: 7.0
2025-05-30 08:55:22,437 | DEBUG | Processing pair: HKD 1976697 -> USD 253131 (Forex HKD to USD (Trade ID: 590123220))
2025-05-30 08:55:22,438 | DEBUG | Creating FROM xact_unit: HKD -> USD, rate: 0.12805756269170238
2025-05-30 08:55:22,438 | DEBUG | Creating TO xact_unit: USD -> HKD, rate: 7.808988231390071
2025-05-30 08:55:22,438 | DEBUG | Processing pair: HKD 2815699 -> USD 360692 (Forex HKD to USD (Trade ID: 591045574))
2025-05-30 08:55:22,439 | DEBUG | Creating FROM xact_unit: HKD -> USD, rate: 0.12810034027074627
2025-05-30 08:55:22,439 | DEBUG | Creating TO xact_unit: USD -> HKD, rate: 7.806380513013873
2025-05-30 08:55:22,439 | DEBUG | Processing pair: HKD 34 -> USD 4 (Forex HKD to USD (Trade ID: 591132248))
2025-05-30 08:55:22,440 | DEBUG | Creating FROM xact_unit: HKD -> USD, rate: 0.11764705882352941
2025-05-30 08:55:22,440 | DEBUG | Creating TO xact_unit: USD -> HKD, rate: 8.5
2025-05-30 08:55:22,440 | DEBUG | Processing pair: HKD 11 -> USD 1 (Forex HKD to USD (Trade ID: 591925542))
2025-05-30 08:55:22,441 | DEBUG | Creating FROM xact_unit: HKD -> USD, rate: 0.09090909090909091
2025-05-30 08:55:22,441 | DEBUG | Creating TO xact_unit: USD -> HKD, rate: 11.0
2025-05-30 08:55:22,441 | DEBUG | Processing pair: HKD 212 -> USD 27 (Forex HKD to USD (Trade ID: 595598554))
2025-05-30 08:55:22,442 | DEBUG | Creating FROM xact_unit: HKD -> USD, rate: 0.12735849056603774
2025-05-30 08:55:22,442 | DEBUG | Creating TO xact_unit: USD -> HKD, rate: 7.851851851851852
2025-05-30 08:55:22,442 | DEBUG | Processing pair: HKD 399998 -> USD 51314 (Forex HKD to USD (Trade ID: 595914346))
2025-05-30 08:55:22,443 | DEBUG | Creating FROM xact_unit: HKD -> USD, rate: 0.12828564142820714
2025-05-30 08:55:22,443 | DEBUG | Creating TO xact_unit: USD -> HKD, rate: 7.795104649803172
2025-05-30 08:55:22,443 | DEBUG | Processing pair: HKD 499 -> USD 64 (Forex HKD to USD (Trade ID: 595914602))
2025-05-30 08:55:22,444 | DEBUG | Creating FROM xact_unit: HKD -> USD, rate: 0.1282565130260521
2025-05-30 08:55:22,444 | DEBUG | Creating TO xact_unit: USD -> HKD, rate: 7.796875
2025-05-30 08:55:22,444 | DEBUG | Processing pair: HKD 1 -> USD 1 (Forex HKD to USD (Trade ID: 596006635))
2025-05-30 08:55:22,445 | DEBUG | Creating FROM xact_unit: HKD -> USD, rate: 1.0
2025-05-30 08:55:22,445 | DEBUG | Creating TO xact_unit: USD -> HKD, rate: 1.0
2025-05-30 08:55:22,445 | DEBUG | Processing pair: HKD 2820394 -> USD 361768 (Forex HKD to USD (Trade ID: 598144198))
2025-05-30 08:55:22,446 | DEBUG | Creating FROM xact_unit: HKD -> USD, rate: 0.12826860360644649
2025-05-30 08:55:22,446 | DEBUG | Creating TO xact_unit: USD -> HKD, rate: 7.796140067667676
2025-05-30 08:55:22,446 | DEBUG | Processing pair: HKD 70 -> USD 9 (Forex HKD to USD (Trade ID: 598508382))
2025-05-30 08:55:22,447 | DEBUG | Creating FROM xact_unit: HKD -> USD, rate: 0.12857142857142856
2025-05-30 08:55:22,447 | DEBUG | Creating TO xact_unit: USD -> HKD, rate: 7.777777777777778
2025-05-30 08:55:22,447 | DEBUG | Processing pair: HKD 2339300 -> USD 300041 (Forex HKD to USD (Trade ID: 602066647))
2025-05-30 08:55:22,448 | DEBUG | Creating FROM xact_unit: HKD -> USD, rate: 0.12826101825332364
2025-05-30 08:55:22,449 | DEBUG | Creating TO xact_unit: USD -> HKD, rate: 7.796601131178739
2025-05-30 08:55:22,449 | DEBUG | Processing pair: HKD 3520793 -> USD 451580 (Forex HKD to USD (Trade ID: 602066665))
2025-05-30 08:55:22,450 | DEBUG | Creating FROM xact_unit: HKD -> USD, rate: 0.1282608775920652
2025-05-30 08:55:22,450 | DEBUG | Creating TO xact_unit: USD -> HKD, rate: 7.796609681562514
2025-05-30 08:55:22,450 | DEBUG | Processing pair: HKD 399994 -> USD 51300 (Forex HKD to USD (Trade ID: 602066693))
2025-05-30 08:55:22,451 | DEBUG | Creating FROM xact_unit: HKD -> USD, rate: 0.1282519237788567
2025-05-30 08:55:22,451 | DEBUG | Creating TO xact_unit: USD -> HKD, rate: 7.797153996101365
2025-05-30 08:55:22,452 | DEBUG | Processing pair: HKD 7 -> USD 1 (Forex HKD to USD (Trade ID: 602068577))
2025-05-30 08:55:22,452 | DEBUG | Creating FROM xact_unit: HKD -> USD, rate: 0.14285714285714285
2025-05-30 08:55:22,452 | DEBUG | Creating TO xact_unit: USD -> HKD, rate: 7.0
2025-05-30 08:55:22,453 | DEBUG | Processing pair: HKD 1999993 -> USD 256455 (Forex HKD to USD (Trade ID: 602479829))
2025-05-30 08:55:22,453 | DEBUG | Creating FROM xact_unit: HKD -> USD, rate: 0.1282279487978208
2025-05-30 08:55:22,453 | DEBUG | Creating TO xact_unit: USD -> HKD, rate: 7.79861184223353
2025-05-30 08:55:22,454 | DEBUG | Processing pair: HKD 7 -> USD 1 (Forex HKD to USD (Trade ID: 602857460))
2025-05-30 08:55:22,454 | DEBUG | Creating FROM xact_unit: HKD -> USD, rate: 0.14285714285714285
2025-05-30 08:55:22,454 | DEBUG | Creating TO xact_unit: USD -> HKD, rate: 7.0
2025-05-30 08:55:22,455 | DEBUG | Processing pair: HKD 57 -> USD 7 (Forex HKD to USD (Trade ID: 602860562))
2025-05-30 08:55:22,455 | DEBUG | Creating FROM xact_unit: HKD -> USD, rate: 0.12280701754385964
2025-05-30 08:55:22,456 | DEBUG | Creating TO xact_unit: USD -> HKD, rate: 8.142857142857142
2025-05-30 08:55:22,456 | DEBUG | Processing pair: HKD 3 -> USD 1 (Forex HKD to USD (Trade ID: 603220185))
2025-05-30 08:55:22,457 | DEBUG | Creating FROM xact_unit: HKD -> USD, rate: 0.3333333333333333
2025-05-30 08:55:22,457 | DEBUG | Creating TO xact_unit: USD -> HKD, rate: 3.0
2025-05-30 08:55:22,458 | DEBUG | Processing pair: HKD 1799897 -> USD 231752 (Forex HKD to USD (Trade ID: 613305416))
2025-05-30 08:55:22,458 | DEBUG | Creating FROM xact_unit: HKD -> USD, rate: 0.128758478957407
2025-05-30 08:55:22,458 | DEBUG | Creating TO xact_unit: USD -> HKD, rate: 7.766478822189237
2025-05-30 08:55:22,459 | DEBUG | Processing pair: HKD 102 -> USD 13 (Forex HKD to USD (Trade ID: 614800267))
2025-05-30 08:55:22,459 | DEBUG | Creating FROM xact_unit: HKD -> USD, rate: 0.12745098039215685
2025-05-30 08:55:22,459 | DEBUG | Creating TO xact_unit: USD -> HKD, rate: 7.846153846153846
2025-05-30 08:55:22,460 | DEBUG | Processing pair: HKD 1617195 -> USD 208315 (Forex HKD to USD (Trade ID: 616681988))
2025-05-30 08:55:22,460 | DEBUG | Creating FROM xact_unit: HKD -> USD, rate: 0.12881254270511597
2025-05-30 08:55:22,460 | DEBUG | Creating TO xact_unit: USD -> HKD, rate: 7.76321916328637
2025-05-30 08:55:22,461 | DEBUG | Processing pair: HKD 94 -> USD 12 (Forex HKD to USD (Trade ID: 616789747))
2025-05-30 08:55:22,461 | DEBUG | Creating FROM xact_unit: HKD -> USD, rate: 0.1276595744680851
2025-05-30 08:55:22,461 | DEBUG | Creating TO xact_unit: USD -> HKD, rate: 7.833333333333333
2025-05-30 08:55:22,462 | DEBUG | Processing pair: HKD 399999 -> USD 51472 (Forex HKD to USD (Trade ID: 617736014))
2025-05-30 08:55:22,462 | DEBUG | Creating FROM xact_unit: HKD -> USD, rate: 0.12868032170080426
2025-05-30 08:55:22,462 | DEBUG | Creating TO xact_unit: USD -> HKD, rate: 7.771195990052845
2025-05-30 08:55:22,462 | DEBUG | Processing pair: HKD 395499 -> USD 50891 (Forex HKD to USD (Trade ID: 617738237))
2025-05-30 08:55:22,463 | DEBUG | Creating FROM xact_unit: HKD -> USD, rate: 0.12867542016541128
2025-05-30 08:55:22,463 | DEBUG | Creating TO xact_unit: USD -> HKD, rate: 7.771492012340099
2025-05-30 08:55:22,463 | DEBUG | Processing pair: HKD 3 -> USD 1 (Forex HKD to USD (Trade ID: 617811204))
2025-05-30 08:55:22,463 | DEBUG | Creating FROM xact_unit: HKD -> USD, rate: 0.3333333333333333
2025-05-30 08:55:22,464 | DEBUG | Creating TO xact_unit: USD -> HKD, rate: 3.0
2025-05-30 08:55:22,464 | DEBUG | Processing pair: HKD 102 -> USD 13 (Forex HKD to USD (Trade ID: 617811426))
2025-05-30 08:55:22,464 | DEBUG | Creating FROM xact_unit: HKD -> USD, rate: 0.12745098039215685
2025-05-30 08:55:22,464 | DEBUG | Creating TO xact_unit: USD -> HKD, rate: 7.846153846153846
2025-05-30 08:55:22,465 | DEBUG | Processing pair: HKD 399998 -> USD 51454 (Forex HKD to USD (Trade ID: 625123269))
2025-05-30 08:55:22,465 | DEBUG | Creating FROM xact_unit: HKD -> USD, rate: 0.12863564317821588
2025-05-30 08:55:22,465 | DEBUG | Creating TO xact_unit: USD -> HKD, rate: 7.77389512963035
2025-05-30 08:55:22,465 | DEBUG | Processing pair: HKD 2 -> USD 1 (Forex HKD to USD (Trade ID: 625546822))
2025-05-30 08:55:22,466 | DEBUG | Creating FROM xact_unit: HKD -> USD, rate: 0.5
2025-05-30 08:55:22,466 | DEBUG | Creating TO xact_unit: USD -> HKD, rate: 2.0
2025-05-30 08:55:22,466 | DEBUG | Processing pair: HKD 399993 -> USD 51407 (Forex HKD to USD (Trade ID: 635978854))
2025-05-30 08:55:22,466 | DEBUG | Creating FROM xact_unit: HKD -> USD, rate: 0.12851974909560918
2025-05-30 08:55:22,466 | DEBUG | Creating TO xact_unit: USD -> HKD, rate: 7.780905324177641
2025-05-30 08:55:22,468 | DEBUG | Processing pair: HKD 382297 -> USD 49122 (Forex HKD to USD (Trade ID: 635980019))
2025-05-30 08:55:22,468 | DEBUG | Creating FROM xact_unit: HKD -> USD, rate: 0.1284917224043087
2025-05-30 08:55:22,468 | DEBUG | Creating TO xact_unit: USD -> HKD, rate: 7.782602499898212
2025-05-30 08:55:22,468 | DEBUG | Processing pair: HKD 3 -> USD 1 (Forex HKD to USD (Trade ID: 636090754))
2025-05-30 08:55:22,469 | DEBUG | Creating FROM xact_unit: HKD -> USD, rate: 0.3333333333333333
2025-05-30 08:55:22,469 | DEBUG | Creating TO xact_unit: USD -> HKD, rate: 3.0
2025-05-30 08:55:22,469 | DEBUG | Processing pair: HKD 1599999 -> USD 205748 (Forex HKD to USD (Trade ID: 637790141))
2025-05-30 08:55:22,470 | DEBUG | Creating FROM xact_unit: HKD -> USD, rate: 0.12859258037036272
2025-05-30 08:55:22,470 | DEBUG | Creating TO xact_unit: USD -> HKD, rate: 7.776498434978712
2025-05-30 08:55:22,470 | DEBUG | Processing pair: HKD 399999 -> USD 51357 (Forex HKD to USD (Trade ID: 649456834))
2025-05-30 08:55:22,471 | DEBUG | Creating FROM xact_unit: HKD -> USD, rate: 0.12839282098205246
2025-05-30 08:55:22,471 | DEBUG | Creating TO xact_unit: USD -> HKD, rate: 7.788597464805187
2025-05-30 08:55:22,471 | DEBUG | Processing pair: HKD 389372 -> USD 49973 (Forex HKD to USD (Trade ID: 649458605))
2025-05-30 08:55:22,472 | DEBUG | Creating FROM xact_unit: HKD -> USD, rate: 0.12834256186885548
2025-05-30 08:55:22,472 | DEBUG | Creating TO xact_unit: USD -> HKD, rate: 7.791647489644408
2025-05-30 08:55:22,472 | DEBUG | Processing pair: HKD 8 -> USD 1 (Forex HKD to USD (Trade ID: 649542659))
2025-05-30 08:55:22,473 | DEBUG | Creating FROM xact_unit: HKD -> USD, rate: 0.125
2025-05-30 08:55:22,473 | DEBUG | Creating TO xact_unit: USD -> HKD, rate: 8.0
2025-05-30 08:55:22,473 | DEBUG | Processing pair: HKD 799996 -> USD 102727 (Forex HKD to USD (Trade ID: 652299205))
2025-05-30 08:55:22,474 | DEBUG | Creating FROM xact_unit: HKD -> USD, rate: 0.12840939204696022
2025-05-30 08:55:22,474 | DEBUG | Creating TO xact_unit: USD -> HKD, rate: 7.787592356439885
2025-05-30 08:55:22,474 | DEBUG | Processing pair: HKD 5 -> USD 1 (Forex HKD to USD (Trade ID: 653660625))
2025-05-30 08:55:22,474 | DEBUG | Creating FROM xact_unit: HKD -> USD, rate: 0.2
2025-05-30 08:55:22,475 | DEBUG | Creating TO xact_unit: USD -> HKD, rate: 5.0
2025-05-30 08:55:22,475 | DEBUG | Processing pair: HKD 44300797 -> USD 5688662 (Forex HKD to USD (Trade ID: 655812868))
2025-05-30 08:55:22,475 | DEBUG | Creating FROM xact_unit: HKD -> USD, rate: 0.12840992454379546
2025-05-30 08:55:22,475 | DEBUG | Creating TO xact_unit: USD -> HKD, rate: 7.7875600624540535
2025-05-30 08:55:22,475 | DEBUG | Processing pair: HKD 67 -> USD 9 (Forex HKD to USD (Trade ID: 656102161))
2025-05-30 08:55:22,476 | DEBUG | Creating FROM xact_unit: HKD -> USD, rate: 0.13432835820895522
2025-05-30 08:55:22,476 | DEBUG | Creating TO xact_unit: USD -> HKD, rate: 7.444444444444445
2025-05-30 08:55:22,476 | DEBUG | Processing pair: HKD 799919 -> USD 102900 (Forex HKD to USD (Trade ID: 664777122))
2025-05-30 08:55:22,476 | DEBUG | Creating FROM xact_unit: HKD -> USD, rate: 0.12863802459999074
2025-05-30 08:55:22,477 | DEBUG | Creating TO xact_unit: USD -> HKD, rate: 7.773751214771623
2025-05-30 08:55:22,477 | DEBUG | Processing pair: HKD 78 -> USD 10 (Forex HKD to USD (Trade ID: 664777127))
2025-05-30 08:55:22,478 | DEBUG | Creating FROM xact_unit: HKD -> USD, rate: 0.1282051282051282
2025-05-30 08:55:22,478 | DEBUG | Creating TO xact_unit: USD -> HKD, rate: 7.8
2025-05-30 08:55:22,478 | DEBUG | Processing pair: HKD 399996 -> USD 51452 (Forex HKD to USD (Trade ID: 664835959))
2025-05-30 08:55:22,478 | DEBUG | Creating FROM xact_unit: HKD -> USD, rate: 0.12863128631286314
2025-05-30 08:55:22,479 | DEBUG | Creating TO xact_unit: USD -> HKD, rate: 7.774158438933375
2025-05-30 08:55:22,479 | DEBUG | Processing pair: HKD 229161 -> USD 29468 (Forex HKD to USD (Trade ID: 664838212))
2025-05-30 08:55:22,479 | DEBUG | Creating FROM xact_unit: HKD -> USD, rate: 0.1285908160638154
2025-05-30 08:55:22,480 | DEBUG | Creating TO xact_unit: USD -> HKD, rate: 7.776605130989548
2025-05-30 08:55:22,480 | DEBUG | Processing pair: HKD 163532 -> USD 21031 (Forex HKD to USD (Trade ID: 664843506))
2025-05-30 08:55:22,480 | DEBUG | Creating FROM xact_unit: HKD -> USD, rate: 0.1286047990607343
2025-05-30 08:55:22,481 | DEBUG | Creating TO xact_unit: USD -> HKD, rate: 7.775759592981789
2025-05-30 08:55:22,481 | DEBUG | Processing pair: HKD 3 -> USD 1 (Forex HKD to USD (Trade ID: 665053075))
2025-05-30 08:55:22,481 | DEBUG | Creating FROM xact_unit: HKD -> USD, rate: 0.3333333333333333
2025-05-30 08:55:22,481 | DEBUG | Creating TO xact_unit: USD -> HKD, rate: 3.0
2025-05-30 08:55:22,482 | DEBUG | Processing pair: HKD 2 -> USD 1 (Forex HKD to USD (Trade ID: 665053747))
2025-05-30 08:55:22,482 | DEBUG | Creating FROM xact_unit: HKD -> USD, rate: 0.5
2025-05-30 08:55:22,482 | DEBUG | Creating TO xact_unit: USD -> HKD, rate: 2.0
2025-05-30 08:55:22,483 | DEBUG | Processing pair: HKD 3 -> USD 1 (Forex HKD to USD (Trade ID: 666458676))
2025-05-30 08:55:22,483 | DEBUG | Creating FROM xact_unit: HKD -> USD, rate: 0.3333333333333333
2025-05-30 08:55:22,483 | DEBUG | Creating TO xact_unit: USD -> HKD, rate: 3.0
2025-05-30 08:55:22,484 | DEBUG | Processing pair: HKD 399996 -> USD 51461 (Forex HKD to USD (Trade ID: 669540254))
2025-05-30 08:55:22,484 | DEBUG | Creating FROM xact_unit: HKD -> USD, rate: 0.12865378653786538
2025-05-30 08:55:22,484 | DEBUG | Creating TO xact_unit: USD -> HKD, rate: 7.772798818522765
2025-05-30 08:55:22,484 | DEBUG | Processing pair: HKD 374566 -> USD 48173 (Forex HKD to USD (Trade ID: 669543604))
2025-05-30 08:55:22,485 | DEBUG | Creating FROM xact_unit: HKD -> USD, rate: 0.12861017817954645
2025-05-30 08:55:22,485 | DEBUG | Creating TO xact_unit: USD -> HKD, rate: 7.775434371951093
2025-05-30 08:55:22,485 | DEBUG | Processing pair: HKD 10 -> USD 1 (Forex HKD to USD (Trade ID: 669705602))
2025-05-30 08:55:22,485 | DEBUG | Creating FROM xact_unit: HKD -> USD, rate: 0.1
2025-05-30 08:55:22,485 | DEBUG | Creating TO xact_unit: USD -> HKD, rate: 10.0
2025-05-30 08:55:22,486 | DEBUG | Processing pair: HKD 6 -> USD 1 (Forex HKD to USD (Trade ID: 669706019))
2025-05-30 08:55:22,486 | DEBUG | Creating FROM xact_unit: HKD -> USD, rate: 0.16666666666666666
2025-05-30 08:55:22,486 | DEBUG | Creating TO xact_unit: USD -> HKD, rate: 6.0
2025-05-30 08:55:22,486 | DEBUG | Processing pair: HKD 3444392 -> USD 443308 (Forex HKD to USD (Trade ID: 670731283))
2025-05-30 08:55:22,487 | DEBUG | Creating FROM xact_unit: HKD -> USD, rate: 0.12870428220713553
2025-05-30 08:55:22,487 | DEBUG | Creating TO xact_unit: USD -> HKD, rate: 7.769749248829257
2025-05-30 08:55:22,488 | DEBUG | Processing pair: HKD 8 -> USD 1 (Forex HKD to USD (Trade ID: 672276502))
2025-05-30 08:55:22,488 | DEBUG | Creating FROM xact_unit: HKD -> USD, rate: 0.125
2025-05-30 08:55:22,488 | DEBUG | Creating TO xact_unit: USD -> HKD, rate: 8.0
2025-05-30 08:55:22,488 | DEBUG | Processing pair: HKD 2000000 -> USD 257385 (Forex HKD to USD (Trade ID: 674380481))
2025-05-30 08:55:22,489 | DEBUG | Creating FROM xact_unit: HKD -> USD, rate: 0.1286925
2025-05-30 08:55:22,489 | DEBUG | Creating TO xact_unit: USD -> HKD, rate: 7.770460594051713
2025-05-30 08:55:22,489 | DEBUG | Processing pair: HKD 98530 -> USD 12675 (Forex HKD to USD (Trade ID: 680646332))
2025-05-30 08:55:22,490 | DEBUG | Creating FROM xact_unit: HKD -> USD, rate: 0.12864102303866842
2025-05-30 08:55:22,490 | DEBUG | Creating TO xact_unit: USD -> HKD, rate: 7.7735700197238655
2025-05-30 08:55:22,490 | DEBUG | Processing pair: HKD 2401464 -> USD 308916 (Forex HKD to USD (Trade ID: 680646337))
2025-05-30 08:55:22,490 | DEBUG | Creating FROM xact_unit: HKD -> USD, rate: 0.12863653171565345
2025-05-30 08:55:22,491 | DEBUG | Creating TO xact_unit: USD -> HKD, rate: 7.7738414326224605
2025-05-30 08:55:22,491 | DEBUG | Processing pair: PLN 479 -> USD 120 (Forex PLN to USD (Trade ID: 561833757))
2025-05-30 08:55:22,491 | DEBUG | Creating FROM xact_unit: PLN -> USD, rate: 0.25052192066805845
2025-05-30 08:55:22,492 | DEBUG | Creating TO xact_unit: USD -> PLN, rate: 3.9916666666666667
2025-05-30 08:55:22,492 | DEBUG | Processing pair: PLN 272439 -> USD 67200 (Forex PLN to USD (Trade ID: 567162622))
2025-05-30 08:55:22,492 | DEBUG | Creating FROM xact_unit: PLN -> USD, rate: 0.24666072038144318
2025-05-30 08:55:22,493 | DEBUG | Creating TO xact_unit: USD -> PLN, rate: 4.054151785714286
2025-05-30 08:55:22,493 | DEBUG | Processing pair: PLN 141 -> USD 35 (Forex PLN to USD (Trade ID: 568006381))
2025-05-30 08:55:22,493 | DEBUG | Creating FROM xact_unit: PLN -> USD, rate: 0.24822695035460993
2025-05-30 08:55:22,493 | DEBUG | Creating TO xact_unit: USD -> PLN, rate: 4.0285714285714285
2025-05-30 08:55:22,494 | DEBUG | Processing pair: PLN 931906 -> USD 238400 (Forex PLN to USD (Trade ID: 575670811))
2025-05-30 08:55:22,494 | DEBUG | Creating FROM xact_unit: PLN -> USD, rate: 0.2558197929834125
2025-05-30 08:55:22,494 | DEBUG | Creating TO xact_unit: USD -> PLN, rate: 3.909001677852349
2025-05-30 08:55:22,494 | DEBUG | Processing pair: PLN 347950 -> USD 89000 (Forex PLN to USD (Trade ID: 575675948))
2025-05-30 08:55:22,495 | DEBUG | Creating FROM xact_unit: PLN -> USD, rate: 0.25578387699382094
2025-05-30 08:55:22,495 | DEBUG | Creating TO xact_unit: USD -> PLN, rate: 3.9095505617977526
2025-05-30 08:55:22,495 | DEBUG | Processing pair: PLN 109 -> USD 27 (Forex PLN to USD (Trade ID: 576545715))
2025-05-30 08:55:22,496 | DEBUG | Creating FROM xact_unit: PLN -> USD, rate: 0.24770642201834864
2025-05-30 08:55:22,496 | DEBUG | Creating TO xact_unit: USD -> PLN, rate: 4.037037037037037
2025-05-30 08:55:22,496 | DEBUG | Processing pair: PLN 158 -> USD 40 (Forex PLN to USD (Trade ID: 576545749))
2025-05-30 08:55:22,496 | DEBUG | Creating FROM xact_unit: PLN -> USD, rate: 0.25316455696202533
2025-05-30 08:55:22,497 | DEBUG | Creating TO xact_unit: USD -> PLN, rate: 3.95
2025-05-30 08:55:22,497 | DEBUG | Processing pair: PLN 118 -> USD 30 (Forex PLN to USD (Trade ID: 588576922))
2025-05-30 08:55:22,497 | DEBUG | Creating FROM xact_unit: PLN -> USD, rate: 0.2542372881355932
2025-05-30 08:55:22,497 | DEBUG | Creating TO xact_unit: USD -> PLN, rate: 3.933333333333333
2025-05-30 08:55:22,498 | DEBUG | Processing pair: PLN 126 -> USD 32 (Forex PLN to USD (Trade ID: 588577037))
2025-05-30 08:55:22,498 | DEBUG | Creating FROM xact_unit: PLN -> USD, rate: 0.25396825396825395
2025-05-30 08:55:22,498 | DEBUG | Creating TO xact_unit: USD -> PLN, rate: 3.9375
2025-05-30 08:55:22,498 | DEBUG | Processing pair: SEK 625 -> USD 56 (Forex SEK to USD (Trade ID: 531836137))
2025-05-30 08:55:22,499 | DEBUG | Creating FROM xact_unit: SEK -> USD, rate: 0.0896
2025-05-30 08:55:22,499 | DEBUG | Creating TO xact_unit: USD -> SEK, rate: 11.160714285714286
2025-05-30 08:55:22,499 | DEBUG | Processing pair: SEK 46 -> USD 4 (Forex SEK to USD (Trade ID: 578712486))
2025-05-30 08:55:22,499 | DEBUG | Creating FROM xact_unit: SEK -> USD, rate: 0.08695652173913043
2025-05-30 08:55:22,499 | DEBUG | Creating TO xact_unit: USD -> SEK, rate: 11.5
2025-05-30 08:55:22,500 | DEBUG | Processing pair: SEK 403 -> USD 38 (Forex SEK to USD (Trade ID: 592762447))
2025-05-30 08:55:22,500 | DEBUG | Creating FROM xact_unit: SEK -> USD, rate: 0.09429280397022333
2025-05-30 08:55:22,500 | DEBUG | Creating TO xact_unit: USD -> SEK, rate: 10.605263157894736
2025-05-30 08:55:22,501 | DEBUG | Processing pair: SEK 4 -> USD 1 (Forex SEK to USD (Trade ID: 592762543))
2025-05-30 08:55:22,501 | DEBUG | Creating FROM xact_unit: SEK -> USD, rate: 0.25
2025-05-30 08:55:22,501 | DEBUG | Creating TO xact_unit: USD -> SEK, rate: 4.0
2025-05-30 08:55:22,502 | DEBUG | Processing pair: SEK 73 -> USD 7 (Forex SEK to USD (Trade ID: 592769971))
2025-05-30 08:55:22,502 | DEBUG | Creating FROM xact_unit: SEK -> USD, rate: 0.0958904109589041
2025-05-30 08:55:22,502 | DEBUG | Creating TO xact_unit: USD -> SEK, rate: 10.428571428571429
2025-05-30 08:55:22,503 | DEBUG | Processing pair: SEK 1 -> USD 1 (Forex SEK to USD (Trade ID: 632228243))
2025-05-30 08:55:22,503 | DEBUG | Creating FROM xact_unit: SEK -> USD, rate: 1.0
2025-05-30 08:55:22,503 | DEBUG | Creating TO xact_unit: USD -> SEK, rate: 1.0
2025-05-30 08:55:22,504 | DEBUG | Processing pair: SEK 6 -> USD 1 (Forex SEK to USD (Trade ID: 632228278))
2025-05-30 08:55:22,504 | DEBUG | Creating FROM xact_unit: SEK -> USD, rate: 0.16666666666666666
2025-05-30 08:55:22,504 | DEBUG | Creating TO xact_unit: USD -> SEK, rate: 6.0
2025-05-30 08:55:22,504 | DEBUG | Processing pair: SEK 1 -> USD 0 (Forex SEK to USD (Trade ID: 632247780))
2025-05-30 08:55:22,505 | DEBUG | Creating FROM xact_unit: SEK -> USD, rate: 0.0
2025-05-30 08:55:22,505 | DEBUG | Creating TO xact_unit: USD -> SEK, rate: 1
2025-05-30 08:55:22,505 | DEBUG | Processing pair: SEK 1 -> USD 0 (Forex SEK to USD (Trade ID: 632247783))
2025-05-30 08:55:22,505 | DEBUG | Creating FROM xact_unit: SEK -> USD, rate: 0.0
2025-05-30 08:55:22,506 | DEBUG | Creating TO xact_unit: USD -> SEK, rate: 1
2025-05-30 08:55:22,506 | DEBUG | Processing pair: SEK 1 -> USD 0 (Forex SEK to USD (Trade ID: 632700943))
2025-05-30 08:55:22,506 | DEBUG | Creating FROM xact_unit: SEK -> USD, rate: 0.0
2025-05-30 08:55:22,506 | DEBUG | Creating TO xact_unit: USD -> SEK, rate: 1
2025-05-30 08:55:22,507 | DEBUG | Processing pair: SEK 1 -> USD 0 (Forex SEK to USD (Trade ID: 632700949))
2025-05-30 08:55:22,507 | DEBUG | Creating FROM xact_unit: SEK -> USD, rate: 0.0
2025-05-30 08:55:22,507 | DEBUG | Creating TO xact_unit: USD -> SEK, rate: 1
2025-05-30 08:55:22,507 | DEBUG | Processing pair: SEK 1 -> USD 0 (Forex SEK to USD (Trade ID: 633170965))
2025-05-30 08:55:22,508 | DEBUG | Creating FROM xact_unit: SEK -> USD, rate: 0.0
2025-05-30 08:55:22,508 | DEBUG | Creating TO xact_unit: USD -> SEK, rate: 1
2025-05-30 08:55:22,508 | DEBUG | Processing pair: SEK 5 -> USD 1 (Forex SEK to USD (Trade ID: 639960949))
2025-05-30 08:55:22,509 | DEBUG | Creating FROM xact_unit: SEK -> USD, rate: 0.2
2025-05-30 08:55:22,509 | DEBUG | Creating TO xact_unit: USD -> SEK, rate: 5.0
2025-05-30 08:55:22,509 | DEBUG | Processing pair: SEK 5 -> USD 1 (Forex SEK to USD (Trade ID: 639961019))
2025-05-30 08:55:22,509 | DEBUG | Creating FROM xact_unit: SEK -> USD, rate: 0.2
2025-05-30 08:55:22,510 | DEBUG | Creating TO xact_unit: USD -> SEK, rate: 5.0
2025-05-30 08:55:22,510 | DEBUG | Processing pair: SGD 168 -> USD 125 (Forex SGD to USD (Trade ID: 271565617))
2025-05-30 08:55:22,510 | DEBUG | Creating FROM xact_unit: SGD -> USD, rate: 0.7440476190476191
2025-05-30 08:55:22,510 | DEBUG | Creating TO xact_unit: USD -> SGD, rate: 1.344
2025-05-30 08:55:22,510 | DEBUG | Processing pair: SGD 511 -> USD 385 (Forex SGD to USD (Trade ID: 310176409))
2025-05-30 08:55:22,511 | DEBUG | Creating FROM xact_unit: SGD -> USD, rate: 0.7534246575342466
2025-05-30 08:55:22,511 | DEBUG | Creating TO xact_unit: USD -> SGD, rate: 1.3272727272727274
2025-05-30 08:55:22,512 | DEBUG | Processing pair: SGD 204 -> USD 152 (Forex SGD to USD (Trade ID: 344518935))
2025-05-30 08:55:22,512 | DEBUG | Creating FROM xact_unit: SGD -> USD, rate: 0.7450980392156863
2025-05-30 08:55:22,512 | DEBUG | Creating TO xact_unit: USD -> SGD, rate: 1.3421052631578947
2025-05-30 08:55:22,513 | DEBUG | Processing pair: SGD 74499 -> USD 54666 (Forex SGD to USD (Trade ID: 523147459))
2025-05-30 08:55:22,513 | DEBUG | Creating FROM xact_unit: SGD -> USD, rate: 0.7337816614988121
2025-05-30 08:55:22,513 | DEBUG | Creating TO xact_unit: USD -> SGD, rate: 1.362803204917133
2025-05-30 08:55:22,513 | DEBUG | Processing pair: SGD 123 -> USD 90 (Forex SGD to USD (Trade ID: 524003731))
2025-05-30 08:55:22,514 | DEBUG | Creating FROM xact_unit: SGD -> USD, rate: 0.7317073170731707
2025-05-30 08:55:22,514 | DEBUG | Creating TO xact_unit: USD -> SGD, rate: 1.3666666666666667
2025-05-30 08:55:22,514 | DEBUG | Processing pair: SGD 4 -> USD 3 (Forex SGD to USD (Trade ID: 528280319))
2025-05-30 08:55:22,515 | DEBUG | Creating FROM xact_unit: SGD -> USD, rate: 0.75
2025-05-30 08:55:22,515 | DEBUG | Creating TO xact_unit: USD -> SGD, rate: 1.3333333333333333
2025-05-30 08:55:22,515 | DEBUG | Processing pair: SGD 15 -> USD 11 (Forex SGD to USD (Trade ID: 555481495))
2025-05-30 08:55:22,516 | DEBUG | Creating FROM xact_unit: SGD -> USD, rate: 0.7333333333333333
2025-05-30 08:55:22,517 | DEBUG | Creating TO xact_unit: USD -> SGD, rate: 1.3636363636363635
2025-05-30 08:55:22,517 | DEBUG | Processing pair: SGD 82 -> USD 61 (Forex SGD to USD (Trade ID: 562366928))
2025-05-30 08:55:22,517 | DEBUG | Creating FROM xact_unit: SGD -> USD, rate: 0.7439024390243902
2025-05-30 08:55:22,517 | DEBUG | Creating TO xact_unit: USD -> SGD, rate: 1.3442622950819672
2025-05-30 08:55:22,518 | DEBUG | Processing pair: SGD 13 -> USD 10 (Forex SGD to USD (Trade ID: 602069047))
2025-05-30 08:55:22,518 | DEBUG | Creating FROM xact_unit: SGD -> USD, rate: 0.7692307692307693
2025-05-30 08:55:22,518 | DEBUG | Creating TO xact_unit: USD -> SGD, rate: 1.3
2025-05-30 08:55:22,519 | DEBUG | Processing pair: SGD 82 -> USD 64 (Forex SGD to USD (Trade ID: 610788990))
2025-05-30 08:55:22,519 | DEBUG | Creating FROM xact_unit: SGD -> USD, rate: 0.7804878048780488
2025-05-30 08:55:22,519 | DEBUG | Creating TO xact_unit: USD -> SGD, rate: 1.28125
2025-05-30 08:55:22,519 | DEBUG | Processing pair: SGD 33 -> USD 25 (Forex SGD to USD (Trade ID: 619610227))
2025-05-30 08:55:22,520 | DEBUG | Creating FROM xact_unit: SGD -> USD, rate: 0.7575757575757576
2025-05-30 08:55:22,520 | DEBUG | Creating TO xact_unit: USD -> SGD, rate: 1.32
2025-05-30 08:55:22,520 | DEBUG | Processing pair: SGD 18 -> USD 13 (Forex SGD to USD (Trade ID: 667891289))
2025-05-30 08:55:22,521 | DEBUG | Creating FROM xact_unit: SGD -> USD, rate: 0.7222222222222222
2025-05-30 08:55:22,521 | DEBUG | Creating TO xact_unit: USD -> SGD, rate: 1.3846153846153846
2025-05-30 08:55:22,521 | DEBUG | Processing pair: SGD 49 -> USD 37 (Forex SGD to USD (Trade ID: 676564384))
2025-05-30 08:55:22,521 | DEBUG | Creating FROM xact_unit: SGD -> USD, rate: 0.7551020408163265
2025-05-30 08:55:22,522 | DEBUG | Creating TO xact_unit: USD -> SGD, rate: 1.3243243243243243
2025-05-30 08:55:22,522 | DEBUG | Processing pair: TWD 8831 -> USD 272 (Forex TWD to USD (Trade ID: 580102589))
2025-05-30 08:55:22,522 | DEBUG | Creating FROM xact_unit: TWD -> USD, rate: 0.030800588834786546
2025-05-30 08:55:22,522 | DEBUG | Creating TO xact_unit: USD -> TWD, rate: 32.466911764705884
2025-05-30 08:55:22,523 | DEBUG | Processing pair: TWD 1 -> USD 1 (Forex TWD to USD (Trade ID: 591180976))
2025-05-30 08:55:22,523 | DEBUG | Creating FROM xact_unit: TWD -> USD, rate: 1.0
2025-05-30 08:55:22,523 | DEBUG | Creating TO xact_unit: USD -> TWD, rate: 1.0
2025-05-30 08:55:22,524 | DEBUG | Processing pair: TWD 72060 -> USD 2196 (Forex TWD to USD (Trade ID: 592818343))
2025-05-30 08:55:22,524 | DEBUG | Creating FROM xact_unit: TWD -> USD, rate: 0.03047460449625312
2025-05-30 08:55:22,524 | DEBUG | Creating TO xact_unit: USD -> TWD, rate: 32.814207650273225
2025-05-30 08:55:22,525 | DEBUG | Processing pair: TWD 1 -> USD 1 (Forex TWD to USD (Trade ID: 612794380))
2025-05-30 08:55:22,525 | DEBUG | Creating FROM xact_unit: TWD -> USD, rate: 1.0
2025-05-30 08:55:22,525 | DEBUG | Creating TO xact_unit: USD -> TWD, rate: 1.0
2025-05-30 08:55:22,525 | DEBUG | Processing pair: TWD 1 -> USD 0 (Forex TWD to USD (Trade ID: 650135246))
2025-05-30 08:55:22,526 | DEBUG | Creating FROM xact_unit: TWD -> USD, rate: 0.0
2025-05-30 08:55:22,526 | DEBUG | Creating TO xact_unit: USD -> TWD, rate: 1
2025-05-30 08:55:22,526 | DEBUG | Processing pair: TWD 68706 -> USD 2075 (Forex TWD to USD (Trade ID: 655159597))
2025-05-30 08:55:22,527 | DEBUG | Creating FROM xact_unit: TWD -> USD, rate: 0.030201146915844322
2025-05-30 08:55:22,527 | DEBUG | Creating TO xact_unit: USD -> TWD, rate: 33.11132530120482
2025-05-30 08:55:22,527 | DEBUG | Processing pair: TWD 4232265 -> USD 128488 (Forex TWD to USD (Trade ID: 670421968))
2025-05-30 08:55:22,528 | DEBUG | Creating FROM xact_unit: TWD -> USD, rate: 0.030359157566929293
2025-05-30 08:55:22,528 | DEBUG | Creating TO xact_unit: USD -> TWD, rate: 32.93899041155594
2025-05-30 08:55:22,528 | DEBUG | Processing pair: TWD 1 -> USD 1 (Forex TWD to USD (Trade ID: 671107356))
2025-05-30 08:55:22,528 | DEBUG | Creating FROM xact_unit: TWD -> USD, rate: 1.0
2025-05-30 08:55:22,529 | DEBUG | Creating TO xact_unit: USD -> TWD, rate: 1.0
2025-05-30 08:55:22,529 | DEBUG | Processing pair: USD 48680 -> AUD 74100 (Forex USD to AUD (Trade ID: 535478966))
2025-05-30 08:55:22,529 | DEBUG | Creating FROM xact_unit: USD -> AUD, rate: 1.5221857025472474
2025-05-30 08:55:22,529 | DEBUG | Creating TO xact_unit: AUD -> USD, rate: 0.6569500674763833
2025-05-30 08:55:22,529 | DEBUG | Processing pair: USD 2 -> AUD 3 (Forex USD to AUD (Trade ID: 535478990))
2025-05-30 08:55:22,530 | DEBUG | Creating FROM xact_unit: USD -> AUD, rate: 1.5
2025-05-30 08:55:22,530 | DEBUG | Creating TO xact_unit: AUD -> USD, rate: 0.6666666666666666
2025-05-30 08:55:22,530 | DEBUG | Processing pair: USD 74320 -> AUD 113900 (Forex USD to AUD (Trade ID: 551649826))
2025-05-30 08:55:22,530 | DEBUG | Creating FROM xact_unit: USD -> AUD, rate: 1.532561894510226
2025-05-30 08:55:22,531 | DEBUG | Creating TO xact_unit: AUD -> USD, rate: 0.6525021949078139
2025-05-30 08:55:22,531 | DEBUG | Processing pair: USD 3 -> AUD 5 (Forex USD to AUD (Trade ID: 551649850))
2025-05-30 08:55:22,531 | DEBUG | Creating FROM xact_unit: USD -> AUD, rate: 1.6666666666666667
2025-05-30 08:55:22,531 | DEBUG | Creating TO xact_unit: AUD -> USD, rate: 0.6
2025-05-30 08:55:22,532 | DEBUG | Processing pair: USD 24145 -> EUR 22400 (Forex USD to EUR (Trade ID: 504831453))
2025-05-30 08:55:22,532 | DEBUG | Creating FROM xact_unit: USD -> EUR, rate: 0.927728308138331
2025-05-30 08:55:22,533 | DEBUG | Creating TO xact_unit: EUR -> USD, rate: 1.0779017857142856
2025-05-30 08:55:22,533 | DEBUG | Processing pair: USD 36 -> EUR 33 (Forex USD to EUR (Trade ID: 510275904))
2025-05-30 08:55:22,533 | DEBUG | Creating FROM xact_unit: USD -> EUR, rate: 0.9166666666666666
2025-05-30 08:55:22,534 | DEBUG | Creating TO xact_unit: EUR -> USD, rate: 1.0909090909090908
2025-05-30 08:55:22,534 | DEBUG | Processing pair: USD 220152 -> EUR 201300 (Forex USD to EUR (Trade ID: 544405007))
2025-05-30 08:55:22,534 | DEBUG | Creating FROM xact_unit: USD -> EUR, rate: 0.9143682546604165
2025-05-30 08:55:22,534 | DEBUG | Creating TO xact_unit: EUR -> USD, rate: 1.0936512667660208
2025-05-30 08:55:22,535 | DEBUG | Processing pair: USD 80000 -> EUR 73448 (Forex USD to EUR (Trade ID: 544628209))
2025-05-30 08:55:22,535 | DEBUG | Creating FROM xact_unit: USD -> EUR, rate: 0.9181
2025-05-30 08:55:22,535 | DEBUG | Creating TO xact_unit: EUR -> USD, rate: 1.0892059688487092
2025-05-30 08:55:22,536 | DEBUG | Processing pair: USD 232346 -> EUR 214035 (Forex USD to EUR (Trade ID: 590078377))
2025-05-30 08:55:22,536 | DEBUG | Creating FROM xact_unit: USD -> EUR, rate: 0.9211908102571166
2025-05-30 08:55:22,537 | DEBUG | Creating TO xact_unit: EUR -> USD, rate: 1.085551428504684
2025-05-30 08:55:22,537 | DEBUG | Processing pair: USD 1 -> EUR 1 (Forex USD to EUR (Trade ID: 590188564))
2025-05-30 08:55:22,537 | DEBUG | Creating FROM xact_unit: USD -> EUR, rate: 1.0
2025-05-30 08:55:22,537 | DEBUG | Creating TO xact_unit: EUR -> USD, rate: 1.0
2025-05-30 08:55:22,538 | DEBUG | Processing pair: USD 209864 -> EUR 193200 (Forex USD to EUR (Trade ID: 591048593))
2025-05-30 08:55:22,538 | DEBUG | Creating FROM xact_unit: USD -> EUR, rate: 0.9205961956314566
2025-05-30 08:55:22,538 | DEBUG | Creating TO xact_unit: EUR -> USD, rate: 1.0862525879917184
2025-05-30 08:55:22,539 | DEBUG | Processing pair: USD 163604 -> EUR 149800 (Forex USD to EUR (Trade ID: 593931318))
2025-05-30 08:55:22,539 | DEBUG | Creating FROM xact_unit: USD -> EUR, rate: 0.9156255348279994
2025-05-30 08:55:22,539 | DEBUG | Creating TO xact_unit: EUR -> USD, rate: 1.0921495327102804
2025-05-30 08:55:22,539 | DEBUG | Processing pair: USD 76 -> EUR 70 (Forex USD to EUR (Trade ID: 596337034))
2025-05-30 08:55:22,540 | DEBUG | Creating FROM xact_unit: USD -> EUR, rate: 0.9210526315789473
2025-05-30 08:55:22,540 | DEBUG | Creating TO xact_unit: EUR -> USD, rate: 1.0857142857142856
2025-05-30 08:55:22,540 | DEBUG | Processing pair: USD 145 -> EUR 131 (Forex USD to EUR (Trade ID: 598768266))
2025-05-30 08:55:22,540 | DEBUG | Creating FROM xact_unit: USD -> EUR, rate: 0.903448275862069
2025-05-30 08:55:22,541 | DEBUG | Creating TO xact_unit: EUR -> USD, rate: 1.1068702290076335
2025-05-30 08:55:22,541 | DEBUG | Processing pair: USD 75307 -> EUR 67820 (Forex USD to EUR (Trade ID: 598768277))
2025-05-30 08:55:22,541 | DEBUG | Creating FROM xact_unit: USD -> EUR, rate: 0.9005802913407784
2025-05-30 08:55:22,541 | DEBUG | Creating TO xact_unit: EUR -> USD, rate: 1.1103951636685343
2025-05-30 08:55:22,542 | DEBUG | Processing pair: USD 227 -> EUR 204 (Forex USD to EUR (Trade ID: 598870751))
2025-05-30 08:55:22,542 | DEBUG | Creating FROM xact_unit: USD -> EUR, rate: 0.8986784140969163
2025-05-30 08:55:22,542 | DEBUG | Creating TO xact_unit: EUR -> USD, rate: 1.1127450980392157
2025-05-30 08:55:22,542 | DEBUG | Processing pair: USD 24 -> EUR 22 (Forex USD to EUR (Trade ID: 604042844))
2025-05-30 08:55:22,543 | DEBUG | Creating FROM xact_unit: USD -> EUR, rate: 0.9166666666666666
2025-05-30 08:55:22,543 | DEBUG | Creating TO xact_unit: EUR -> USD, rate: 1.0909090909090908
2025-05-30 08:55:22,543 | DEBUG | Processing pair: USD 186 -> EUR 178 (Forex USD to EUR (Trade ID: 632552176))
2025-05-30 08:55:22,543 | DEBUG | Creating FROM xact_unit: USD -> EUR, rate: 0.956989247311828
2025-05-30 08:55:22,544 | DEBUG | Creating TO xact_unit: EUR -> USD, rate: 1.0449438202247192
2025-05-30 08:55:22,544 | DEBUG | Processing pair: USD 374407 -> EUR 357600 (Forex USD to EUR (Trade ID: 632552188))
2025-05-30 08:55:22,544 | DEBUG | Creating FROM xact_unit: USD -> EUR, rate: 0.9551103478300352
2025-05-30 08:55:22,544 | DEBUG | Creating TO xact_unit: EUR -> USD, rate: 1.0469994407158836
2025-05-30 08:55:22,545 | DEBUG | Processing pair: USD 1127 -> EUR 1074 (Forex USD to EUR (Trade ID: 632689610))
2025-05-30 08:55:22,545 | DEBUG | Creating FROM xact_unit: USD -> EUR, rate: 0.9529724933451642
2025-05-30 08:55:22,545 | DEBUG | Creating TO xact_unit: EUR -> USD, rate: 1.0493482309124766
2025-05-30 08:55:22,546 | DEBUG | Processing pair: USD 313739 -> EUR 297200 (Forex USD to EUR (Trade ID: 635985692))
2025-05-30 08:55:22,546 | DEBUG | Creating FROM xact_unit: USD -> EUR, rate: 0.9472842075738114
2025-05-30 08:55:22,546 | DEBUG | Creating TO xact_unit: EUR -> USD, rate: 1.055649394347241
2025-05-30 08:55:22,547 | DEBUG | Processing pair: USD 16 -> EUR 15 (Forex USD to EUR (Trade ID: 635985846))
2025-05-30 08:55:22,547 | DEBUG | Creating FROM xact_unit: USD -> EUR, rate: 0.9375
2025-05-30 08:55:22,547 | DEBUG | Creating TO xact_unit: EUR -> USD, rate: 1.0666666666666667
2025-05-30 08:55:22,548 | DEBUG | Processing pair: USD 64182 -> EUR 61800 (Forex USD to EUR (Trade ID: 643820983))
2025-05-30 08:55:22,548 | DEBUG | Creating FROM xact_unit: USD -> EUR, rate: 0.9628867906889782
2025-05-30 08:55:22,548 | DEBUG | Creating TO xact_unit: EUR -> USD, rate: 1.0385436893203883
2025-05-30 08:55:22,549 | DEBUG | Processing pair: USD 98365 -> EUR 94700 (Forex USD to EUR (Trade ID: 643820993))
2025-05-30 08:55:22,549 | DEBUG | Creating FROM xact_unit: USD -> EUR, rate: 0.9627408122807909
2025-05-30 08:55:22,549 | DEBUG | Creating TO xact_unit: EUR -> USD, rate: 1.03870116156283
2025-05-30 08:55:22,549 | DEBUG | Processing pair: USD 51935 -> EUR 50000 (Forex USD to EUR (Trade ID: 643820996))
2025-05-30 08:55:22,550 | DEBUG | Creating FROM xact_unit: USD -> EUR, rate: 0.962741888899586
2025-05-30 08:55:22,550 | DEBUG | Creating TO xact_unit: EUR -> USD, rate: 1.0387
2025-05-30 08:55:22,550 | DEBUG | Processing pair: USD 382 -> EUR 370 (Forex USD to EUR (Trade ID: 647135414))
2025-05-30 08:55:22,551 | DEBUG | Creating FROM xact_unit: USD -> EUR, rate: 0.9685863874345549
2025-05-30 08:55:22,551 | DEBUG | Creating TO xact_unit: EUR -> USD, rate: 1.0324324324324323
2025-05-30 08:55:22,551 | DEBUG | Processing pair: USD 266824 -> EUR 254300 (Forex USD to EUR (Trade ID: 664696062))
2025-05-30 08:55:22,552 | DEBUG | Creating FROM xact_unit: USD -> EUR, rate: 0.9530626930111235
2025-05-30 08:55:22,552 | DEBUG | Creating TO xact_unit: EUR -> USD, rate: 1.0492489186000786
2025-05-30 08:55:22,552 | DEBUG | Processing pair: USD 974 -> EUR 900 (Forex USD to EUR (Trade ID: 675403996))
2025-05-30 08:55:22,552 | DEBUG | Creating FROM xact_unit: USD -> EUR, rate: 0.9240246406570842
2025-05-30 08:55:22,552 | DEBUG | Creating TO xact_unit: EUR -> USD, rate: 1.0822222222222222
2025-05-30 08:55:22,553 | DEBUG | Processing pair: USD 128251 -> EUR 115505 (Forex USD to EUR (Trade ID: 680646300))
2025-05-30 08:55:22,553 | DEBUG | Creating FROM xact_unit: USD -> EUR, rate: 0.900616759323514
2025-05-30 08:55:22,553 | DEBUG | Creating TO xact_unit: EUR -> USD, rate: 1.1103502012899875
2025-05-30 08:55:22,553 | DEBUG | Processing pair: USD 249497 -> GBX 197700 (Forex USD to GBP (Trade ID: 551884815))
2025-05-30 08:55:22,554 | DEBUG | Creating FROM xact_unit: USD -> GBX, rate: 0.7923942973262204
2025-05-30 08:55:22,554 | DEBUG | Creating TO xact_unit: GBX -> USD, rate: 1.2619979767324228
2025-05-30 08:55:22,554 | DEBUG | Processing pair: USD 109399 -> GBX 86856 (Forex USD to GBP (Trade ID: 551887195))
2025-05-30 08:55:22,554 | DEBUG | Creating FROM xact_unit: USD -> GBX, rate: 0.7939377873655152
2025-05-30 08:55:22,555 | DEBUG | Creating TO xact_unit: GBX -> USD, rate: 1.2595445334807036
2025-05-30 08:55:22,555 | DEBUG | Processing pair: USD 252210 -> GBX 200000 (Forex USD to GBP (Trade ID: 552450937))
2025-05-30 08:55:22,555 | DEBUG | Creating FROM xact_unit: USD -> GBX, rate: 0.7929899686768962
2025-05-30 08:55:22,555 | DEBUG | Creating TO xact_unit: GBX -> USD, rate: 1.26105
2025-05-30 08:55:22,556 | DEBUG | Processing pair: USD 8 -> GBX 6 (Forex USD to GBP (Trade ID: 552559554))
2025-05-30 08:55:22,556 | DEBUG | Creating FROM xact_unit: USD -> GBX, rate: 0.75
2025-05-30 08:55:22,556 | DEBUG | Creating TO xact_unit: GBX -> USD, rate: 1.3333333333333333
2025-05-30 08:55:22,557 | DEBUG | Processing pair: USD 5713 -> GBX 4500 (Forex USD to GBP (Trade ID: 555292460))
2025-05-30 08:55:22,557 | DEBUG | Creating FROM xact_unit: USD -> GBX, rate: 0.7876772273761596
2025-05-30 08:55:22,557 | DEBUG | Creating TO xact_unit: GBX -> USD, rate: 1.2695555555555555
2025-05-30 08:55:22,558 | DEBUG | Processing pair: USD 37 -> GBX 29 (Forex USD to GBP (Trade ID: 555292565))
2025-05-30 08:55:22,558 | DEBUG | Creating FROM xact_unit: USD -> GBX, rate: 0.7837837837837838
2025-05-30 08:55:22,558 | DEBUG | Creating TO xact_unit: GBX -> USD, rate: 1.2758620689655173
2025-05-30 08:55:22,559 | DEBUG | Processing pair: USD 12 -> GBX 9 (Forex USD to GBP (Trade ID: 556568359))
2025-05-30 08:55:22,559 | DEBUG | Creating FROM xact_unit: USD -> GBX, rate: 0.75
2025-05-30 08:55:22,559 | DEBUG | Creating TO xact_unit: GBX -> USD, rate: 1.3333333333333333
2025-05-30 08:55:22,560 | DEBUG | Processing pair: USD 6 -> GBX 5 (Forex USD to GBP (Trade ID: 563181341))
2025-05-30 08:55:22,560 | DEBUG | Creating FROM xact_unit: USD -> GBX, rate: 0.8333333333333334
2025-05-30 08:55:22,560 | DEBUG | Creating TO xact_unit: GBX -> USD, rate: 1.2
2025-05-30 08:55:22,560 | DEBUG | Processing pair: USD 12 -> HKD 91 (Forex USD to HKD (Trade ID: 109796246))
2025-05-30 08:55:22,561 | DEBUG | Creating FROM xact_unit: USD -> HKD, rate: 7.583333333333333
2025-05-30 08:55:22,561 | DEBUG | Creating TO xact_unit: HKD -> USD, rate: 0.13186813186813187
2025-05-30 08:55:22,561 | DEBUG | Processing pair: USD 50000 -> HKD 387690 (Forex USD to HKD (Trade ID: 228359596))
2025-05-30 08:55:22,562 | DEBUG | Creating FROM xact_unit: USD -> HKD, rate: 7.7538
2025-05-30 08:55:22,562 | DEBUG | Creating TO xact_unit: HKD -> USD, rate: 0.12896902164100182
2025-05-30 08:55:22,562 | DEBUG | Processing pair: USD 300000 -> HKD 2327010 (Forex USD to HKD (Trade ID: 262993888))
2025-05-30 08:55:22,563 | DEBUG | Creating FROM xact_unit: USD -> HKD, rate: 7.7567
2025-05-30 08:55:22,563 | DEBUG | Creating TO xact_unit: HKD -> USD, rate: 0.12892080395013344
2025-05-30 08:55:22,563 | DEBUG | Processing pair: USD 100000 -> HKD 776415 (Forex USD to HKD (Trade ID: 272553513))
2025-05-30 08:55:22,563 | DEBUG | Creating FROM xact_unit: USD -> HKD, rate: 7.76415
2025-05-30 08:55:22,564 | DEBUG | Creating TO xact_unit: HKD -> USD, rate: 0.1287970994893195
2025-05-30 08:55:22,564 | DEBUG | Processing pair: USD 100000 -> HKD 776525 (Forex USD to HKD (Trade ID: 275194691))
2025-05-30 08:55:22,564 | DEBUG | Creating FROM xact_unit: USD -> HKD, rate: 7.76525
2025-05-30 08:55:22,564 | DEBUG | Creating TO xact_unit: HKD -> USD, rate: 0.12877885451208912
2025-05-30 08:55:22,565 | DEBUG | Processing pair: USD 200000 -> HKD 1556100 (Forex USD to HKD (Trade ID: 283982450))
2025-05-30 08:55:22,565 | DEBUG | Creating FROM xact_unit: USD -> HKD, rate: 7.7805
2025-05-30 08:55:22,565 | DEBUG | Creating TO xact_unit: HKD -> USD, rate: 0.128526444315918
2025-05-30 08:55:22,565 | DEBUG | Processing pair: USD 100000 -> HKD 778185 (Forex USD to HKD (Trade ID: 283983207))
2025-05-30 08:55:22,566 | DEBUG | Creating FROM xact_unit: USD -> HKD, rate: 7.78185
2025-05-30 08:55:22,566 | DEBUG | Creating TO xact_unit: HKD -> USD, rate: 0.12850414747135963
2025-05-30 08:55:22,566 | DEBUG | Processing pair: USD 200000 -> HKD 1553250 (Forex USD to HKD (Trade ID: 287194990))
2025-05-30 08:55:22,567 | DEBUG | Creating FROM xact_unit: USD -> HKD, rate: 7.76625
2025-05-30 08:55:22,567 | DEBUG | Creating TO xact_unit: HKD -> USD, rate: 0.12876227265411236
2025-05-30 08:55:22,567 | DEBUG | Processing pair: USD 2243200 -> HKD 17559478 (Forex USD to HKD (Trade ID: 485454172))
2025-05-30 08:55:22,567 | DEBUG | Creating FROM xact_unit: USD -> HKD, rate: 7.827870007132668
2025-05-30 08:55:22,568 | DEBUG | Creating TO xact_unit: HKD -> USD, rate: 0.12774867225551922
2025-05-30 08:55:22,568 | DEBUG | Processing pair: USD 6800 -> HKD 53235 (Forex USD to HKD (Trade ID: 485454174))
2025-05-30 08:55:22,569 | DEBUG | Creating FROM xact_unit: USD -> HKD, rate: 7.828676470588236
2025-05-30 08:55:22,569 | DEBUG | Creating TO xact_unit: HKD -> USD, rate: 0.12773551235089697
2025-05-30 08:55:22,569 | DEBUG | Processing pair: USD 2994894 -> HKD 23379999 (Forex USD to HKD (Trade ID: 515958007))
2025-05-30 08:55:22,570 | DEBUG | Creating FROM xact_unit: USD -> HKD, rate: 7.806619867013657
2025-05-30 08:55:22,570 | DEBUG | Creating TO xact_unit: HKD -> USD, rate: 0.1280964126645172
2025-05-30 08:55:22,570 | DEBUG | Processing pair: USD 2000000 -> HKD 15644200 (Forex USD to HKD (Trade ID: 530188459))
2025-05-30 08:55:22,570 | DEBUG | Creating FROM xact_unit: USD -> HKD, rate: 7.8221
2025-05-30 08:55:22,571 | DEBUG | Creating TO xact_unit: HKD -> USD, rate: 0.12784290663632528
2025-05-30 08:55:22,571 | DEBUG | Processing pair: USD 1118672 -> HKD 8749995 (Forex USD to HKD (Trade ID: 530895580))
2025-05-30 08:55:22,571 | DEBUG | Creating FROM xact_unit: USD -> HKD, rate: 7.821769920048057
2025-05-30 08:55:22,571 | DEBUG | Creating TO xact_unit: HKD -> USD, rate: 0.12784830162760094
2025-05-30 08:55:22,571 | DEBUG | Processing pair: USD 1002700 -> HKD 7819887 (Forex USD to HKD (Trade ID: 533346337))
2025-05-30 08:55:22,572 | DEBUG | Creating FROM xact_unit: USD -> HKD, rate: 7.798830158571856
2025-05-30 08:55:22,572 | DEBUG | Creating TO xact_unit: HKD -> USD, rate: 0.12822435925225006
2025-05-30 08:55:22,572 | DEBUG | Processing pair: USD 222826 -> HKD 1739380 (Forex USD to HKD (Trade ID: 538401703))
2025-05-30 08:55:22,573 | DEBUG | Creating FROM xact_unit: USD -> HKD, rate: 7.8060010950248175
2025-05-30 08:55:22,573 | DEBUG | Creating TO xact_unit: HKD -> USD, rate: 0.12810656670767745
2025-05-30 08:55:22,573 | DEBUG | Processing pair: USD 594274 -> HKD 4638927 (Forex USD to HKD (Trade ID: 538401705))
2025-05-30 08:55:22,573 | DEBUG | Creating FROM xact_unit: USD -> HKD, rate: 7.806040647916618
2025-05-30 08:55:22,573 | DEBUG | Creating TO xact_unit: HKD -> USD, rate: 0.12810591759689255
2025-05-30 08:55:22,574 | DEBUG | Processing pair: USD 499 -> HKD 3899 (Forex USD to HKD (Trade ID: 556568027))
2025-05-30 08:55:22,574 | DEBUG | Creating FROM xact_unit: USD -> HKD, rate: 7.813627254509018
2025-05-30 08:55:22,574 | DEBUG | Creating TO xact_unit: HKD -> USD, rate: 0.12798153372659657
2025-05-30 08:55:22,574 | DEBUG | Processing pair: USD 292800 -> HKD 2290369 (Forex USD to HKD (Trade ID: 558327332))
2025-05-30 08:55:22,575 | DEBUG | Creating FROM xact_unit: USD -> HKD, rate: 7.822298497267759
2025-05-30 08:55:22,575 | DEBUG | Creating TO xact_unit: HKD -> USD, rate: 0.1278396625172625
2025-05-30 08:55:22,575 | DEBUG | Processing pair: USD 507200 -> HKD 3967369 (Forex USD to HKD (Trade ID: 558327334))
2025-05-30 08:55:22,575 | DEBUG | Creating FROM xact_unit: USD -> HKD, rate: 7.82209976340694
2025-05-30 08:55:22,576 | DEBUG | Creating TO xact_unit: HKD -> USD, rate: 0.12784291050315713
2025-05-30 08:55:22,576 | DEBUG | Processing pair: USD 54 -> HKD 421 (Forex USD to HKD (Trade ID: 570703811))
2025-05-30 08:55:22,576 | DEBUG | Creating FROM xact_unit: USD -> HKD, rate: 7.796296296296297
2025-05-30 08:55:22,577 | DEBUG | Creating TO xact_unit: HKD -> USD, rate: 0.12826603325415678
2025-05-30 08:55:22,577 | DEBUG | Processing pair: USD 1 -> HKD 2 (Forex USD to HKD (Trade ID: 570704071))
2025-05-30 08:55:22,577 | DEBUG | Creating FROM xact_unit: USD -> HKD, rate: 2.0
2025-05-30 08:55:22,578 | DEBUG | Creating TO xact_unit: HKD -> USD, rate: 0.5
2025-05-30 08:55:22,578 | DEBUG | Processing pair: USD 259 -> HKD 2023 (Forex USD to HKD (Trade ID: 584201481))
2025-05-30 08:55:22,578 | DEBUG | Creating FROM xact_unit: USD -> HKD, rate: 7.8108108108108105
2025-05-30 08:55:22,578 | DEBUG | Creating TO xact_unit: HKD -> USD, rate: 0.12802768166089964
2025-05-30 08:55:22,579 | DEBUG | Processing pair: USD 34 -> HKD 266 (Forex USD to HKD (Trade ID: 584202022))
2025-05-30 08:55:22,579 | DEBUG | Creating FROM xact_unit: USD -> HKD, rate: 7.823529411764706
2025-05-30 08:55:22,579 | DEBUG | Creating TO xact_unit: HKD -> USD, rate: 0.12781954887218044
2025-05-30 08:55:22,580 | DEBUG | Processing pair: USD 259 -> HKD 2022 (Forex USD to HKD (Trade ID: 588176781))
2025-05-30 08:55:22,580 | DEBUG | Creating FROM xact_unit: USD -> HKD, rate: 7.806949806949807
2025-05-30 08:55:22,581 | DEBUG | Creating TO xact_unit: HKD -> USD, rate: 0.1280909990108803
2025-05-30 08:55:22,581 | DEBUG | Processing pair: USD 258 -> HKD 2014 (Forex USD to HKD (Trade ID: 588176821))
2025-05-30 08:55:22,582 | DEBUG | Creating FROM xact_unit: USD -> HKD, rate: 7.8062015503875966
2025-05-30 08:55:22,582 | DEBUG | Creating TO xact_unit: HKD -> USD, rate: 0.12810327706057598
2025-05-30 08:55:22,583 | DEBUG | Processing pair: USD 1 -> HKD 4 (Forex USD to HKD (Trade ID: 595598890))
2025-05-30 08:55:22,583 | DEBUG | Creating FROM xact_unit: USD -> HKD, rate: 4.0
2025-05-30 08:55:22,583 | DEBUG | Creating TO xact_unit: HKD -> USD, rate: 0.25
2025-05-30 08:55:22,583 | DEBUG | Processing pair: USD 64 -> HKD 499 (Forex USD to HKD (Trade ID: 595914603))
2025-05-30 08:55:22,584 | DEBUG | Creating FROM xact_unit: USD -> HKD, rate: 7.796875
2025-05-30 08:55:22,584 | DEBUG | Creating TO xact_unit: HKD -> USD, rate: 0.1282565130260521
2025-05-30 08:55:22,584 | DEBUG | Processing pair: USD 1 -> HKD 1 (Forex USD to HKD (Trade ID: 604042846))
2025-05-30 08:55:22,585 | DEBUG | Creating FROM xact_unit: USD -> HKD, rate: 1.0
2025-05-30 08:55:22,585 | DEBUG | Creating TO xact_unit: HKD -> USD, rate: 1.0
2025-05-30 08:55:22,585 | DEBUG | Processing pair: USD 1 -> HKD 2 (Forex USD to HKD (Trade ID: 614049289))
2025-05-30 08:55:22,585 | DEBUG | Creating FROM xact_unit: USD -> HKD, rate: 2.0
2025-05-30 08:55:22,586 | DEBUG | Creating TO xact_unit: HKD -> USD, rate: 0.5
2025-05-30 08:55:22,586 | DEBUG | Processing pair: USD 50911 -> HKD 395604 (Forex USD to HKD (Trade ID: 617738243))
2025-05-30 08:55:22,587 | DEBUG | Creating FROM xact_unit: USD -> HKD, rate: 7.770501463337982
2025-05-30 08:55:22,587 | DEBUG | Creating TO xact_unit: HKD -> USD, rate: 0.1286918231362676
2025-05-30 08:55:22,587 | DEBUG | Processing pair: USD 49150 -> HKD 382262 (Forex USD to HKD (Trade ID: 635980035))
2025-05-30 08:55:22,587 | DEBUG | Creating FROM xact_unit: USD -> HKD, rate: 7.777456765005087
2025-05-30 08:55:22,587 | DEBUG | Creating TO xact_unit: HKD -> USD, rate: 0.12857673532812575
2025-05-30 08:55:22,588 | DEBUG | Processing pair: USD 4 -> HKD 31 (Forex USD to HKD (Trade ID: 635980036))
2025-05-30 08:55:22,588 | DEBUG | Creating FROM xact_unit: USD -> HKD, rate: 7.75
2025-05-30 08:55:22,588 | DEBUG | Creating TO xact_unit: HKD -> USD, rate: 0.12903225806451613
2025-05-30 08:55:22,588 | DEBUG | Processing pair: USD 50011 -> HKD 389341 (Forex USD to HKD (Trade ID: 649458589))
2025-05-30 08:55:22,589 | DEBUG | Creating FROM xact_unit: USD -> HKD, rate: 7.785107276399192
2025-05-30 08:55:22,589 | DEBUG | Creating TO xact_unit: HKD -> USD, rate: 0.12845038154214428
2025-05-30 08:55:22,589 | DEBUG | Processing pair: USD 4 -> HKD 31 (Forex USD to HKD (Trade ID: 649458602))
2025-05-30 08:55:22,590 | DEBUG | Creating FROM xact_unit: USD -> HKD, rate: 7.75
2025-05-30 08:55:22,590 | DEBUG | Creating TO xact_unit: HKD -> USD, rate: 0.12903225806451613
2025-05-30 08:55:22,590 | DEBUG | Processing pair: USD 1 -> HKD 7 (Forex USD to HKD (Trade ID: 649543236))
2025-05-30 08:55:22,591 | DEBUG | Creating FROM xact_unit: USD -> HKD, rate: 7.0
2025-05-30 08:55:22,591 | DEBUG | Creating TO xact_unit: HKD -> USD, rate: 0.14285714285714285
2025-05-30 08:55:22,591 | DEBUG | Processing pair: USD 2 -> HKD 16 (Forex USD to HKD (Trade ID: 664838215))
2025-05-30 08:55:22,592 | DEBUG | Creating FROM xact_unit: USD -> HKD, rate: 8.0
2025-05-30 08:55:22,592 | DEBUG | Creating TO xact_unit: HKD -> USD, rate: 0.125
2025-05-30 08:55:22,592 | DEBUG | Processing pair: USD 29488 -> HKD 229143 (Forex USD to HKD (Trade ID: 664838223))
2025-05-30 08:55:22,593 | DEBUG | Creating FROM xact_unit: USD -> HKD, rate: 7.770720293000543
2025-05-30 08:55:22,593 | DEBUG | Creating TO xact_unit: HKD -> USD, rate: 0.1286881990721951
2025-05-30 08:55:22,593 | DEBUG | Processing pair: USD 21043 -> HKD 163519 (Forex USD to HKD (Trade ID: 664843493))
2025-05-30 08:55:22,593 | DEBUG | Creating FROM xact_unit: USD -> HKD, rate: 7.770707598726418
2025-05-30 08:55:22,594 | DEBUG | Creating TO xact_unit: HKD -> USD, rate: 0.12868840929800207
2025-05-30 08:55:22,594 | DEBUG | Processing pair: USD 2 -> HKD 16 (Forex USD to HKD (Trade ID: 664843497))
2025-05-30 08:55:22,594 | DEBUG | Creating FROM xact_unit: USD -> HKD, rate: 8.0
2025-05-30 08:55:22,594 | DEBUG | Creating TO xact_unit: HKD -> USD, rate: 0.125
2025-05-30 08:55:22,595 | DEBUG | Processing pair: USD 48207 -> HKD 374578 (Forex USD to HKD (Trade ID: 669543618))
2025-05-30 08:55:22,595 | DEBUG | Creating FROM xact_unit: USD -> HKD, rate: 7.770199348642313
2025-05-30 08:55:22,595 | DEBUG | Creating TO xact_unit: HKD -> USD, rate: 0.12869682682912503
2025-05-30 08:55:22,595 | DEBUG | Processing pair: USD 106700 -> PLN 417261 (Forex USD to PLN (Trade ID: 541588610))
2025-05-30 08:55:22,595 | DEBUG | Creating FROM xact_unit: USD -> PLN, rate: 3.9105998125585755
2025-05-30 08:55:22,596 | DEBUG | Creating TO xact_unit: PLN -> USD, rate: 0.25571524777058
2025-05-30 08:55:22,596 | DEBUG | Processing pair: USD 46 -> PLN 185 (Forex USD to PLN (Trade ID: 542246673))
2025-05-30 08:55:22,596 | DEBUG | Creating FROM xact_unit: USD -> PLN, rate: 4.021739130434782
2025-05-30 08:55:22,597 | DEBUG | Creating TO xact_unit: PLN -> USD, rate: 0.24864864864864866
2025-05-30 08:55:22,597 | DEBUG | Processing pair: USD 103400 -> PLN 409883 (Forex USD to PLN (Trade ID: 543703911))
2025-05-30 08:55:22,597 | DEBUG | Creating FROM xact_unit: USD -> PLN, rate: 3.964052224371373
2025-05-30 08:55:22,598 | DEBUG | Creating TO xact_unit: PLN -> USD, rate: 0.25226711037052035
2025-05-30 08:55:22,598 | DEBUG | Processing pair: USD 75400 -> PLN 301551 (Forex USD to PLN (Trade ID: 544404967))
2025-05-30 08:55:22,598 | DEBUG | Creating FROM xact_unit: USD -> PLN, rate: 3.999350132625995
2025-05-30 08:55:22,598 | DEBUG | Creating TO xact_unit: PLN -> USD, rate: 0.2500406233108164
2025-05-30 08:55:22,598 | DEBUG | Processing pair: USD 177300 -> PLN 715069 (Forex USD to PLN (Trade ID: 544589484))
2025-05-30 08:55:22,599 | DEBUG | Creating FROM xact_unit: USD -> PLN, rate: 4.033102086858432
2025-05-30 08:55:22,599 | DEBUG | Creating TO xact_unit: PLN -> USD, rate: 0.24794810011341561
2025-05-30 08:55:22,600 | DEBUG | Processing pair: USD 50 -> PLN 202 (Forex USD to PLN (Trade ID: 545015397))
2025-05-30 08:55:22,600 | DEBUG | Creating FROM xact_unit: USD -> PLN, rate: 4.04
2025-05-30 08:55:22,600 | DEBUG | Creating TO xact_unit: PLN -> USD, rate: 0.24752475247524752
2025-05-30 08:55:22,601 | DEBUG | Processing pair: USD 73 -> PLN 295 (Forex USD to PLN (Trade ID: 545298998))
2025-05-30 08:55:22,601 | DEBUG | Creating FROM xact_unit: USD -> PLN, rate: 4.041095890410959
2025-05-30 08:55:22,602 | DEBUG | Creating TO xact_unit: PLN -> USD, rate: 0.24745762711864408
2025-05-30 08:55:22,602 | DEBUG | Processing pair: USD 127 -> PLN 510 (Forex USD to PLN (Trade ID: 549659179))
2025-05-30 08:55:22,602 | DEBUG | Creating FROM xact_unit: USD -> PLN, rate: 4.015748031496063
2025-05-30 08:55:22,603 | DEBUG | Creating TO xact_unit: PLN -> USD, rate: 0.24901960784313726
2025-05-30 08:55:22,603 | DEBUG | Processing pair: USD 104 -> PLN 419 (Forex USD to PLN (Trade ID: 549659523))
2025-05-30 08:55:22,603 | DEBUG | Creating FROM xact_unit: USD -> PLN, rate: 4.028846153846154
2025-05-30 08:55:22,604 | DEBUG | Creating TO xact_unit: PLN -> USD, rate: 0.24821002386634844
2025-05-30 08:55:22,604 | DEBUG | Processing pair: USD 160300 -> PLN 628897 (Forex USD to PLN (Trade ID: 557133789))
2025-05-30 08:55:22,604 | DEBUG | Creating FROM xact_unit: USD -> PLN, rate: 3.9232501559575796
2025-05-30 08:55:22,604 | DEBUG | Creating TO xact_unit: PLN -> USD, rate: 0.2548907054732333
2025-05-30 08:55:22,604 | DEBUG | Processing pair: USD 271000 -> PLN 1063201 (Forex USD to PLN (Trade ID: 557133826))
2025-05-30 08:55:22,605 | DEBUG | Creating FROM xact_unit: USD -> PLN, rate: 3.923250922509225
2025-05-30 08:55:22,605 | DEBUG | Creating TO xact_unit: PLN -> USD, rate: 0.2548906556709409
2025-05-30 08:55:22,605 | DEBUG | Processing pair: USD 73 -> PLN 285 (Forex USD to PLN (Trade ID: 558138905))
2025-05-30 08:55:22,605 | DEBUG | Creating FROM xact_unit: USD -> PLN, rate: 3.904109589041096
2025-05-30 08:55:22,606 | DEBUG | Creating TO xact_unit: PLN -> USD, rate: 0.256140350877193
2025-05-30 08:55:22,606 | DEBUG | Processing pair: USD 17 -> PLN 65 (Forex USD to PLN (Trade ID: 558138953))
2025-05-30 08:55:22,606 | DEBUG | Creating FROM xact_unit: USD -> PLN, rate: 3.823529411764706
2025-05-30 08:55:22,607 | DEBUG | Creating TO xact_unit: PLN -> USD, rate: 0.26153846153846155
2025-05-30 08:55:22,607 | DEBUG | Processing pair: USD 353500 -> PLN 1406859 (Forex USD to PLN (Trade ID: 560367868))
2025-05-30 08:55:22,607 | DEBUG | Creating FROM xact_unit: USD -> PLN, rate: 3.979799151343706
2025-05-30 08:55:22,607 | DEBUG | Creating TO xact_unit: PLN -> USD, rate: 0.2512689615661555
2025-05-30 08:55:22,608 | DEBUG | Processing pair: USD 24 -> PLN 96 (Forex USD to PLN (Trade ID: 560368359))
2025-05-30 08:55:22,608 | DEBUG | Creating FROM xact_unit: USD -> PLN, rate: 4.0
2025-05-30 08:55:22,608 | DEBUG | Creating TO xact_unit: PLN -> USD, rate: 0.25
2025-05-30 08:55:22,608 | DEBUG | Processing pair: USD 79900 -> PLN 318922 (Forex USD to PLN (Trade ID: 560438161))
2025-05-30 08:55:22,608 | DEBUG | Creating FROM xact_unit: USD -> PLN, rate: 3.991514392991239
2025-05-30 08:55:22,609 | DEBUG | Creating TO xact_unit: PLN -> USD, rate: 0.2505314779162303
2025-05-30 08:55:22,609 | DEBUG | Processing pair: USD 76 -> PLN 304 (Forex USD to PLN (Trade ID: 561156366))
2025-05-30 08:55:22,609 | DEBUG | Creating FROM xact_unit: USD -> PLN, rate: 4.0
2025-05-30 08:55:22,610 | DEBUG | Creating TO xact_unit: PLN -> USD, rate: 0.25
2025-05-30 08:55:22,610 | DEBUG | Processing pair: USD 377000 -> PLN 1499819 (Forex USD to PLN (Trade ID: 561230096))
2025-05-30 08:55:22,610 | DEBUG | Creating FROM xact_unit: USD -> PLN, rate: 3.9782997347480107
2025-05-30 08:55:22,610 | DEBUG | Creating TO xact_unit: PLN -> USD, rate: 0.25136366454885556
2025-05-30 08:55:22,610 | DEBUG | Processing pair: USD 146 -> PLN 576 (Forex USD to PLN (Trade ID: 563180989))
2025-05-30 08:55:22,611 | DEBUG | Creating FROM xact_unit: USD -> PLN, rate: 3.9452054794520546
2025-05-30 08:55:22,612 | DEBUG | Creating TO xact_unit: PLN -> USD, rate: 0.2534722222222222
2025-05-30 08:55:22,612 | DEBUG | Processing pair: USD 200400 -> PLN 785518 (Forex USD to PLN (Trade ID: 588209119))
2025-05-30 08:55:22,612 | DEBUG | Creating FROM xact_unit: USD -> PLN, rate: 3.919750499001996
2025-05-30 08:55:22,613 | DEBUG | Creating TO xact_unit: PLN -> USD, rate: 0.25511827863906367
2025-05-30 08:55:22,613 | DEBUG | Processing pair: USD 300 -> PLN 1176 (Forex USD to PLN (Trade ID: 588209122))
2025-05-30 08:55:22,614 | DEBUG | Creating FROM xact_unit: USD -> PLN, rate: 3.92
2025-05-30 08:55:22,614 | DEBUG | Creating TO xact_unit: PLN -> USD, rate: 0.25510204081632654
2025-05-30 08:55:22,614 | DEBUG | Processing pair: USD 100300 -> PLN 395765 (Forex USD to PLN (Trade ID: 591048721))
2025-05-30 08:55:22,614 | DEBUG | Creating FROM xact_unit: USD -> PLN, rate: 3.9458125623130607
2025-05-30 08:55:22,615 | DEBUG | Creating TO xact_unit: PLN -> USD, rate: 0.2534332242618726
2025-05-30 08:55:22,615 | DEBUG | Processing pair: USD 53 -> PLN 212 (Forex USD to PLN (Trade ID: 591925544))
2025-05-30 08:55:22,615 | DEBUG | Creating FROM xact_unit: USD -> PLN, rate: 4.0
2025-05-30 08:55:22,615 | DEBUG | Creating TO xact_unit: PLN -> USD, rate: 0.25
2025-05-30 08:55:22,616 | DEBUG | Processing pair: USD 240 -> PLN 950 (Forex USD to PLN (Trade ID: 595598556))
2025-05-30 08:55:22,616 | DEBUG | Creating FROM xact_unit: USD -> PLN, rate: 3.9583333333333335
2025-05-30 08:55:22,616 | DEBUG | Creating TO xact_unit: PLN -> USD, rate: 0.25263157894736843
2025-05-30 08:55:22,617 | DEBUG | Processing pair: USD 100400 -> PLN 387263 (Forex USD to PLN (Trade ID: 602066677))
2025-05-30 08:55:22,617 | DEBUG | Creating FROM xact_unit: USD -> PLN, rate: 3.8572011952191234
2025-05-30 08:55:22,617 | DEBUG | Creating TO xact_unit: PLN -> USD, rate: 0.2592553381035627
2025-05-30 08:55:22,618 | DEBUG | Processing pair: USD 90 -> PLN 347 (Forex USD to PLN (Trade ID: 602860564))
2025-05-30 08:55:22,618 | DEBUG | Creating FROM xact_unit: USD -> PLN, rate: 3.8555555555555556
2025-05-30 08:55:22,618 | DEBUG | Creating TO xact_unit: PLN -> USD, rate: 0.25936599423631124
2025-05-30 08:55:22,618 | DEBUG | Processing pair: USD 700 -> PLN 2760 (Forex USD to PLN (Trade ID: 613305294))
2025-05-30 08:55:22,619 | DEBUG | Creating FROM xact_unit: USD -> PLN, rate: 3.942857142857143
2025-05-30 08:55:22,619 | DEBUG | Creating TO xact_unit: PLN -> USD, rate: 0.2536231884057971
2025-05-30 08:55:22,619 | DEBUG | Processing pair: USD 100 -> PLN 392 (Forex USD to PLN (Trade ID: 613305396))
2025-05-30 08:55:22,620 | DEBUG | Creating FROM xact_unit: USD -> PLN, rate: 3.92
2025-05-30 08:55:22,620 | DEBUG | Creating TO xact_unit: PLN -> USD, rate: 0.25510204081632654
2025-05-30 08:55:22,620 | DEBUG | Processing pair: USD 10 -> PLN 38 (Forex USD to PLN (Trade ID: 614800269))
2025-05-30 08:55:22,620 | DEBUG | Creating FROM xact_unit: USD -> PLN, rate: 3.8
2025-05-30 08:55:22,621 | DEBUG | Creating TO xact_unit: PLN -> USD, rate: 0.2631578947368421
2025-05-30 08:55:22,621 | DEBUG | Processing pair: USD 2 -> PLN 8 (Forex USD to PLN (Trade ID: 625558526))
2025-05-30 08:55:22,622 | DEBUG | Creating FROM xact_unit: USD -> PLN, rate: 4.0
2025-05-30 08:55:22,622 | DEBUG | Creating TO xact_unit: PLN -> USD, rate: 0.25
2025-05-30 08:55:22,622 | DEBUG | Processing pair: USD 181444 -> SEK 2019399 (Forex USD to SEK (Trade ID: 530944671))
2025-05-30 08:55:22,623 | DEBUG | Creating FROM xact_unit: USD -> SEK, rate: 11.12959921518485
2025-05-30 08:55:22,623 | DEBUG | Creating TO xact_unit: SEK -> USD, rate: 0.08985049512255874
2025-05-30 08:55:22,623 | DEBUG | Processing pair: USD 181229 -> SEK 2009993 (Forex USD to SEK (Trade ID: 531164614))
2025-05-30 08:55:22,624 | DEBUG | Creating FROM xact_unit: USD -> SEK, rate: 11.090901566526329
2025-05-30 08:55:22,624 | DEBUG | Creating TO xact_unit: SEK -> USD, rate: 0.09016399559600456
2025-05-30 08:55:22,624 | DEBUG | Processing pair: USD 4 -> SEK 45 (Forex USD to SEK (Trade ID: 531560652))
2025-05-30 08:55:22,625 | DEBUG | Creating FROM xact_unit: USD -> SEK, rate: 11.25
2025-05-30 08:55:22,625 | DEBUG | Creating TO xact_unit: SEK -> USD, rate: 0.08888888888888889
2025-05-30 08:55:22,625 | DEBUG | Processing pair: USD 183129 -> SEK 2000089 (Forex USD to SEK (Trade ID: 533242462))
2025-05-30 08:55:22,626 | DEBUG | Creating FROM xact_unit: USD -> SEK, rate: 10.921749149506631
2025-05-30 08:55:22,626 | DEBUG | Creating TO xact_unit: SEK -> USD, rate: 0.09156042556106253
2025-05-30 08:55:22,627 | DEBUG | Processing pair: USD 5 -> SEK 56 (Forex USD to SEK (Trade ID: 533829899))
2025-05-30 08:55:22,627 | DEBUG | Creating FROM xact_unit: USD -> SEK, rate: 11.2
2025-05-30 08:55:22,627 | DEBUG | Creating TO xact_unit: SEK -> USD, rate: 0.08928571428571429
2025-05-30 08:55:22,628 | DEBUG | Processing pair: USD 207237 -> SEK 2181294 (Forex USD to SEK (Trade ID: 535265833))
2025-05-30 08:55:22,628 | DEBUG | Creating FROM xact_unit: USD -> SEK, rate: 10.525601123351525
2025-05-30 08:55:22,628 | DEBUG | Creating TO xact_unit: SEK -> USD, rate: 0.0950064502996845
2025-05-30 08:55:22,629 | DEBUG | Processing pair: USD 5 -> SEK 49 (Forex USD to SEK (Trade ID: 535583391))
2025-05-30 08:55:22,629 | DEBUG | Creating FROM xact_unit: USD -> SEK, rate: 9.8
2025-05-30 08:55:22,629 | DEBUG | Creating TO xact_unit: SEK -> USD, rate: 0.10204081632653061
2025-05-30 08:55:22,629 | DEBUG | Processing pair: USD 63 -> SEK 654 (Forex USD to SEK (Trade ID: 537949859))
2025-05-30 08:55:22,630 | DEBUG | Creating FROM xact_unit: USD -> SEK, rate: 10.380952380952381
2025-05-30 08:55:22,630 | DEBUG | Creating TO xact_unit: SEK -> USD, rate: 0.0963302752293578
2025-05-30 08:55:22,630 | DEBUG | Processing pair: USD 227463 -> SEK 2341891 (Forex USD to SEK (Trade ID: 544404966))
2025-05-30 08:55:22,630 | DEBUG | Creating FROM xact_unit: USD -> SEK, rate: 10.295700839257373
2025-05-30 08:55:22,631 | DEBUG | Creating TO xact_unit: SEK -> USD, rate: 0.09712791927549147
2025-05-30 08:55:22,631 | DEBUG | Processing pair: USD 166500 -> SEK 1749174 (Forex USD to SEK (Trade ID: 544831505))
2025-05-30 08:55:22,631 | DEBUG | Creating FROM xact_unit: USD -> SEK, rate: 10.50554954954955
2025-05-30 08:55:22,632 | DEBUG | Creating TO xact_unit: SEK -> USD, rate: 0.09518778577774424
2025-05-30 08:55:22,632 | DEBUG | Processing pair: USD 4 -> SEK 45 (Forex USD to SEK (Trade ID: 545015399))
2025-05-30 08:55:22,632 | DEBUG | Creating FROM xact_unit: USD -> SEK, rate: 11.25
2025-05-30 08:55:22,633 | DEBUG | Creating TO xact_unit: SEK -> USD, rate: 0.08888888888888889
2025-05-30 08:55:22,633 | DEBUG | Processing pair: USD 66 -> SEK 693 (Forex USD to SEK (Trade ID: 549659525))
2025-05-30 08:55:22,633 | DEBUG | Creating FROM xact_unit: USD -> SEK, rate: 10.5
2025-05-30 08:55:22,634 | DEBUG | Creating TO xact_unit: SEK -> USD, rate: 0.09523809523809523
2025-05-30 08:55:22,634 | DEBUG | Processing pair: USD 109072 -> SEK 1129675 (Forex USD to SEK (Trade ID: 578438128))
2025-05-30 08:55:22,634 | DEBUG | Creating FROM xact_unit: USD -> SEK, rate: 10.357149405897022
2025-05-30 08:55:22,635 | DEBUG | Creating TO xact_unit: SEK -> USD, rate: 0.0965516630889415
2025-05-30 08:55:22,635 | DEBUG | Processing pair: USD 174200 -> SEK 1794626 (Forex USD to SEK (Trade ID: 579570514))
2025-05-30 08:55:22,636 | DEBUG | Creating FROM xact_unit: USD -> SEK, rate: 10.302101033295063
2025-05-30 08:55:22,636 | DEBUG | Creating TO xact_unit: SEK -> USD, rate: 0.09706757842581128
2025-05-30 08:55:22,637 | DEBUG | Processing pair: USD 35 -> SEK 361 (Forex USD to SEK (Trade ID: 579570693))
2025-05-30 08:55:22,637 | DEBUG | Creating FROM xact_unit: USD -> SEK, rate: 10.314285714285715
2025-05-30 08:55:22,638 | DEBUG | Creating TO xact_unit: SEK -> USD, rate: 0.09695290858725762
2025-05-30 08:55:22,638 | DEBUG | Processing pair: USD 46051 -> SEK 482191 (Forex USD to SEK (Trade ID: 582309933))
2025-05-30 08:55:22,638 | DEBUG | Creating FROM xact_unit: USD -> SEK, rate: 10.470804108488416
2025-05-30 08:55:22,639 | DEBUG | Creating TO xact_unit: SEK -> USD, rate: 0.09550364896897702
2025-05-30 08:55:22,639 | DEBUG | Processing pair: USD 2 -> SEK 16 (Forex USD to SEK (Trade ID: 583090777))
2025-05-30 08:55:22,639 | DEBUG | Creating FROM xact_unit: USD -> SEK, rate: 8.0
2025-05-30 08:55:22,640 | DEBUG | Creating TO xact_unit: SEK -> USD, rate: 0.125
2025-05-30 08:55:22,640 | DEBUG | Processing pair: USD 202 -> SEK 2113 (Forex USD to SEK (Trade ID: 585273866))
2025-05-30 08:55:22,641 | DEBUG | Creating FROM xact_unit: USD -> SEK, rate: 10.46039603960396
2025-05-30 08:55:22,641 | DEBUG | Creating TO xact_unit: SEK -> USD, rate: 0.0955986748698533
2025-05-30 08:55:22,641 | DEBUG | Processing pair: USD 94618 -> SEK 1024590 (Forex USD to SEK (Trade ID: 591795045))
2025-05-30 08:55:22,642 | DEBUG | Creating FROM xact_unit: USD -> SEK, rate: 10.828700670062778
2025-05-30 08:55:22,642 | DEBUG | Creating TO xact_unit: SEK -> USD, rate: 0.09234718277554925
2025-05-30 08:55:22,643 | DEBUG | Processing pair: USD 143 -> SEK 1533 (Forex USD to SEK (Trade ID: 592603612))
2025-05-30 08:55:22,643 | DEBUG | Creating FROM xact_unit: USD -> SEK, rate: 10.72027972027972
2025-05-30 08:55:22,643 | DEBUG | Creating TO xact_unit: SEK -> USD, rate: 0.09328114807566862
2025-05-30 08:55:22,644 | DEBUG | Processing pair: USD 145124 -> SEK 1555903 (Forex USD to SEK (Trade ID: 592603632))
2025-05-30 08:55:22,644 | DEBUG | Creating FROM xact_unit: USD -> SEK, rate: 10.721197045285411
2025-05-30 08:55:22,645 | DEBUG | Creating TO xact_unit: SEK -> USD, rate: 0.09327316677196458
2025-05-30 08:55:22,645 | DEBUG | Processing pair: USD 311940 -> SEK 3423198 (Forex USD to SEK (Trade ID: 627810554))
2025-05-30 08:55:22,645 | DEBUG | Creating FROM xact_unit: USD -> SEK, rate: 10.973898826697441
2025-05-30 08:55:22,646 | DEBUG | Creating TO xact_unit: SEK -> USD, rate: 0.09112531615173881
2025-05-30 08:55:22,646 | DEBUG | Processing pair: USD 1 -> SEK 13 (Forex USD to SEK (Trade ID: 629031436))
2025-05-30 08:55:22,647 | DEBUG | Creating FROM xact_unit: USD -> SEK, rate: 13.0
2025-05-30 08:55:22,647 | DEBUG | Creating TO xact_unit: SEK -> USD, rate: 0.07692307692307693
2025-05-30 08:55:22,648 | DEBUG | Processing pair: USD 124 -> SEK 1361 (Forex USD to SEK (Trade ID: 632090236))
2025-05-30 08:55:22,648 | DEBUG | Creating FROM xact_unit: USD -> SEK, rate: 10.975806451612904
2025-05-30 08:55:22,649 | DEBUG | Creating TO xact_unit: SEK -> USD, rate: 0.09110947832476121
2025-05-30 08:55:22,649 | DEBUG | Processing pair: USD 180913 -> SEK 1985918 (Forex USD to SEK (Trade ID: 632090251))
2025-05-30 08:55:22,650 | DEBUG | Creating FROM xact_unit: USD -> SEK, rate: 10.977198985147558
2025-05-30 08:55:22,650 | DEBUG | Creating TO xact_unit: SEK -> USD, rate: 0.09109792045794439
2025-05-30 08:55:22,650 | DEBUG | Processing pair: USD 8 -> SEK 88 (Forex USD to SEK (Trade ID: 632090255))
2025-05-30 08:55:22,651 | DEBUG | Creating FROM xact_unit: USD -> SEK, rate: 11.0
2025-05-30 08:55:22,651 | DEBUG | Creating TO xact_unit: SEK -> USD, rate: 0.09090909090909091
2025-05-30 08:55:22,651 | DEBUG | Processing pair: USD 42 -> SEK 459 (Forex USD to SEK (Trade ID: 636099632))
2025-05-30 08:55:22,652 | DEBUG | Creating FROM xact_unit: USD -> SEK, rate: 10.928571428571429
2025-05-30 08:55:22,652 | DEBUG | Creating TO xact_unit: SEK -> USD, rate: 0.0915032679738562
2025-05-30 08:55:22,652 | DEBUG | Processing pair: USD 166937 -> SEK 1826598 (Forex USD to SEK (Trade ID: 639771355))
2025-05-30 08:55:22,653 | DEBUG | Creating FROM xact_unit: USD -> SEK, rate: 10.941840334976668
2025-05-30 08:55:22,653 | DEBUG | Creating TO xact_unit: SEK -> USD, rate: 0.09139230416325869
2025-05-30 08:55:22,653 | DEBUG | Processing pair: USD 124 -> SEK 1356 (Forex USD to SEK (Trade ID: 639805046))
2025-05-30 08:55:22,654 | DEBUG | Creating FROM xact_unit: USD -> SEK, rate: 10.935483870967742
2025-05-30 08:55:22,654 | DEBUG | Creating TO xact_unit: SEK -> USD, rate: 0.09144542772861357
2025-05-30 08:55:22,654 | DEBUG | Processing pair: USD 15 -> SEK 164 (Forex USD to SEK (Trade ID: 639805051))
2025-05-30 08:55:22,655 | DEBUG | Creating FROM xact_unit: USD -> SEK, rate: 10.933333333333334
2025-05-30 08:55:22,655 | DEBUG | Creating TO xact_unit: SEK -> USD, rate: 0.09146341463414634
2025-05-30 08:55:22,655 | DEBUG | Processing pair: USD 126108 -> SEK 1378941 (Forex USD to SEK (Trade ID: 639805058))
2025-05-30 08:55:22,656 | DEBUG | Creating FROM xact_unit: USD -> SEK, rate: 10.934603673042155
2025-05-30 08:55:22,656 | DEBUG | Creating TO xact_unit: SEK -> USD, rate: 0.09145278877051302
2025-05-30 08:55:22,656 | DEBUG | Processing pair: USD 152621 -> SEK 1685096 (Forex USD to SEK (Trade ID: 643822077))
2025-05-30 08:55:22,656 | DEBUG | Creating FROM xact_unit: USD -> SEK, rate: 11.04104939687199
2025-05-30 08:55:22,657 | DEBUG | Creating TO xact_unit: SEK -> USD, rate: 0.09057110099365259
2025-05-30 08:55:22,657 | DEBUG | Processing pair: USD 18 -> SEK 201 (Forex USD to SEK (Trade ID: 647135416))
2025-05-30 08:55:22,657 | DEBUG | Creating FROM xact_unit: USD -> SEK, rate: 11.166666666666666
2025-05-30 08:55:22,658 | DEBUG | Creating TO xact_unit: SEK -> USD, rate: 0.08955223880597014
2025-05-30 08:55:22,658 | DEBUG | Processing pair: USD 18 -> SEK 197 (Forex USD to SEK (Trade ID: 657181751))
2025-05-30 08:55:22,659 | DEBUG | Creating FROM xact_unit: USD -> SEK, rate: 10.944444444444445
2025-05-30 08:55:22,659 | DEBUG | Creating TO xact_unit: SEK -> USD, rate: 0.09137055837563451
2025-05-30 08:55:22,660 | DEBUG | Processing pair: USD 48 -> SGD 63 (Forex USD to SGD (Trade ID: 249649091))
2025-05-30 08:55:22,660 | DEBUG | Creating FROM xact_unit: USD -> SGD, rate: 1.3125
2025-05-30 08:55:22,661 | DEBUG | Creating TO xact_unit: SGD -> USD, rate: 0.7619047619047619
2025-05-30 08:55:22,661 | DEBUG | Processing pair: USD 1 -> SGD 1 (Forex USD to SGD (Trade ID: 266212711))
2025-05-30 08:55:22,662 | DEBUG | Creating FROM xact_unit: USD -> SGD, rate: 1.0
2025-05-30 08:55:22,662 | DEBUG | Creating TO xact_unit: SGD -> USD, rate: 1.0
2025-05-30 08:55:22,662 | DEBUG | Processing pair: USD 13 -> SGD 18 (Forex USD to SGD (Trade ID: 320133433))
2025-05-30 08:55:22,663 | DEBUG | Creating FROM xact_unit: USD -> SGD, rate: 1.3846153846153846
2025-05-30 08:55:22,663 | DEBUG | Creating TO xact_unit: SGD -> USD, rate: 0.7222222222222222
2025-05-30 08:55:22,663 | DEBUG | Processing pair: USD 273 -> TWD 8831 (Forex USD to TWD (Trade ID: 580102804))
2025-05-30 08:55:22,664 | DEBUG | Creating FROM xact_unit: USD -> TWD, rate: 32.34798534798535
2025-05-30 08:55:22,664 | DEBUG | Creating TO xact_unit: TWD -> USD, rate: 0.03091382629373797
2025-05-30 08:55:22,664 | DEBUG | Processing pair: USD 128641 -> TWD 4163831 (Forex USD to TWD (Trade ID: 580475618))
2025-05-30 08:55:22,665 | DEBUG | Creating FROM xact_unit: USD -> TWD, rate: 32.36783762564035
2025-05-30 08:55:22,665 | DEBUG | Creating TO xact_unit: TWD -> USD, rate: 0.03089486580987557
2025-05-30 08:55:22,665 | DEBUG | Processing pair: USD 1 -> TWD 4 (Forex USD to TWD (Trade ID: 581705848))
2025-05-30 08:55:22,666 | DEBUG | Creating FROM xact_unit: USD -> TWD, rate: 4.0
2025-05-30 08:55:22,666 | DEBUG | Creating TO xact_unit: TWD -> USD, rate: 0.25
2025-05-30 08:55:22,667 | DEBUG | Processing pair: USD 1 -> TWD 2 (Forex USD to TWD (Trade ID: 582080318))
2025-05-30 08:55:22,667 | DEBUG | Creating FROM xact_unit: USD -> TWD, rate: 2.0
2025-05-30 08:55:22,667 | DEBUG | Creating TO xact_unit: TWD -> USD, rate: 0.5
2025-05-30 08:55:22,668 | DEBUG | Processing pair: USD 1 -> TWD 6 (Forex USD to TWD (Trade ID: 582441418))
2025-05-30 08:55:22,668 | DEBUG | Creating FROM xact_unit: USD -> TWD, rate: 6.0
2025-05-30 08:55:22,668 | DEBUG | Creating TO xact_unit: TWD -> USD, rate: 0.16666666666666666
2025-05-30 08:55:22,669 | DEBUG | Processing pair: USD 1 -> TWD 2 (Forex USD to TWD (Trade ID: 582760933))
2025-05-30 08:55:22,669 | DEBUG | Creating FROM xact_unit: USD -> TWD, rate: 2.0
2025-05-30 08:55:22,669 | DEBUG | Creating TO xact_unit: TWD -> USD, rate: 0.5
2025-05-30 08:55:22,670 | DEBUG | Processing pair: USD 1 -> TWD 2 (Forex USD to TWD (Trade ID: 583137465))
2025-05-30 08:55:22,670 | DEBUG | Creating FROM xact_unit: USD -> TWD, rate: 2.0
2025-05-30 08:55:22,671 | DEBUG | Creating TO xact_unit: TWD -> USD, rate: 0.5
2025-05-30 08:55:22,671 | DEBUG | Processing pair: USD 1 -> TWD 2 (Forex USD to TWD (Trade ID: 583494993))
2025-05-30 08:55:22,672 | DEBUG | Creating FROM xact_unit: USD -> TWD, rate: 2.0
2025-05-30 08:55:22,672 | DEBUG | Creating TO xact_unit: TWD -> USD, rate: 0.5
2025-05-30 08:55:22,672 | DEBUG | Processing pair: USD 1 -> TWD 2 (Forex USD to TWD (Trade ID: 583853027))
2025-05-30 08:55:22,673 | DEBUG | Creating FROM xact_unit: USD -> TWD, rate: 2.0
2025-05-30 08:55:22,673 | DEBUG | Creating TO xact_unit: TWD -> USD, rate: 0.5
2025-05-30 08:55:22,673 | DEBUG | Processing pair: USD 1 -> TWD 6 (Forex USD to TWD (Trade ID: 584184410))
2025-05-30 08:55:22,674 | DEBUG | Creating FROM xact_unit: USD -> TWD, rate: 6.0
2025-05-30 08:55:22,674 | DEBUG | Creating TO xact_unit: TWD -> USD, rate: 0.16666666666666666
2025-05-30 08:55:22,674 | DEBUG | Processing pair: USD 1 -> TWD 2 (Forex USD to TWD (Trade ID: 584511247))
2025-05-30 08:55:22,675 | DEBUG | Creating FROM xact_unit: USD -> TWD, rate: 2.0
2025-05-30 08:55:22,675 | DEBUG | Creating TO xact_unit: TWD -> USD, rate: 0.5
2025-05-30 08:55:22,675 | DEBUG | Processing pair: USD 1 -> TWD 2 (Forex USD to TWD (Trade ID: 584858003))
2025-05-30 08:55:22,676 | DEBUG | Creating FROM xact_unit: USD -> TWD, rate: 2.0
2025-05-30 08:55:22,676 | DEBUG | Creating TO xact_unit: TWD -> USD, rate: 0.5
2025-05-30 08:55:22,676 | DEBUG | Processing pair: USD 1 -> TWD 4 (Forex USD to TWD (Trade ID: 585332416))
2025-05-30 08:55:22,677 | DEBUG | Creating FROM xact_unit: USD -> TWD, rate: 4.0
2025-05-30 08:55:22,677 | DEBUG | Creating TO xact_unit: TWD -> USD, rate: 0.25
2025-05-30 08:55:22,677 | DEBUG | Processing pair: USD 1 -> TWD 6 (Forex USD to TWD (Trade ID: 585692673))
2025-05-30 08:55:22,677 | DEBUG | Creating FROM xact_unit: USD -> TWD, rate: 6.0
2025-05-30 08:55:22,678 | DEBUG | Creating TO xact_unit: TWD -> USD, rate: 0.16666666666666666
2025-05-30 08:55:22,678 | DEBUG | Processing pair: USD 1 -> TWD 2 (Forex USD to TWD (Trade ID: 586063697))
2025-05-30 08:55:22,678 | DEBUG | Creating FROM xact_unit: USD -> TWD, rate: 2.0
2025-05-30 08:55:22,678 | DEBUG | Creating TO xact_unit: TWD -> USD, rate: 0.5
2025-05-30 08:55:22,679 | DEBUG | Processing pair: USD 1 -> TWD 2 (Forex USD to TWD (Trade ID: 586862878))
2025-05-30 08:55:22,679 | DEBUG | Creating FROM xact_unit: USD -> TWD, rate: 2.0
2025-05-30 08:55:22,679 | DEBUG | Creating TO xact_unit: TWD -> USD, rate: 0.5
2025-05-30 08:55:22,680 | DEBUG | Processing pair: USD 1 -> TWD 2 (Forex USD to TWD (Trade ID: 586952225))
2025-05-30 08:55:22,680 | DEBUG | Creating FROM xact_unit: USD -> TWD, rate: 2.0
2025-05-30 08:55:22,680 | DEBUG | Creating TO xact_unit: TWD -> USD, rate: 0.5
2025-05-30 08:55:22,680 | DEBUG | Processing pair: USD 1 -> TWD 2 (Forex USD to TWD (Trade ID: 587371390))
2025-05-30 08:55:22,681 | DEBUG | Creating FROM xact_unit: USD -> TWD, rate: 2.0
2025-05-30 08:55:22,681 | DEBUG | Creating TO xact_unit: TWD -> USD, rate: 0.5
2025-05-30 08:55:22,681 | DEBUG | Processing pair: USD 1 -> TWD 6 (Forex USD to TWD (Trade ID: 587788106))
2025-05-30 08:55:22,682 | DEBUG | Creating FROM xact_unit: USD -> TWD, rate: 6.0
2025-05-30 08:55:22,682 | DEBUG | Creating TO xact_unit: TWD -> USD, rate: 0.16666666666666666
2025-05-30 08:55:22,682 | DEBUG | Processing pair: USD 1 -> TWD 2 (Forex USD to TWD (Trade ID: 588160186))
2025-05-30 08:55:22,683 | DEBUG | Creating FROM xact_unit: USD -> TWD, rate: 2.0
2025-05-30 08:55:22,683 | DEBUG | Creating TO xact_unit: TWD -> USD, rate: 0.5
2025-05-30 08:55:22,683 | DEBUG | Processing pair: USD 1 -> TWD 2 (Forex USD to TWD (Trade ID: 588633182))
2025-05-30 08:55:22,683 | DEBUG | Creating FROM xact_unit: USD -> TWD, rate: 2.0
2025-05-30 08:55:22,684 | DEBUG | Creating TO xact_unit: TWD -> USD, rate: 0.5
2025-05-30 08:55:22,684 | DEBUG | Processing pair: USD 1 -> TWD 2 (Forex USD to TWD (Trade ID: 589091601))
2025-05-30 08:55:22,684 | DEBUG | Creating FROM xact_unit: USD -> TWD, rate: 2.0
2025-05-30 08:55:22,684 | DEBUG | Creating TO xact_unit: TWD -> USD, rate: 0.5
2025-05-30 08:55:22,684 | DEBUG | Processing pair: USD 1 -> TWD 1 (Forex USD to TWD (Trade ID: 589516852))
2025-05-30 08:55:22,685 | DEBUG | Creating FROM xact_unit: USD -> TWD, rate: 1.0
2025-05-30 08:55:22,685 | DEBUG | Creating TO xact_unit: TWD -> USD, rate: 1.0
2025-05-30 08:55:22,685 | DEBUG | Processing pair: USD 1 -> TWD 3 (Forex USD to TWD (Trade ID: 589896020))
2025-05-30 08:55:22,685 | DEBUG | Creating FROM xact_unit: USD -> TWD, rate: 3.0
2025-05-30 08:55:22,685 | DEBUG | Creating TO xact_unit: TWD -> USD, rate: 0.3333333333333333
2025-05-30 08:55:22,685 | DEBUG | Processing pair: USD 1 -> TWD 1 (Forex USD to TWD (Trade ID: 591180013))
2025-05-30 08:55:22,686 | DEBUG | Creating FROM xact_unit: USD -> TWD, rate: 1.0
2025-05-30 08:55:22,686 | DEBUG | Creating TO xact_unit: TWD -> USD, rate: 1.0
2025-05-30 08:55:22,686 | DEBUG | Processing pair: USD 1 -> TWD 1 (Forex USD to TWD (Trade ID: 591180542))
2025-05-30 08:55:22,687 | DEBUG | Creating FROM xact_unit: USD -> TWD, rate: 1.0
2025-05-30 08:55:22,687 | DEBUG | Creating TO xact_unit: TWD -> USD, rate: 1.0
2025-05-30 08:55:22,687 | DEBUG | Processing pair: USD 1 -> TWD 3 (Forex USD to TWD (Trade ID: 591610161))
2025-05-30 08:55:22,687 | DEBUG | Creating FROM xact_unit: USD -> TWD, rate: 3.0
2025-05-30 08:55:22,687 | DEBUG | Creating TO xact_unit: TWD -> USD, rate: 0.3333333333333333
2025-05-30 08:55:22,687 | DEBUG | Processing pair: USD 1 -> TWD 3 (Forex USD to TWD (Trade ID: 591965418))
2025-05-30 08:55:22,688 | DEBUG | Creating FROM xact_unit: USD -> TWD, rate: 3.0
2025-05-30 08:55:22,688 | DEBUG | Creating TO xact_unit: TWD -> USD, rate: 0.3333333333333333
2025-05-30 08:55:22,688 | DEBUG | Processing pair: USD 1 -> TWD 1 (Forex USD to TWD (Trade ID: 592393198))
2025-05-30 08:55:22,688 | DEBUG | Creating FROM xact_unit: USD -> TWD, rate: 1.0
2025-05-30 08:55:22,688 | DEBUG | Creating TO xact_unit: TWD -> USD, rate: 1.0
2025-05-30 08:55:22,688 | DEBUG | Processing pair: USD 1 -> TWD 1 (Forex USD to TWD (Trade ID: 593366689))
2025-05-30 08:55:22,689 | DEBUG | Creating FROM xact_unit: USD -> TWD, rate: 1.0
2025-05-30 08:55:22,689 | DEBUG | Creating TO xact_unit: TWD -> USD, rate: 1.0
2025-05-30 08:55:22,689 | DEBUG | Processing pair: USD 1 -> TWD 1 (Forex USD to TWD (Trade ID: 594008794))
2025-05-30 08:55:22,689 | DEBUG | Creating FROM xact_unit: USD -> TWD, rate: 1.0
2025-05-30 08:55:22,689 | DEBUG | Creating TO xact_unit: TWD -> USD, rate: 1.0
2025-05-30 08:55:22,690 | DEBUG | Processing pair: USD 1 -> TWD 3 (Forex USD to TWD (Trade ID: 594764543))
2025-05-30 08:55:22,690 | DEBUG | Creating FROM xact_unit: USD -> TWD, rate: 3.0
2025-05-30 08:55:22,690 | DEBUG | Creating TO xact_unit: TWD -> USD, rate: 0.3333333333333333
2025-05-30 08:55:22,691 | DEBUG | Processing pair: USD 1 -> TWD 1 (Forex USD to TWD (Trade ID: 595218156))
2025-05-30 08:55:22,691 | DEBUG | Creating FROM xact_unit: USD -> TWD, rate: 1.0
2025-05-30 08:55:22,691 | DEBUG | Creating TO xact_unit: TWD -> USD, rate: 1.0
2025-05-30 08:55:22,691 | DEBUG | Processing pair: USD 1 -> TWD 1 (Forex USD to TWD (Trade ID: 595648125))
2025-05-30 08:55:22,693 | DEBUG | Creating FROM xact_unit: USD -> TWD, rate: 1.0
2025-05-30 08:55:22,693 | DEBUG | Creating TO xact_unit: TWD -> USD, rate: 1.0
2025-05-30 08:55:22,693 | DEBUG | Processing pair: USD 1 -> TWD 1 (Forex USD to TWD (Trade ID: 596061538))
2025-05-30 08:55:22,693 | DEBUG | Creating FROM xact_unit: USD -> TWD, rate: 1.0
2025-05-30 08:55:22,694 | DEBUG | Creating TO xact_unit: TWD -> USD, rate: 1.0
2025-05-30 08:55:22,694 | DEBUG | Processing pair: USD 1 -> TWD 1 (Forex USD to TWD (Trade ID: 596380750))
2025-05-30 08:55:22,694 | DEBUG | Creating FROM xact_unit: USD -> TWD, rate: 1.0
2025-05-30 08:55:22,694 | DEBUG | Creating TO xact_unit: TWD -> USD, rate: 1.0
2025-05-30 08:55:22,694 | DEBUG | Processing pair: USD 1 -> TWD 3 (Forex USD to TWD (Trade ID: 596704553))
2025-05-30 08:55:22,695 | DEBUG | Creating FROM xact_unit: USD -> TWD, rate: 3.0
2025-05-30 08:55:22,695 | DEBUG | Creating TO xact_unit: TWD -> USD, rate: 0.3333333333333333
2025-05-30 08:55:22,695 | DEBUG | Processing pair: USD 1 -> TWD 1 (Forex USD to TWD (Trade ID: 597031713))
2025-05-30 08:55:22,695 | DEBUG | Creating FROM xact_unit: USD -> TWD, rate: 1.0
2025-05-30 08:55:22,695 | DEBUG | Creating TO xact_unit: TWD -> USD, rate: 1.0
2025-05-30 08:55:22,695 | DEBUG | Processing pair: USD 1 -> TWD 1 (Forex USD to TWD (Trade ID: 597392836))
2025-05-30 08:55:22,695 | DEBUG | Creating FROM xact_unit: USD -> TWD, rate: 1.0
2025-05-30 08:55:22,696 | DEBUG | Creating TO xact_unit: TWD -> USD, rate: 1.0
2025-05-30 08:55:22,696 | DEBUG | Processing pair: USD 1 -> TWD 1 (Forex USD to TWD (Trade ID: 597800052))
2025-05-30 08:55:22,696 | DEBUG | Creating FROM xact_unit: USD -> TWD, rate: 1.0
2025-05-30 08:55:22,696 | DEBUG | Creating TO xact_unit: TWD -> USD, rate: 1.0
2025-05-30 08:55:22,696 | DEBUG | Processing pair: USD 1 -> TWD 1 (Forex USD to TWD (Trade ID: 598189275))
2025-05-30 08:55:22,696 | DEBUG | Creating FROM xact_unit: USD -> TWD, rate: 1.0
2025-05-30 08:55:22,697 | DEBUG | Creating TO xact_unit: TWD -> USD, rate: 1.0
2025-05-30 08:55:22,697 | DEBUG | Processing pair: USD 1 -> TWD 3 (Forex USD to TWD (Trade ID: 598550386))
2025-05-30 08:55:22,697 | DEBUG | Creating FROM xact_unit: USD -> TWD, rate: 3.0
2025-05-30 08:55:22,697 | DEBUG | Creating TO xact_unit: TWD -> USD, rate: 0.3333333333333333
2025-05-30 08:55:22,698 | DEBUG | Processing pair: USD 1 -> TWD 1 (Forex USD to TWD (Trade ID: 598916079))
2025-05-30 08:55:22,698 | DEBUG | Creating FROM xact_unit: USD -> TWD, rate: 1.0
2025-05-30 08:55:22,698 | DEBUG | Creating TO xact_unit: TWD -> USD, rate: 1.0
2025-05-30 08:55:22,698 | DEBUG | Processing pair: USD 1 -> TWD 1 (Forex USD to TWD (Trade ID: 599246984))
2025-05-30 08:55:22,698 | DEBUG | Creating FROM xact_unit: USD -> TWD, rate: 1.0
2025-05-30 08:55:22,698 | DEBUG | Creating TO xact_unit: TWD -> USD, rate: 1.0
2025-05-30 08:55:22,699 | DEBUG | Processing pair: USD 1 -> TWD 1 (Forex USD to TWD (Trade ID: 599645919))
2025-05-30 08:55:22,699 | DEBUG | Creating FROM xact_unit: USD -> TWD, rate: 1.0
2025-05-30 08:55:22,699 | DEBUG | Creating TO xact_unit: TWD -> USD, rate: 1.0
2025-05-30 08:55:22,699 | DEBUG | Processing pair: USD 1 -> TWD 1 (Forex USD to TWD (Trade ID: 600074224))
2025-05-30 08:55:22,699 | DEBUG | Creating FROM xact_unit: USD -> TWD, rate: 1.0
2025-05-30 08:55:22,699 | DEBUG | Creating TO xact_unit: TWD -> USD, rate: 1.0
2025-05-30 08:55:22,699 | DEBUG | Processing pair: USD 1 -> TWD 3 (Forex USD to TWD (Trade ID: 600460799))
2025-05-30 08:55:22,700 | DEBUG | Creating FROM xact_unit: USD -> TWD, rate: 3.0
2025-05-30 08:55:22,700 | DEBUG | Creating TO xact_unit: TWD -> USD, rate: 0.3333333333333333
2025-05-30 08:55:22,700 | DEBUG | Processing pair: USD 1 -> TWD 1 (Forex USD to TWD (Trade ID: 600789157))
2025-05-30 08:55:22,700 | DEBUG | Creating FROM xact_unit: USD -> TWD, rate: 1.0
2025-05-30 08:55:22,700 | DEBUG | Creating TO xact_unit: TWD -> USD, rate: 1.0
2025-05-30 08:55:22,701 | DEBUG | Processing pair: USD 1 -> TWD 1 (Forex USD to TWD (Trade ID: 601212892))
2025-05-30 08:55:22,701 | DEBUG | Creating FROM xact_unit: USD -> TWD, rate: 1.0
2025-05-30 08:55:22,701 | DEBUG | Creating TO xact_unit: TWD -> USD, rate: 1.0
2025-05-30 08:55:22,701 | DEBUG | Processing pair: USD 1 -> TWD 1 (Forex USD to TWD (Trade ID: 601653026))
2025-05-30 08:55:22,702 | DEBUG | Creating FROM xact_unit: USD -> TWD, rate: 1.0
2025-05-30 08:55:22,702 | DEBUG | Creating TO xact_unit: TWD -> USD, rate: 1.0
2025-05-30 08:55:22,702 | DEBUG | Processing pair: USD 1 -> TWD 1 (Forex USD to TWD (Trade ID: 602033781))
2025-05-30 08:55:22,702 | DEBUG | Creating FROM xact_unit: USD -> TWD, rate: 1.0
2025-05-30 08:55:22,703 | DEBUG | Creating TO xact_unit: TWD -> USD, rate: 1.0
2025-05-30 08:55:22,703 | DEBUG | Processing pair: USD 1 -> TWD 4 (Forex USD to TWD (Trade ID: 602528645))
2025-05-30 08:55:22,703 | DEBUG | Creating FROM xact_unit: USD -> TWD, rate: 4.0
2025-05-30 08:55:22,704 | DEBUG | Creating TO xact_unit: TWD -> USD, rate: 0.25
2025-05-30 08:55:22,704 | DEBUG | Processing pair: USD 1 -> TWD 1 (Forex USD to TWD (Trade ID: 602899180))
2025-05-30 08:55:22,704 | DEBUG | Creating FROM xact_unit: USD -> TWD, rate: 1.0
2025-05-30 08:55:22,704 | DEBUG | Creating TO xact_unit: TWD -> USD, rate: 1.0
2025-05-30 08:55:22,704 | DEBUG | Processing pair: USD 1 -> TWD 1 (Forex USD to TWD (Trade ID: 603237702))
2025-05-30 08:55:22,704 | DEBUG | Creating FROM xact_unit: USD -> TWD, rate: 1.0
2025-05-30 08:55:22,705 | DEBUG | Creating TO xact_unit: TWD -> USD, rate: 1.0
2025-05-30 08:55:22,705 | DEBUG | Processing pair: USD 1 -> TWD 1 (Forex USD to TWD (Trade ID: 603724061))
2025-05-30 08:55:22,705 | DEBUG | Creating FROM xact_unit: USD -> TWD, rate: 1.0
2025-05-30 08:55:22,705 | DEBUG | Creating TO xact_unit: TWD -> USD, rate: 1.0
2025-05-30 08:55:22,705 | DEBUG | Processing pair: USD 1 -> TWD 3 (Forex USD to TWD (Trade ID: 604082096))
2025-05-30 08:55:22,705 | DEBUG | Creating FROM xact_unit: USD -> TWD, rate: 3.0
2025-05-30 08:55:22,705 | DEBUG | Creating TO xact_unit: TWD -> USD, rate: 0.3333333333333333
2025-05-30 08:55:22,706 | DEBUG | Processing pair: USD 1 -> TWD 1 (Forex USD to TWD (Trade ID: 604410362))
2025-05-30 08:55:22,706 | DEBUG | Creating FROM xact_unit: USD -> TWD, rate: 1.0
2025-05-30 08:55:22,706 | DEBUG | Creating TO xact_unit: TWD -> USD, rate: 1.0
2025-05-30 08:55:22,706 | DEBUG | Processing pair: USD 1 -> TWD 1 (Forex USD to TWD (Trade ID: 604833008))
2025-05-30 08:55:22,706 | DEBUG | Creating FROM xact_unit: USD -> TWD, rate: 1.0
2025-05-30 08:55:22,706 | DEBUG | Creating TO xact_unit: TWD -> USD, rate: 1.0
2025-05-30 08:55:22,707 | DEBUG | Processing pair: USD 1 -> TWD 1 (Forex USD to TWD (Trade ID: 605219411))
2025-05-30 08:55:22,707 | DEBUG | Creating FROM xact_unit: USD -> TWD, rate: 1.0
2025-05-30 08:55:22,707 | DEBUG | Creating TO xact_unit: TWD -> USD, rate: 1.0
2025-05-30 08:55:22,707 | DEBUG | Processing pair: USD 1 -> TWD 1 (Forex USD to TWD (Trade ID: 605559977))
2025-05-30 08:55:22,708 | DEBUG | Creating FROM xact_unit: USD -> TWD, rate: 1.0
2025-05-30 08:55:22,708 | DEBUG | Creating TO xact_unit: TWD -> USD, rate: 1.0
2025-05-30 08:55:22,708 | DEBUG | Processing pair: USD 1 -> TWD 3 (Forex USD to TWD (Trade ID: 606169419))
2025-05-30 08:55:22,708 | DEBUG | Creating FROM xact_unit: USD -> TWD, rate: 3.0
2025-05-30 08:55:22,709 | DEBUG | Creating TO xact_unit: TWD -> USD, rate: 0.3333333333333333
2025-05-30 08:55:22,709 | DEBUG | Processing pair: USD 1 -> TWD 2 (Forex USD to TWD (Trade ID: 606523740))
2025-05-30 08:55:22,709 | DEBUG | Creating FROM xact_unit: USD -> TWD, rate: 2.0
2025-05-30 08:55:22,709 | DEBUG | Creating TO xact_unit: TWD -> USD, rate: 0.5
2025-05-30 08:55:22,709 | DEBUG | Processing pair: USD 1 -> TWD 1 (Forex USD to TWD (Trade ID: 606985090))
2025-05-30 08:55:22,710 | DEBUG | Creating FROM xact_unit: USD -> TWD, rate: 1.0
2025-05-30 08:55:22,710 | DEBUG | Creating TO xact_unit: TWD -> USD, rate: 1.0
2025-05-30 08:55:22,710 | DEBUG | Processing pair: USD 1 -> TWD 1 (Forex USD to TWD (Trade ID: 607373199))
2025-05-30 08:55:22,710 | DEBUG | Creating FROM xact_unit: USD -> TWD, rate: 1.0
2025-05-30 08:55:22,710 | DEBUG | Creating TO xact_unit: TWD -> USD, rate: 1.0
2025-05-30 08:55:22,710 | DEBUG | Processing pair: USD 1 -> TWD 3 (Forex USD to TWD (Trade ID: 607758101))
2025-05-30 08:55:22,711 | DEBUG | Creating FROM xact_unit: USD -> TWD, rate: 3.0
2025-05-30 08:55:22,711 | DEBUG | Creating TO xact_unit: TWD -> USD, rate: 0.3333333333333333
2025-05-30 08:55:22,711 | DEBUG | Processing pair: USD 1 -> TWD 1 (Forex USD to TWD (Trade ID: 608286079))
2025-05-30 08:55:22,711 | DEBUG | Creating FROM xact_unit: USD -> TWD, rate: 1.0
2025-05-30 08:55:22,711 | DEBUG | Creating TO xact_unit: TWD -> USD, rate: 1.0
2025-05-30 08:55:22,712 | DEBUG | Processing pair: USD 1 -> TWD 1 (Forex USD to TWD (Trade ID: 608701936))
2025-05-30 08:55:22,712 | DEBUG | Creating FROM xact_unit: USD -> TWD, rate: 1.0
2025-05-30 08:55:22,712 | DEBUG | Creating TO xact_unit: TWD -> USD, rate: 1.0
2025-05-30 08:55:22,712 | DEBUG | Processing pair: USD 1 -> TWD 1 (Forex USD to TWD (Trade ID: 609474423))
2025-05-30 08:55:22,713 | DEBUG | Creating FROM xact_unit: USD -> TWD, rate: 1.0
2025-05-30 08:55:22,713 | DEBUG | Creating TO xact_unit: TWD -> USD, rate: 1.0
2025-05-30 08:55:22,713 | DEBUG | Processing pair: USD 1 -> TWD 1 (Forex USD to TWD (Trade ID: 610198272))
2025-05-30 08:55:22,714 | DEBUG | Creating FROM xact_unit: USD -> TWD, rate: 1.0
2025-05-30 08:55:22,714 | DEBUG | Creating TO xact_unit: TWD -> USD, rate: 1.0
2025-05-30 08:55:22,714 | DEBUG | Processing pair: USD 1 -> TWD 3 (Forex USD to TWD (Trade ID: 610806801))
2025-05-30 08:55:22,714 | DEBUG | Creating FROM xact_unit: USD -> TWD, rate: 3.0
2025-05-30 08:55:22,714 | DEBUG | Creating TO xact_unit: TWD -> USD, rate: 0.3333333333333333
2025-05-30 08:55:22,715 | DEBUG | Processing pair: USD 1 -> TWD 1 (Forex USD to TWD (Trade ID: 612794039))
2025-05-30 08:55:22,715 | DEBUG | Creating FROM xact_unit: USD -> TWD, rate: 1.0
2025-05-30 08:55:22,715 | DEBUG | Creating TO xact_unit: TWD -> USD, rate: 1.0
2025-05-30 08:55:22,715 | DEBUG | Processing pair: USD 1 -> TWD 1 (Forex USD to TWD (Trade ID: 612794310))
2025-05-30 08:55:22,715 | DEBUG | Creating FROM xact_unit: USD -> TWD, rate: 1.0
2025-05-30 08:55:22,715 | DEBUG | Creating TO xact_unit: TWD -> USD, rate: 1.0
2025-05-30 08:55:22,716 | DEBUG | Processing pair: USD 1 -> TWD 3 (Forex USD to TWD (Trade ID: 613473249))
2025-05-30 08:55:22,716 | DEBUG | Creating FROM xact_unit: USD -> TWD, rate: 3.0
2025-05-30 08:55:22,716 | DEBUG | Creating TO xact_unit: TWD -> USD, rate: 0.3333333333333333
2025-05-30 08:55:22,716 | DEBUG | Processing pair: USD 1 -> TWD 3 (Forex USD to TWD (Trade ID: 614298431))
2025-05-30 08:55:22,717 | DEBUG | Creating FROM xact_unit: USD -> TWD, rate: 3.0
2025-05-30 08:55:22,717 | DEBUG | Creating TO xact_unit: TWD -> USD, rate: 0.3333333333333333
2025-05-30 08:55:22,717 | DEBUG | Processing pair: USD 1 -> TWD 1 (Forex USD to TWD (Trade ID: 614977652))
2025-05-30 08:55:22,717 | DEBUG | Creating FROM xact_unit: USD -> TWD, rate: 1.0
2025-05-30 08:55:22,717 | DEBUG | Creating TO xact_unit: TWD -> USD, rate: 1.0
2025-05-30 08:55:22,717 | DEBUG | Processing pair: USD 1 -> TWD 1 (Forex USD to TWD (Trade ID: 615918977))
2025-05-30 08:55:22,718 | DEBUG | Creating FROM xact_unit: USD -> TWD, rate: 1.0
2025-05-30 08:55:22,718 | DEBUG | Creating TO xact_unit: TWD -> USD, rate: 1.0
2025-05-30 08:55:22,718 | DEBUG | Processing pair: USD 1 -> TWD 2 (Forex USD to TWD (Trade ID: 616372767))
2025-05-30 08:55:22,718 | DEBUG | Creating FROM xact_unit: USD -> TWD, rate: 2.0
2025-05-30 08:55:22,718 | DEBUG | Creating TO xact_unit: TWD -> USD, rate: 0.5
2025-05-30 08:55:22,718 | DEBUG | Processing pair: USD 1 -> TWD 6 (Forex USD to TWD (Trade ID: 616855278))
2025-05-30 08:55:22,719 | DEBUG | Creating FROM xact_unit: USD -> TWD, rate: 6.0
2025-05-30 08:55:22,719 | DEBUG | Creating TO xact_unit: TWD -> USD, rate: 0.16666666666666666
2025-05-30 08:55:22,719 | DEBUG | Processing pair: USD 1 -> TWD 2 (Forex USD to TWD (Trade ID: 617448537))
2025-05-30 08:55:22,719 | DEBUG | Creating FROM xact_unit: USD -> TWD, rate: 2.0
2025-05-30 08:55:22,719 | DEBUG | Creating TO xact_unit: TWD -> USD, rate: 0.5
2025-05-30 08:55:22,719 | DEBUG | Processing pair: USD 1 -> TWD 2 (Forex USD to TWD (Trade ID: 617882910))
2025-05-30 08:55:22,720 | DEBUG | Creating FROM xact_unit: USD -> TWD, rate: 2.0
2025-05-30 08:55:22,720 | DEBUG | Creating TO xact_unit: TWD -> USD, rate: 0.5
2025-05-30 08:55:22,720 | DEBUG | Processing pair: USD 1 -> TWD 1 (Forex USD to TWD (Trade ID: 618368240))
2025-05-30 08:55:22,720 | DEBUG | Creating FROM xact_unit: USD -> TWD, rate: 1.0
2025-05-30 08:55:22,720 | DEBUG | Creating TO xact_unit: TWD -> USD, rate: 1.0
2025-05-30 08:55:22,720 | DEBUG | Processing pair: USD 1 -> TWD 1 (Forex USD to TWD (Trade ID: 618850111))
2025-05-30 08:55:22,721 | DEBUG | Creating FROM xact_unit: USD -> TWD, rate: 1.0
2025-05-30 08:55:22,721 | DEBUG | Creating TO xact_unit: TWD -> USD, rate: 1.0
2025-05-30 08:55:22,721 | DEBUG | Processing pair: USD 1 -> TWD 6 (Forex USD to TWD (Trade ID: 619283582))
2025-05-30 08:55:22,721 | DEBUG | Creating FROM xact_unit: USD -> TWD, rate: 6.0
2025-05-30 08:55:22,721 | DEBUG | Creating TO xact_unit: TWD -> USD, rate: 0.16666666666666666
2025-05-30 08:55:22,721 | DEBUG | Processing pair: USD 1 -> TWD 2 (Forex USD to TWD (Trade ID: 619678952))
2025-05-30 08:55:22,722 | DEBUG | Creating FROM xact_unit: USD -> TWD, rate: 2.0
2025-05-30 08:55:22,722 | DEBUG | Creating TO xact_unit: TWD -> USD, rate: 0.5
2025-05-30 08:55:22,722 | DEBUG | Processing pair: USD 1 -> TWD 2 (Forex USD to TWD (Trade ID: 620129221))
2025-05-30 08:55:22,722 | DEBUG | Creating FROM xact_unit: USD -> TWD, rate: 2.0
2025-05-30 08:55:22,722 | DEBUG | Creating TO xact_unit: TWD -> USD, rate: 0.5
2025-05-30 08:55:22,723 | DEBUG | Processing pair: USD 1 -> TWD 2 (Forex USD to TWD (Trade ID: 620566234))
2025-05-30 08:55:22,723 | DEBUG | Creating FROM xact_unit: USD -> TWD, rate: 2.0
2025-05-30 08:55:22,723 | DEBUG | Creating TO xact_unit: TWD -> USD, rate: 0.5
2025-05-30 08:55:22,723 | DEBUG | Processing pair: USD 1 -> TWD 1 (Forex USD to TWD (Trade ID: 621040052))
2025-05-30 08:55:22,724 | DEBUG | Creating FROM xact_unit: USD -> TWD, rate: 1.0
2025-05-30 08:55:22,724 | DEBUG | Creating TO xact_unit: TWD -> USD, rate: 1.0
2025-05-30 08:55:22,724 | DEBUG | Processing pair: USD 1 -> TWD 6 (Forex USD to TWD (Trade ID: 621496210))
2025-05-30 08:55:22,724 | DEBUG | Creating FROM xact_unit: USD -> TWD, rate: 6.0
2025-05-30 08:55:22,724 | DEBUG | Creating TO xact_unit: TWD -> USD, rate: 0.16666666666666666
2025-05-30 08:55:22,725 | DEBUG | Processing pair: USD 1 -> TWD 2 (Forex USD to TWD (Trade ID: 621987233))
2025-05-30 08:55:22,725 | DEBUG | Creating FROM xact_unit: USD -> TWD, rate: 2.0
2025-05-30 08:55:22,725 | DEBUG | Creating TO xact_unit: TWD -> USD, rate: 0.5
2025-05-30 08:55:22,725 | DEBUG | Processing pair: USD 1 -> TWD 2 (Forex USD to TWD (Trade ID: 623031805))
2025-05-30 08:55:22,726 | DEBUG | Creating FROM xact_unit: USD -> TWD, rate: 2.0
2025-05-30 08:55:22,726 | DEBUG | Creating TO xact_unit: TWD -> USD, rate: 0.5
2025-05-30 08:55:22,726 | DEBUG | Processing pair: USD 1 -> TWD 4 (Forex USD to TWD (Trade ID: 623468291))
2025-05-30 08:55:22,726 | DEBUG | Creating FROM xact_unit: USD -> TWD, rate: 4.0
2025-05-30 08:55:22,726 | DEBUG | Creating TO xact_unit: TWD -> USD, rate: 0.25
2025-05-30 08:55:22,726 | DEBUG | Processing pair: USD 1 -> TWD 6 (Forex USD to TWD (Trade ID: 623861831))
2025-05-30 08:55:22,727 | DEBUG | Creating FROM xact_unit: USD -> TWD, rate: 6.0
2025-05-30 08:55:22,727 | DEBUG | Creating TO xact_unit: TWD -> USD, rate: 0.16666666666666666
2025-05-30 08:55:22,727 | DEBUG | Processing pair: USD 1 -> TWD 2 (Forex USD to TWD (Trade ID: 624349701))
2025-05-30 08:55:22,727 | DEBUG | Creating FROM xact_unit: USD -> TWD, rate: 2.0
2025-05-30 08:55:22,727 | DEBUG | Creating TO xact_unit: TWD -> USD, rate: 0.5
2025-05-30 08:55:22,727 | DEBUG | Processing pair: USD 1 -> TWD 2 (Forex USD to TWD (Trade ID: 625034378))
2025-05-30 08:55:22,728 | DEBUG | Creating FROM xact_unit: USD -> TWD, rate: 2.0
2025-05-30 08:55:22,728 | DEBUG | Creating TO xact_unit: TWD -> USD, rate: 0.5
2025-05-30 08:55:22,728 | DEBUG | Processing pair: USD 1 -> TWD 2 (Forex USD to TWD (Trade ID: 625645503))
2025-05-30 08:55:22,728 | DEBUG | Creating FROM xact_unit: USD -> TWD, rate: 2.0
2025-05-30 08:55:22,728 | DEBUG | Creating TO xact_unit: TWD -> USD, rate: 0.5
2025-05-30 08:55:22,729 | DEBUG | Processing pair: USD 1 -> TWD 2 (Forex USD to TWD (Trade ID: 626281829))
2025-05-30 08:55:22,729 | DEBUG | Creating FROM xact_unit: USD -> TWD, rate: 2.0
2025-05-30 08:55:22,729 | DEBUG | Creating TO xact_unit: TWD -> USD, rate: 0.5
2025-05-30 08:55:22,729 | DEBUG | Processing pair: USD 1 -> TWD 3 (Forex USD to TWD (Trade ID: 626931970))
2025-05-30 08:55:22,729 | DEBUG | Creating FROM xact_unit: USD -> TWD, rate: 3.0
2025-05-30 08:55:22,729 | DEBUG | Creating TO xact_unit: TWD -> USD, rate: 0.3333333333333333
2025-05-30 08:55:22,729 | DEBUG | Processing pair: USD 1 -> TWD 2 (Forex USD to TWD (Trade ID: 627539358))
2025-05-30 08:55:22,730 | DEBUG | Creating FROM xact_unit: USD -> TWD, rate: 2.0
2025-05-30 08:55:22,730 | DEBUG | Creating TO xact_unit: TWD -> USD, rate: 0.5
2025-05-30 08:55:22,730 | DEBUG | Processing pair: USD 1 -> TWD 1 (Forex USD to TWD (Trade ID: 628083616))
2025-05-30 08:55:22,730 | DEBUG | Creating FROM xact_unit: USD -> TWD, rate: 1.0
2025-05-30 08:55:22,730 | DEBUG | Creating TO xact_unit: TWD -> USD, rate: 1.0
2025-05-30 08:55:22,730 | DEBUG | Processing pair: USD 1 -> TWD 1 (Forex USD to TWD (Trade ID: 628601574))
2025-05-30 08:55:22,730 | DEBUG | Creating FROM xact_unit: USD -> TWD, rate: 1.0
2025-05-30 08:55:22,731 | DEBUG | Creating TO xact_unit: TWD -> USD, rate: 1.0
2025-05-30 08:55:22,731 | DEBUG | Processing pair: USD 1 -> TWD 1 (Forex USD to TWD (Trade ID: 629123468))
2025-05-30 08:55:22,731 | DEBUG | Creating FROM xact_unit: USD -> TWD, rate: 1.0
2025-05-30 08:55:22,731 | DEBUG | Creating TO xact_unit: TWD -> USD, rate: 1.0
2025-05-30 08:55:22,731 | DEBUG | Processing pair: USD 1 -> TWD 3 (Forex USD to TWD (Trade ID: 629617537))
2025-05-30 08:55:22,731 | DEBUG | Creating FROM xact_unit: USD -> TWD, rate: 3.0
2025-05-30 08:55:22,732 | DEBUG | Creating TO xact_unit: TWD -> USD, rate: 0.3333333333333333
2025-05-30 08:55:22,732 | DEBUG | Processing pair: USD 1 -> TWD 1 (Forex USD to TWD (Trade ID: 630063275))
2025-05-30 08:55:22,732 | DEBUG | Creating FROM xact_unit: USD -> TWD, rate: 1.0
2025-05-30 08:55:22,732 | DEBUG | Creating TO xact_unit: TWD -> USD, rate: 1.0
2025-05-30 08:55:22,732 | DEBUG | Processing pair: USD 1 -> TWD 2 (Forex USD to TWD (Trade ID: 630545774))
2025-05-30 08:55:22,733 | DEBUG | Creating FROM xact_unit: USD -> TWD, rate: 2.0
2025-05-30 08:55:22,733 | DEBUG | Creating TO xact_unit: TWD -> USD, rate: 0.5
2025-05-30 08:55:22,733 | DEBUG | Processing pair: USD 1 -> TWD 1 (Forex USD to TWD (Trade ID: 631166359))
2025-05-30 08:55:22,733 | DEBUG | Creating FROM xact_unit: USD -> TWD, rate: 1.0
2025-05-30 08:55:22,733 | DEBUG | Creating TO xact_unit: TWD -> USD, rate: 1.0
2025-05-30 08:55:22,733 | DEBUG | Processing pair: USD 1 -> TWD 1 (Forex USD to TWD (Trade ID: 631734442))
2025-05-30 08:55:22,734 | DEBUG | Creating FROM xact_unit: USD -> TWD, rate: 1.0
2025-05-30 08:55:22,734 | DEBUG | Creating TO xact_unit: TWD -> USD, rate: 1.0
2025-05-30 08:55:22,734 | DEBUG | Processing pair: USD 1 -> TWD 6 (Forex USD to TWD (Trade ID: 632302404))
2025-05-30 08:55:22,734 | DEBUG | Creating FROM xact_unit: USD -> TWD, rate: 6.0
2025-05-30 08:55:22,735 | DEBUG | Creating TO xact_unit: TWD -> USD, rate: 0.16666666666666666
2025-05-30 08:55:22,735 | DEBUG | Processing pair: USD 1 -> TWD 1 (Forex USD to TWD (Trade ID: 632751551))
2025-05-30 08:55:22,735 | DEBUG | Creating FROM xact_unit: USD -> TWD, rate: 1.0
2025-05-30 08:55:22,735 | DEBUG | Creating TO xact_unit: TWD -> USD, rate: 1.0
2025-05-30 08:55:22,735 | DEBUG | Processing pair: USD 1 -> TWD 1 (Forex USD to TWD (Trade ID: 633222299))
2025-05-30 08:55:22,736 | DEBUG | Creating FROM xact_unit: USD -> TWD, rate: 1.0
2025-05-30 08:55:22,736 | DEBUG | Creating TO xact_unit: TWD -> USD, rate: 1.0
2025-05-30 08:55:22,736 | DEBUG | Processing pair: USD 1 -> TWD 2 (Forex USD to TWD (Trade ID: 633761405))
2025-05-30 08:55:22,736 | DEBUG | Creating FROM xact_unit: USD -> TWD, rate: 2.0
2025-05-30 08:55:22,737 | DEBUG | Creating TO xact_unit: TWD -> USD, rate: 0.5
2025-05-30 08:55:22,737 | DEBUG | Processing pair: USD 1 -> TWD 3 (Forex USD to TWD (Trade ID: 634262160))
2025-05-30 08:55:22,737 | DEBUG | Creating FROM xact_unit: USD -> TWD, rate: 3.0
2025-05-30 08:55:22,737 | DEBUG | Creating TO xact_unit: TWD -> USD, rate: 0.3333333333333333
2025-05-30 08:55:22,738 | DEBUG | Processing pair: USD 1 -> TWD 2 (Forex USD to TWD (Trade ID: 634693213))
2025-05-30 08:55:22,738 | DEBUG | Creating FROM xact_unit: USD -> TWD, rate: 2.0
2025-05-30 08:55:22,738 | DEBUG | Creating TO xact_unit: TWD -> USD, rate: 0.5
2025-05-30 08:55:22,738 | DEBUG | Processing pair: USD 1 -> TWD 2 (Forex USD to TWD (Trade ID: 635145378))
2025-05-30 08:55:22,739 | DEBUG | Creating FROM xact_unit: USD -> TWD, rate: 2.0
2025-05-30 08:55:22,739 | DEBUG | Creating TO xact_unit: TWD -> USD, rate: 0.5
2025-05-30 08:55:22,739 | DEBUG | Processing pair: USD 1 -> TWD 2 (Forex USD to TWD (Trade ID: 635571973))
2025-05-30 08:55:22,739 | DEBUG | Creating FROM xact_unit: USD -> TWD, rate: 2.0
2025-05-30 08:55:22,739 | DEBUG | Creating TO xact_unit: TWD -> USD, rate: 0.5
2025-05-30 08:55:22,739 | DEBUG | Processing pair: USD 1 -> TWD 2 (Forex USD to TWD (Trade ID: 636088963))
2025-05-30 08:55:22,740 | DEBUG | Creating FROM xact_unit: USD -> TWD, rate: 2.0
2025-05-30 08:55:22,740 | DEBUG | Creating TO xact_unit: TWD -> USD, rate: 0.5
2025-05-30 08:55:22,740 | DEBUG | Processing pair: USD 1 -> TWD 6 (Forex USD to TWD (Trade ID: 636835578))
2025-05-30 08:55:22,740 | DEBUG | Creating FROM xact_unit: USD -> TWD, rate: 6.0
2025-05-30 08:55:22,740 | DEBUG | Creating TO xact_unit: TWD -> USD, rate: 0.16666666666666666
2025-05-30 08:55:22,740 | DEBUG | Processing pair: USD 1 -> TWD 2 (Forex USD to TWD (Trade ID: 637398687))
2025-05-30 08:55:22,741 | DEBUG | Creating FROM xact_unit: USD -> TWD, rate: 2.0
2025-05-30 08:55:22,741 | DEBUG | Creating TO xact_unit: TWD -> USD, rate: 0.5
2025-05-30 08:55:22,741 | DEBUG | Processing pair: USD 1 -> TWD 2 (Forex USD to TWD (Trade ID: 637891461))
2025-05-30 08:55:22,741 | DEBUG | Creating FROM xact_unit: USD -> TWD, rate: 2.0
2025-05-30 08:55:22,741 | DEBUG | Creating TO xact_unit: TWD -> USD, rate: 0.5
2025-05-30 08:55:22,741 | DEBUG | Processing pair: USD 1 -> TWD 2 (Forex USD to TWD (Trade ID: 638344139))
2025-05-30 08:55:22,742 | DEBUG | Creating FROM xact_unit: USD -> TWD, rate: 2.0
2025-05-30 08:55:22,742 | DEBUG | Creating TO xact_unit: TWD -> USD, rate: 0.5
2025-05-30 08:55:22,742 | DEBUG | Processing pair: USD 1 -> TWD 2 (Forex USD to TWD (Trade ID: 638833240))
2025-05-30 08:55:22,742 | DEBUG | Creating FROM xact_unit: USD -> TWD, rate: 2.0
2025-05-30 08:55:22,742 | DEBUG | Creating TO xact_unit: TWD -> USD, rate: 0.5
2025-05-30 08:55:22,743 | DEBUG | Processing pair: USD 1 -> TWD 6 (Forex USD to TWD (Trade ID: 639419137))
2025-05-30 08:55:22,743 | DEBUG | Creating FROM xact_unit: USD -> TWD, rate: 6.0
2025-05-30 08:55:22,743 | DEBUG | Creating TO xact_unit: TWD -> USD, rate: 0.16666666666666666
2025-05-30 08:55:22,743 | DEBUG | Processing pair: USD 1 -> TWD 2 (Forex USD to TWD (Trade ID: 639959270))
2025-05-30 08:55:22,743 | DEBUG | Creating FROM xact_unit: USD -> TWD, rate: 2.0
2025-05-30 08:55:22,744 | DEBUG | Creating TO xact_unit: TWD -> USD, rate: 0.5
2025-05-30 08:55:22,744 | DEBUG | Processing pair: USD 1 -> TWD 2 (Forex USD to TWD (Trade ID: 640605813))
2025-05-30 08:55:22,744 | DEBUG | Creating FROM xact_unit: USD -> TWD, rate: 2.0
2025-05-30 08:55:22,744 | DEBUG | Creating TO xact_unit: TWD -> USD, rate: 0.5
2025-05-30 08:55:22,744 | DEBUG | Processing pair: USD 1 -> TWD 2 (Forex USD to TWD (Trade ID: 641224804))
2025-05-30 08:55:22,745 | DEBUG | Creating FROM xact_unit: USD -> TWD, rate: 2.0
2025-05-30 08:55:22,745 | DEBUG | Creating TO xact_unit: TWD -> USD, rate: 0.5
2025-05-30 08:55:22,745 | DEBUG | Processing pair: USD 1 -> TWD 2 (Forex USD to TWD (Trade ID: 641813837))
2025-05-30 08:55:22,745 | DEBUG | Creating FROM xact_unit: USD -> TWD, rate: 2.0
2025-05-30 08:55:22,746 | DEBUG | Creating TO xact_unit: TWD -> USD, rate: 0.5
2025-05-30 08:55:22,746 | DEBUG | Processing pair: USD 1 -> TWD 6 (Forex USD to TWD (Trade ID: 642295086))
2025-05-30 08:55:22,746 | DEBUG | Creating FROM xact_unit: USD -> TWD, rate: 6.0
2025-05-30 08:55:22,746 | DEBUG | Creating TO xact_unit: TWD -> USD, rate: 0.16666666666666666
2025-05-30 08:55:22,746 | DEBUG | Processing pair: USD 1 -> TWD 2 (Forex USD to TWD (Trade ID: 642618347))
2025-05-30 08:55:22,747 | DEBUG | Creating FROM xact_unit: USD -> TWD, rate: 2.0
2025-05-30 08:55:22,747 | DEBUG | Creating TO xact_unit: TWD -> USD, rate: 0.5
2025-05-30 08:55:22,747 | DEBUG | Processing pair: USD 1 -> TWD 4 (Forex USD to TWD (Trade ID: 642950341))
2025-05-30 08:55:22,748 | DEBUG | Creating FROM xact_unit: USD -> TWD, rate: 4.0
2025-05-30 08:55:22,748 | DEBUG | Creating TO xact_unit: TWD -> USD, rate: 0.25
2025-05-30 08:55:22,748 | DEBUG | Processing pair: USD 1 -> TWD 2 (Forex USD to TWD (Trade ID: 643441564))
2025-05-30 08:55:22,749 | DEBUG | Creating FROM xact_unit: USD -> TWD, rate: 2.0
2025-05-30 08:55:22,749 | DEBUG | Creating TO xact_unit: TWD -> USD, rate: 0.5
2025-05-30 08:55:22,749 | DEBUG | Processing pair: USD 1 -> TWD 6 (Forex USD to TWD (Trade ID: 643959995))
2025-05-30 08:55:22,749 | DEBUG | Creating FROM xact_unit: USD -> TWD, rate: 6.0
2025-05-30 08:55:22,749 | DEBUG | Creating TO xact_unit: TWD -> USD, rate: 0.16666666666666666
2025-05-30 08:55:22,750 | DEBUG | Processing pair: USD 1 -> TWD 2 (Forex USD to TWD (Trade ID: 644349918))
2025-05-30 08:55:22,750 | DEBUG | Creating FROM xact_unit: USD -> TWD, rate: 2.0
2025-05-30 08:55:22,750 | DEBUG | Creating TO xact_unit: TWD -> USD, rate: 0.5
2025-05-30 08:55:22,750 | DEBUG | Processing pair: USD 1 -> TWD 4 (Forex USD to TWD (Trade ID: 644905177))
2025-05-30 08:55:22,750 | DEBUG | Creating FROM xact_unit: USD -> TWD, rate: 4.0
2025-05-30 08:55:22,750 | DEBUG | Creating TO xact_unit: TWD -> USD, rate: 0.25
2025-05-30 08:55:22,751 | DEBUG | Processing pair: USD 1 -> TWD 2 (Forex USD to TWD (Trade ID: 645399047))
2025-05-30 08:55:22,751 | DEBUG | Creating FROM xact_unit: USD -> TWD, rate: 2.0
2025-05-30 08:55:22,751 | DEBUG | Creating TO xact_unit: TWD -> USD, rate: 0.5
2025-05-30 08:55:22,751 | DEBUG | Processing pair: USD 1 -> TWD 6 (Forex USD to TWD (Trade ID: 646020567))
2025-05-30 08:55:22,751 | DEBUG | Creating FROM xact_unit: USD -> TWD, rate: 6.0
2025-05-30 08:55:22,752 | DEBUG | Creating TO xact_unit: TWD -> USD, rate: 0.16666666666666666
2025-05-30 08:55:22,752 | DEBUG | Processing pair: USD 1 -> TWD 2 (Forex USD to TWD (Trade ID: 646609267))
2025-05-30 08:55:22,752 | DEBUG | Creating FROM xact_unit: USD -> TWD, rate: 2.0
2025-05-30 08:55:22,752 | DEBUG | Creating TO xact_unit: TWD -> USD, rate: 0.5
2025-05-30 08:55:22,753 | DEBUG | Processing pair: USD 1 -> TWD 2 (Forex USD to TWD (Trade ID: 647125478))
2025-05-30 08:55:22,753 | DEBUG | Creating FROM xact_unit: USD -> TWD, rate: 2.0
2025-05-30 08:55:22,753 | DEBUG | Creating TO xact_unit: TWD -> USD, rate: 0.5
2025-05-30 08:55:22,753 | DEBUG | Processing pair: USD 1 -> TWD 2 (Forex USD to TWD (Trade ID: 647215909))
2025-05-30 08:55:22,753 | DEBUG | Creating FROM xact_unit: USD -> TWD, rate: 2.0
2025-05-30 08:55:22,754 | DEBUG | Creating TO xact_unit: TWD -> USD, rate: 0.5
2025-05-30 08:55:22,754 | DEBUG | Processing pair: USD 1 -> TWD 2 (Forex USD to TWD (Trade ID: 647731981))
2025-05-30 08:55:22,754 | DEBUG | Creating FROM xact_unit: USD -> TWD, rate: 2.0
2025-05-30 08:55:22,754 | DEBUG | Creating TO xact_unit: TWD -> USD, rate: 0.5
2025-05-30 08:55:22,755 | DEBUG | Processing pair: USD 1 -> TWD 6 (Forex USD to TWD (Trade ID: 648209274))
2025-05-30 08:55:22,755 | DEBUG | Creating FROM xact_unit: USD -> TWD, rate: 6.0
2025-05-30 08:55:22,755 | DEBUG | Creating TO xact_unit: TWD -> USD, rate: 0.16666666666666666
2025-05-30 08:55:22,755 | DEBUG | Processing pair: USD 1 -> TWD 2 (Forex USD to TWD (Trade ID: 648673251))
2025-05-30 08:55:22,755 | DEBUG | Creating FROM xact_unit: USD -> TWD, rate: 2.0
2025-05-30 08:55:22,756 | DEBUG | Creating TO xact_unit: TWD -> USD, rate: 0.5
2025-05-30 08:55:22,756 | DEBUG | Processing pair: USD 1 -> TWD 2 (Forex USD to TWD (Trade ID: 649113524))
2025-05-30 08:55:22,756 | DEBUG | Creating FROM xact_unit: USD -> TWD, rate: 2.0
2025-05-30 08:55:22,756 | DEBUG | Creating TO xact_unit: TWD -> USD, rate: 0.5
2025-05-30 08:55:22,756 | DEBUG | Processing pair: USD 1 -> TWD 2 (Forex USD to TWD (Trade ID: 649541772))
2025-05-30 08:55:22,757 | DEBUG | Creating FROM xact_unit: USD -> TWD, rate: 2.0
2025-05-30 08:55:22,757 | DEBUG | Creating TO xact_unit: TWD -> USD, rate: 0.5
2025-05-30 08:55:22,757 | DEBUG | Processing pair: USD 1 -> TWD 2 (Forex USD to TWD (Trade ID: 649988605))
2025-05-30 08:55:22,758 | DEBUG | Creating FROM xact_unit: USD -> TWD, rate: 2.0
2025-05-30 08:55:22,758 | DEBUG | Creating TO xact_unit: TWD -> USD, rate: 0.5
2025-05-30 08:55:22,758 | DEBUG | Processing pair: USD 1 -> TWD 8 (Forex USD to TWD (Trade ID: 650657987))
2025-05-30 08:55:22,758 | DEBUG | Creating FROM xact_unit: USD -> TWD, rate: 8.0
2025-05-30 08:55:22,758 | DEBUG | Creating TO xact_unit: TWD -> USD, rate: 0.125
2025-05-30 08:55:22,759 | DEBUG | Processing pair: USD 1 -> TWD 2 (Forex USD to TWD (Trade ID: 651120194))
2025-05-30 08:55:22,759 | DEBUG | Creating FROM xact_unit: USD -> TWD, rate: 2.0
2025-05-30 08:55:22,759 | DEBUG | Creating TO xact_unit: TWD -> USD, rate: 0.5
2025-05-30 08:55:22,759 | DEBUG | Processing pair: USD 1 -> TWD 2 (Forex USD to TWD (Trade ID: 655634368))
2025-05-30 08:55:22,759 | DEBUG | Creating FROM xact_unit: USD -> TWD, rate: 2.0
2025-05-30 08:55:22,760 | DEBUG | Creating TO xact_unit: TWD -> USD, rate: 0.5
2025-05-30 08:55:22,760 | DEBUG | Processing pair: USD 1 -> TWD 2 (Forex USD to TWD (Trade ID: 656097825))
2025-05-30 08:55:22,760 | DEBUG | Creating FROM xact_unit: USD -> TWD, rate: 2.0
2025-05-30 08:55:22,760 | DEBUG | Creating TO xact_unit: TWD -> USD, rate: 0.5
2025-05-30 08:55:22,760 | DEBUG | Processing pair: USD 1 -> TWD 2 (Forex USD to TWD (Trade ID: 656586178))
2025-05-30 08:55:22,760 | DEBUG | Creating FROM xact_unit: USD -> TWD, rate: 2.0
2025-05-30 08:55:22,761 | DEBUG | Creating TO xact_unit: TWD -> USD, rate: 0.5
2025-05-30 08:55:22,761 | DEBUG | Processing pair: USD 1 -> TWD 2 (Forex USD to TWD (Trade ID: 657170024))
2025-05-30 08:55:22,761 | DEBUG | Creating FROM xact_unit: USD -> TWD, rate: 2.0
2025-05-30 08:55:22,761 | DEBUG | Creating TO xact_unit: TWD -> USD, rate: 0.5
2025-05-30 08:55:22,761 | DEBUG | Processing pair: USD 1 -> TWD 6 (Forex USD to TWD (Trade ID: 657721192))
2025-05-30 08:55:22,761 | DEBUG | Creating FROM xact_unit: USD -> TWD, rate: 6.0
2025-05-30 08:55:22,761 | DEBUG | Creating TO xact_unit: TWD -> USD, rate: 0.16666666666666666
2025-05-30 08:55:22,762 | DEBUG | Processing pair: USD 1 -> TWD 2 (Forex USD to TWD (Trade ID: 658222939))
2025-05-30 08:55:22,762 | DEBUG | Creating FROM xact_unit: USD -> TWD, rate: 2.0
2025-05-30 08:55:22,762 | DEBUG | Creating TO xact_unit: TWD -> USD, rate: 0.5
2025-05-30 08:55:22,762 | DEBUG | Processing pair: USD 1 -> TWD 2 (Forex USD to TWD (Trade ID: 658799426))
2025-05-30 08:55:22,763 | DEBUG | Creating FROM xact_unit: USD -> TWD, rate: 2.0
2025-05-30 08:55:22,763 | DEBUG | Creating TO xact_unit: TWD -> USD, rate: 0.5
2025-05-30 08:55:22,763 | DEBUG | Processing pair: USD 1 -> TWD 2 (Forex USD to TWD (Trade ID: 659461921))
2025-05-30 08:55:22,763 | DEBUG | Creating FROM xact_unit: USD -> TWD, rate: 2.0
2025-05-30 08:55:22,763 | DEBUG | Creating TO xact_unit: TWD -> USD, rate: 0.5
2025-05-30 08:55:22,763 | DEBUG | Processing pair: USD 1 -> TWD 2 (Forex USD to TWD (Trade ID: 660141928))
2025-05-30 08:55:22,764 | DEBUG | Creating FROM xact_unit: USD -> TWD, rate: 2.0
2025-05-30 08:55:22,764 | DEBUG | Creating TO xact_unit: TWD -> USD, rate: 0.5
2025-05-30 08:55:22,764 | DEBUG | Processing pair: USD 1 -> TWD 8 (Forex USD to TWD (Trade ID: 661028921))
2025-05-30 08:55:22,764 | DEBUG | Creating FROM xact_unit: USD -> TWD, rate: 8.0
2025-05-30 08:55:22,764 | DEBUG | Creating TO xact_unit: TWD -> USD, rate: 0.125
2025-05-30 08:55:22,764 | DEBUG | Processing pair: USD 1 -> TWD 2 (Forex USD to TWD (Trade ID: 661569693))
2025-05-30 08:55:22,764 | DEBUG | Creating FROM xact_unit: USD -> TWD, rate: 2.0
2025-05-30 08:55:22,765 | DEBUG | Creating TO xact_unit: TWD -> USD, rate: 0.5
2025-05-30 08:55:22,765 | DEBUG | Processing pair: USD 1 -> TWD 2 (Forex USD to TWD (Trade ID: 662214672))
2025-05-30 08:55:22,765 | DEBUG | Creating FROM xact_unit: USD -> TWD, rate: 2.0
2025-05-30 08:55:22,765 | DEBUG | Creating TO xact_unit: TWD -> USD, rate: 0.5
2025-05-30 08:55:22,765 | DEBUG | Processing pair: USD 1 -> TWD 2 (Forex USD to TWD (Trade ID: 662950355))
2025-05-30 08:55:22,765 | DEBUG | Creating FROM xact_unit: USD -> TWD, rate: 2.0
2025-05-30 08:55:22,765 | DEBUG | Creating TO xact_unit: TWD -> USD, rate: 0.5
2025-05-30 08:55:22,765 | DEBUG | Processing pair: USD 1 -> TWD 6 (Forex USD to TWD (Trade ID: 663708528))
2025-05-30 08:55:22,766 | DEBUG | Creating FROM xact_unit: USD -> TWD, rate: 6.0
2025-05-30 08:55:22,766 | DEBUG | Creating TO xact_unit: TWD -> USD, rate: 0.16666666666666666
2025-05-30 08:55:22,766 | DEBUG | Processing pair: USD 1 -> TWD 2 (Forex USD to TWD (Trade ID: 664420661))
2025-05-30 08:55:22,766 | DEBUG | Creating FROM xact_unit: USD -> TWD, rate: 2.0
2025-05-30 08:55:22,766 | DEBUG | Creating TO xact_unit: TWD -> USD, rate: 0.5
2025-05-30 08:55:22,767 | DEBUG | Processing pair: USD 1 -> TWD 2 (Forex USD to TWD (Trade ID: 665049438))
2025-05-30 08:55:22,767 | DEBUG | Creating FROM xact_unit: USD -> TWD, rate: 2.0
2025-05-30 08:55:22,767 | DEBUG | Creating TO xact_unit: TWD -> USD, rate: 0.5
2025-05-30 08:55:22,767 | DEBUG | Processing pair: USD 1 -> TWD 2 (Forex USD to TWD (Trade ID: 665763289))
2025-05-30 08:55:22,768 | DEBUG | Creating FROM xact_unit: USD -> TWD, rate: 2.0
2025-05-30 08:55:22,768 | DEBUG | Creating TO xact_unit: TWD -> USD, rate: 0.5
2025-05-30 08:55:22,768 | DEBUG | Processing pair: USD 1 -> TWD 8 (Forex USD to TWD (Trade ID: 667159405))
2025-05-30 08:55:22,768 | DEBUG | Creating FROM xact_unit: USD -> TWD, rate: 8.0
2025-05-30 08:55:22,769 | DEBUG | Creating TO xact_unit: TWD -> USD, rate: 0.125
2025-05-30 08:55:22,769 | DEBUG | Processing pair: USD 1 -> TWD 2 (Forex USD to TWD (Trade ID: 667879427))
2025-05-30 08:55:22,769 | DEBUG | Creating FROM xact_unit: USD -> TWD, rate: 2.0
2025-05-30 08:55:22,769 | DEBUG | Creating TO xact_unit: TWD -> USD, rate: 0.5
2025-05-30 08:55:22,770 | DEBUG | Processing pair: USD 1 -> TWD 2 (Forex USD to TWD (Trade ID: 668430807))
2025-05-30 08:55:22,770 | DEBUG | Creating FROM xact_unit: USD -> TWD, rate: 2.0
2025-05-30 08:55:22,770 | DEBUG | Creating TO xact_unit: TWD -> USD, rate: 0.5
2025-05-30 08:55:22,770 | DEBUG | Processing pair: USD 1 -> TWD 2 (Forex USD to TWD (Trade ID: 669076064))
2025-05-30 08:55:22,771 | DEBUG | Creating FROM xact_unit: USD -> TWD, rate: 2.0
2025-05-30 08:55:22,771 | DEBUG | Creating TO xact_unit: TWD -> USD, rate: 0.5
2025-05-30 08:55:22,771 | DEBUG | Processing pair: USD 1 -> TWD 2 (Forex USD to TWD (Trade ID: 669704302))
2025-05-30 08:55:22,771 | DEBUG | Creating FROM xact_unit: USD -> TWD, rate: 2.0
2025-05-30 08:55:22,771 | DEBUG | Creating TO xact_unit: TWD -> USD, rate: 0.5
2025-05-30 08:55:22,772 | DEBUG | Processing pair: USD 269 -> TWD 8855 (Forex USD to TWD (Trade ID: 670421969))
2025-05-30 08:55:22,772 | DEBUG | Creating FROM xact_unit: USD -> TWD, rate: 32.9182156133829
2025-05-30 08:55:22,772 | DEBUG | Creating TO xact_unit: TWD -> USD, rate: 0.030378317334839075
2025-05-30 08:55:22,772 | DEBUG | Processing pair: USD 1 -> TWD 2 (Forex USD to TWD (Trade ID: 671107506))
2025-05-30 08:55:22,773 | DEBUG | Creating FROM xact_unit: USD -> TWD, rate: 2.0
2025-05-30 08:55:22,773 | DEBUG | Creating TO xact_unit: TWD -> USD, rate: 0.5
2025-05-30 08:55:22,773 | DEBUG | Processing pair: USD 1 -> TWD 2 (Forex USD to TWD (Trade ID: 671716369))
2025-05-30 08:55:22,773 | DEBUG | Creating FROM xact_unit: USD -> TWD, rate: 2.0
2025-05-30 08:55:22,774 | DEBUG | Creating TO xact_unit: TWD -> USD, rate: 0.5
2025-05-30 08:55:22,774 | INFO  | Dry run: Would create 1278 xact_unit records
2025-05-30 08:55:22,774 | INFO  | Verifying the fix...
2025-05-30 08:55:22,777 | INFO  | Total IB transactions: 1278
2025-05-30 08:55:22,778 | INFO  | Total xact_unit records for IB transactions: 0
2025-05-30 08:55:22,778 | WARNING | ⚠️  No xact_unit records found after fix attempt
2025-05-30 22:49:41,805 | INFO  | ============================================================
2025-05-30 22:49:41,806 | INFO  | FIXING FOREX EXCHANGE RATES
2025-05-30 22:49:41,806 | INFO  | ============================================================
2025-05-30 22:49:41,807 | INFO  | Database: D:\Projetos\Finance_data\IDE\vs_code\ppxml2db\pp_databases\portfolio_management.db
2025-05-30 22:49:41,807 | INFO  | Dry run: True
2025-05-30 22:49:41,810 | INFO  | Fetching forex transaction pairs...
2025-05-30 22:49:41,894 | INFO  | Found 639 forex transaction pairs
2025-05-30 22:49:41,894 | DEBUG | Processing pair: AUD 70 -> USD 47 (Forex AUD to USD (Trade ID: 542500042))
2025-05-30 22:49:41,897 | DEBUG | Creating FROM xact_unit: AUD -> USD, rate: 0.6714285714285714
2025-05-30 22:49:41,897 | DEBUG | Creating TO xact_unit: USD -> AUD, rate: 1.4893617021276595
2025-05-30 22:49:41,897 | DEBUG | Processing pair: AUD 70 -> USD 46 (Forex AUD to USD (Trade ID: 548690449))
2025-05-30 22:49:41,898 | DEBUG | Creating FROM xact_unit: AUD -> USD, rate: 0.6571428571428571
2025-05-30 22:49:41,898 | DEBUG | Creating TO xact_unit: USD -> AUD, rate: 1.5217391304347827
2025-05-30 22:49:41,898 | DEBUG | Processing pair: AUD 158 -> USD 103 (Forex AUD to USD (Trade ID: 555481493))
2025-05-30 22:49:41,898 | DEBUG | Creating FROM xact_unit: AUD -> USD, rate: 0.6518987341772152
2025-05-30 22:49:41,898 | DEBUG | Creating TO xact_unit: USD -> AUD, rate: 1.5339805825242718
2025-05-30 22:49:41,899 | DEBUG | Processing pair: CAD 129899 -> USD 96436 (Forex CAD to USD (Trade ID: 432622217))
2025-05-30 22:49:41,899 | DEBUG | Creating FROM xact_unit: CAD -> USD, rate: 0.742392166221449
2025-05-30 22:49:41,899 | DEBUG | Creating TO xact_unit: USD -> CAD, rate: 1.3469969720851134
2025-05-30 22:49:41,900 | DEBUG | Processing pair: CAD 89 -> USD 66 (Forex CAD to USD (Trade ID: 432774322))
2025-05-30 22:49:41,901 | DEBUG | Creating FROM xact_unit: CAD -> USD, rate: 0.7415730337078652
2025-05-30 22:49:41,901 | DEBUG | Creating TO xact_unit: USD -> CAD, rate: 1.3484848484848484
2025-05-30 22:49:41,902 | DEBUG | Processing pair: CNY 65598 -> GBX 7222 (Forex CNH to GBP (Trade ID: 551887203))
2025-05-30 22:49:41,902 | DEBUG | Creating FROM xact_unit: CNY -> GBX, rate: 0.11009481996402329
2025-05-30 22:49:41,903 | DEBUG | Creating TO xact_unit: GBX -> CNY, rate: 9.083079479368596
2025-05-30 22:49:41,904 | DEBUG | Processing pair: CNY 1000 -> HKD 1110 (Forex CNH to HKD (Trade ID: 171617545))
2025-05-30 22:49:41,905 | DEBUG | Creating FROM xact_unit: CNY -> HKD, rate: 1.11
2025-05-30 22:49:41,906 | DEBUG | Creating TO xact_unit: HKD -> CNY, rate: 0.9009009009009009
2025-05-30 22:49:41,908 | DEBUG | Processing pair: CNY 36895 -> USD 5049 (Forex CNH to USD (Trade ID: 521469713))
2025-05-30 22:49:41,909 | DEBUG | Creating FROM xact_unit: CNY -> USD, rate: 0.13684781135655238
2025-05-30 22:49:41,913 | DEBUG | Creating TO xact_unit: USD -> CNY, rate: 7.307387601505249
2025-05-30 22:49:41,914 | DEBUG | Processing pair: CNY 5 -> USD 1 (Forex CNH to USD (Trade ID: 522069828))
2025-05-30 22:49:41,915 | DEBUG | Creating FROM xact_unit: CNY -> USD, rate: 0.2
2025-05-30 22:49:41,916 | DEBUG | Creating TO xact_unit: USD -> CNY, rate: 5.0
2025-05-30 22:49:41,918 | DEBUG | Processing pair: CNY 60198 -> USD 8260 (Forex CNH to USD (Trade ID: 523147782))
2025-05-30 22:49:41,919 | DEBUG | Creating FROM xact_unit: CNY -> USD, rate: 0.13721386092561214
2025-05-30 22:49:41,919 | DEBUG | Creating TO xact_unit: USD -> CNY, rate: 7.287893462469734
2025-05-30 22:49:41,920 | DEBUG | Processing pair: CNY 2 -> USD 1 (Forex CNH to USD (Trade ID: 523775299))
2025-05-30 22:49:41,920 | DEBUG | Creating FROM xact_unit: CNY -> USD, rate: 0.5
2025-05-30 22:49:41,921 | DEBUG | Creating TO xact_unit: USD -> CNY, rate: 2.0
2025-05-30 22:49:41,921 | DEBUG | Processing pair: CNY 2 -> USD 1 (Forex CNH to USD (Trade ID: 552559588))
2025-05-30 22:49:41,922 | DEBUG | Creating FROM xact_unit: CNY -> USD, rate: 0.5
2025-05-30 22:49:41,922 | DEBUG | Creating TO xact_unit: USD -> CNY, rate: 2.0
2025-05-30 22:49:41,930 | DEBUG | Processing pair: CNY 38994 -> USD 5362 (Forex CNH to USD (Trade ID: 567166056))
2025-05-30 22:49:41,931 | DEBUG | Creating FROM xact_unit: CNY -> USD, rate: 0.13750833461558187
2025-05-30 22:49:41,932 | DEBUG | Creating TO xact_unit: USD -> CNY, rate: 7.272286460276017
2025-05-30 22:49:41,932 | DEBUG | Processing pair: CNY 6 -> USD 1 (Forex CNH to USD (Trade ID: 568006379))
2025-05-30 22:49:41,933 | DEBUG | Creating FROM xact_unit: CNY -> USD, rate: 0.16666666666666666
2025-05-30 22:49:41,933 | DEBUG | Creating TO xact_unit: USD -> CNY, rate: 6.0
2025-05-30 22:49:41,933 | DEBUG | Processing pair: EUR 25 -> USD 27 (Forex EUR to USD (Trade ID: 504831659))
2025-05-30 22:49:41,934 | DEBUG | Creating FROM xact_unit: EUR -> USD, rate: 1.08
2025-05-30 22:49:41,934 | DEBUG | Creating TO xact_unit: USD -> EUR, rate: 0.9259259259259259
2025-05-30 22:49:41,935 | DEBUG | Processing pair: EUR 340 -> USD 372 (Forex EUR to USD (Trade ID: 517083519))
2025-05-30 22:49:41,935 | DEBUG | Creating FROM xact_unit: EUR -> USD, rate: 1.0941176470588236
2025-05-30 22:49:41,937 | DEBUG | Creating TO xact_unit: USD -> EUR, rate: 0.9139784946236559
2025-05-30 22:49:41,937 | DEBUG | Processing pair: EUR 331 -> USD 360 (Forex EUR to USD (Trade ID: 545298972))
2025-05-30 22:49:41,937 | DEBUG | Creating FROM xact_unit: EUR -> USD, rate: 1.0876132930513596
2025-05-30 22:49:41,938 | DEBUG | Creating TO xact_unit: USD -> EUR, rate: 0.9194444444444444
2025-05-30 22:49:41,938 | DEBUG | Processing pair: EUR 19000 -> USD 20294 (Forex EUR to USD (Trade ID: 567164401))
2025-05-30 22:49:41,939 | DEBUG | Creating FROM xact_unit: EUR -> USD, rate: 1.0681052631578947
2025-05-30 22:49:41,939 | DEBUG | Creating TO xact_unit: USD -> EUR, rate: 0.9362373115206465
2025-05-30 22:49:41,939 | DEBUG | Processing pair: EUR 15 -> USD 16 (Forex EUR to USD (Trade ID: 567164716))
2025-05-30 22:49:41,940 | DEBUG | Creating FROM xact_unit: EUR -> USD, rate: 1.0666666666666667
2025-05-30 22:49:41,940 | DEBUG | Creating TO xact_unit: USD -> EUR, rate: 0.9375
2025-05-30 22:49:41,940 | DEBUG | Processing pair: EUR 35 -> USD 38 (Forex EUR to USD (Trade ID: 593931379))
2025-05-30 22:49:41,942 | DEBUG | Creating FROM xact_unit: EUR -> USD, rate: 1.0857142857142856
2025-05-30 22:49:41,942 | DEBUG | Creating TO xact_unit: USD -> EUR, rate: 0.9210526315789473
2025-05-30 22:49:41,943 | DEBUG | Processing pair: EUR 388 -> USD 413 (Forex EUR to USD (Trade ID: 626856048))
2025-05-30 22:49:41,943 | DEBUG | Creating FROM xact_unit: EUR -> USD, rate: 1.0644329896907216
2025-05-30 22:49:41,944 | DEBUG | Creating TO xact_unit: USD -> EUR, rate: 0.9394673123486683
2025-05-30 22:49:41,944 | DEBUG | Processing pair: EUR 32 -> USD 33 (Forex EUR to USD (Trade ID: 643822043))
2025-05-30 22:49:41,945 | DEBUG | Creating FROM xact_unit: EUR -> USD, rate: 1.03125
2025-05-30 22:49:41,945 | DEBUG | Creating TO xact_unit: USD -> EUR, rate: 0.9696969696969697
2025-05-30 22:49:41,946 | DEBUG | Processing pair: EUR 69 -> USD 73 (Forex EUR to USD (Trade ID: 664696682))
2025-05-30 22:49:41,946 | DEBUG | Creating FROM xact_unit: EUR -> USD, rate: 1.0579710144927537
2025-05-30 22:49:41,947 | DEBUG | Creating TO xact_unit: USD -> EUR, rate: 0.9452054794520548
2025-05-30 22:49:41,947 | DEBUG | Processing pair: EUR 84 -> USD 91 (Forex EUR to USD (Trade ID: 675404401))
2025-05-30 22:49:41,948 | DEBUG | Creating FROM xact_unit: EUR -> USD, rate: 1.0833333333333333
2025-05-30 22:49:41,949 | DEBUG | Creating TO xact_unit: USD -> EUR, rate: 0.9230769230769231
2025-05-30 22:49:41,949 | DEBUG | Processing pair: GBX 190 -> USD 240 (Forex GBP to USD (Trade ID: 553277914))
2025-05-30 22:49:41,949 | DEBUG | Creating FROM xact_unit: GBX -> USD, rate: 1.263157894736842
2025-05-30 22:49:41,950 | DEBUG | Creating TO xact_unit: USD -> GBX, rate: 0.7916666666666666
2025-05-30 22:49:41,950 | DEBUG | Processing pair: HKD 1086996 -> EUR 127536 (Forex HKD to EUR (Trade ID: 544627638))
2025-05-30 22:49:41,951 | DEBUG | Creating FROM xact_unit: HKD -> EUR, rate: 0.11732885861585507
2025-05-30 22:49:41,951 | DEBUG | Creating TO xact_unit: EUR -> HKD, rate: 8.523052314640571
2025-05-30 22:49:41,951 | DEBUG | Processing pair: HKD 181981 -> SGD 31300 (Forex HKD to SGD (Trade ID: 246498349))
2025-05-30 22:49:41,952 | DEBUG | Creating FROM xact_unit: HKD -> SGD, rate: 0.17199597760205737
2025-05-30 22:49:41,952 | DEBUG | Creating TO xact_unit: SGD -> HKD, rate: 5.814089456869009
2025-05-30 22:49:41,953 | DEBUG | Processing pair: HKD 217452 -> SGD 37100 (Forex HKD to SGD (Trade ID: 308070791))
2025-05-30 22:49:41,953 | DEBUG | Creating FROM xact_unit: HKD -> SGD, rate: 0.17061236502768426
2025-05-30 22:49:41,953 | DEBUG | Creating TO xact_unit: SGD -> HKD, rate: 5.8612398921832884
2025-05-30 22:49:41,954 | DEBUG | Processing pair: HKD 1561694 -> USD 200000 (Forex HKD to USD (Trade ID: 104027975))
2025-05-30 22:49:41,954 | DEBUG | Creating FROM xact_unit: HKD -> USD, rate: 0.12806606159721431
2025-05-30 22:49:41,955 | DEBUG | Creating TO xact_unit: USD -> HKD, rate: 7.80847
2025-05-30 22:49:41,955 | DEBUG | Processing pair: HKD 783709 -> USD 100000 (Forex HKD to USD (Trade ID: 107149177))
2025-05-30 22:49:41,956 | DEBUG | Creating FROM xact_unit: HKD -> USD, rate: 0.12759838154212852
2025-05-30 22:49:41,956 | DEBUG | Creating TO xact_unit: USD -> HKD, rate: 7.83709
2025-05-30 22:49:41,956 | DEBUG | Processing pair: HKD 784190 -> USD 100000 (Forex HKD to USD (Trade ID: 107861078))
2025-05-30 22:49:41,957 | DEBUG | Creating FROM xact_unit: HKD -> USD, rate: 0.12752011629834606
2025-05-30 22:49:41,958 | DEBUG | Creating TO xact_unit: USD -> HKD, rate: 7.8419
2025-05-30 22:49:41,959 | DEBUG | Processing pair: HKD 1568498 -> USD 200000 (Forex HKD to USD (Trade ID: 109354060))
2025-05-30 22:49:41,960 | DEBUG | Creating FROM xact_unit: HKD -> USD, rate: 0.12751052280589456
2025-05-30 22:49:41,960 | DEBUG | Creating TO xact_unit: USD -> HKD, rate: 7.84249
2025-05-30 22:49:41,960 | DEBUG | Processing pair: HKD 784595 -> USD 100000 (Forex HKD to USD (Trade ID: 109492879))
2025-05-30 22:49:41,961 | DEBUG | Creating FROM xact_unit: HKD -> USD, rate: 0.12745429170463743
2025-05-30 22:49:41,962 | DEBUG | Creating TO xact_unit: USD -> HKD, rate: 7.84595
2025-05-30 22:49:41,962 | DEBUG | Processing pair: HKD 785 -> USD 100 (Forex HKD to USD (Trade ID: 109504663))
2025-05-30 22:49:41,964 | DEBUG | Creating FROM xact_unit: HKD -> USD, rate: 0.12738853503184713
2025-05-30 22:49:41,964 | DEBUG | Creating TO xact_unit: USD -> HKD, rate: 7.85
2025-05-30 22:49:41,964 | DEBUG | Processing pair: HKD 3921750 -> USD 500000 (Forex HKD to USD (Trade ID: 110012158))
2025-05-30 22:49:41,965 | DEBUG | Creating FROM xact_unit: HKD -> USD, rate: 0.12749410339771786
2025-05-30 22:49:41,965 | DEBUG | Creating TO xact_unit: USD -> HKD, rate: 7.8435
2025-05-30 22:49:41,966 | DEBUG | Processing pair: HKD 2351256 -> USD 300000 (Forex HKD to USD (Trade ID: 110071853))
2025-05-30 22:49:41,966 | DEBUG | Creating FROM xact_unit: HKD -> USD, rate: 0.12759138094703426
2025-05-30 22:49:41,967 | DEBUG | Creating TO xact_unit: USD -> HKD, rate: 7.83752
2025-05-30 22:49:41,967 | DEBUG | Processing pair: HKD 3919115 -> USD 500000 (Forex HKD to USD (Trade ID: 110578764))
2025-05-30 22:49:41,967 | DEBUG | Creating FROM xact_unit: HKD -> USD, rate: 0.12757982350607217
2025-05-30 22:49:41,968 | DEBUG | Creating TO xact_unit: USD -> HKD, rate: 7.83823
2025-05-30 22:49:41,968 | DEBUG | Processing pair: HKD 1567650 -> USD 200000 (Forex HKD to USD (Trade ID: 110905992))
2025-05-30 22:49:41,969 | DEBUG | Creating FROM xact_unit: HKD -> USD, rate: 0.12757949797467547
2025-05-30 22:49:41,970 | DEBUG | Creating TO xact_unit: USD -> HKD, rate: 7.83825
2025-05-30 22:49:41,971 | DEBUG | Processing pair: HKD 2348601 -> USD 300000 (Forex HKD to USD (Trade ID: 111274389))
2025-05-30 22:49:41,971 | DEBUG | Creating FROM xact_unit: HKD -> USD, rate: 0.1277356179274385
2025-05-30 22:49:41,972 | DEBUG | Creating TO xact_unit: USD -> HKD, rate: 7.82867
2025-05-30 22:49:41,973 | DEBUG | Processing pair: HKD 9393504 -> USD 1200000 (Forex HKD to USD (Trade ID: 111275402))
2025-05-30 22:49:41,973 | DEBUG | Creating FROM xact_unit: HKD -> USD, rate: 0.12774785639096975
2025-05-30 22:49:41,974 | DEBUG | Creating TO xact_unit: USD -> HKD, rate: 7.82792
2025-05-30 22:49:41,974 | DEBUG | Processing pair: HKD 783820 -> USD 100000 (Forex HKD to USD (Trade ID: 112616636))
2025-05-30 22:49:41,975 | DEBUG | Creating FROM xact_unit: HKD -> USD, rate: 0.12758031180628204
2025-05-30 22:49:41,975 | DEBUG | Creating TO xact_unit: USD -> HKD, rate: 7.8382
2025-05-30 22:49:41,975 | DEBUG | Processing pair: HKD 784358 -> USD 100000 (Forex HKD to USD (Trade ID: 113965886))
2025-05-30 22:49:41,976 | DEBUG | Creating FROM xact_unit: HKD -> USD, rate: 0.1274928030312689
2025-05-30 22:49:41,976 | DEBUG | Creating TO xact_unit: USD -> HKD, rate: 7.84358
2025-05-30 22:49:41,976 | DEBUG | Processing pair: HKD 784345 -> USD 100000 (Forex HKD to USD (Trade ID: 114749680))
2025-05-30 22:49:41,977 | DEBUG | Creating FROM xact_unit: HKD -> USD, rate: 0.1274949161402189
2025-05-30 22:49:41,977 | DEBUG | Creating TO xact_unit: USD -> HKD, rate: 7.84345
2025-05-30 22:49:41,978 | DEBUG | Processing pair: HKD 1567528 -> USD 200000 (Forex HKD to USD (Trade ID: 115237583))
2025-05-30 22:49:41,978 | DEBUG | Creating FROM xact_unit: HKD -> USD, rate: 0.12758942742968546
2025-05-30 22:49:41,978 | DEBUG | Creating TO xact_unit: USD -> HKD, rate: 7.83764
2025-05-30 22:49:41,979 | DEBUG | Processing pair: HKD 783736 -> USD 100000 (Forex HKD to USD (Trade ID: 116105778))
2025-05-30 22:49:41,980 | DEBUG | Creating FROM xact_unit: HKD -> USD, rate: 0.12759398572988864
2025-05-30 22:49:41,981 | DEBUG | Creating TO xact_unit: USD -> HKD, rate: 7.83736
2025-05-30 22:49:41,982 | DEBUG | Processing pair: HKD 782776 -> USD 100000 (Forex HKD to USD (Trade ID: 116847142))
2025-05-30 22:49:41,983 | DEBUG | Creating FROM xact_unit: HKD -> USD, rate: 0.1277504675667113
2025-05-30 22:49:41,983 | DEBUG | Creating TO xact_unit: USD -> HKD, rate: 7.82776
2025-05-30 22:49:41,984 | DEBUG | Processing pair: HKD 10178259 -> USD 1300000 (Forex HKD to USD (Trade ID: 117676174))
2025-05-30 22:49:41,985 | DEBUG | Creating FROM xact_unit: HKD -> USD, rate: 0.12772321867619993
2025-05-30 22:49:41,986 | DEBUG | Creating TO xact_unit: USD -> HKD, rate: 7.82943
2025-05-30 22:49:41,986 | DEBUG | Processing pair: HKD 779140 -> USD 100000 (Forex HKD to USD (Trade ID: 119950648))
2025-05-30 22:49:41,986 | DEBUG | Creating FROM xact_unit: HKD -> USD, rate: 0.12834663860153503
2025-05-30 22:49:41,987 | DEBUG | Creating TO xact_unit: USD -> HKD, rate: 7.7914
2025-05-30 22:49:41,987 | DEBUG | Processing pair: HKD 732490 -> USD 94000 (Forex HKD to USD (Trade ID: 119952235))
2025-05-30 22:49:41,987 | DEBUG | Creating FROM xact_unit: HKD -> USD, rate: 0.1283293969883548
2025-05-30 22:49:41,988 | DEBUG | Creating TO xact_unit: USD -> HKD, rate: 7.792446808510638
2025-05-30 22:49:41,988 | DEBUG | Processing pair: HKD 9397683 -> USD 1206000 (Forex HKD to USD (Trade ID: 119952264))
2025-05-30 22:49:41,988 | DEBUG | Creating FROM xact_unit: HKD -> USD, rate: 0.12832950419800285
2025-05-30 22:49:41,989 | DEBUG | Creating TO xact_unit: USD -> HKD, rate: 7.792440298507462
2025-05-30 22:49:41,989 | DEBUG | Processing pair: HKD 6231280 -> USD 800000 (Forex HKD to USD (Trade ID: 120279027))
2025-05-30 22:49:41,990 | DEBUG | Creating FROM xact_unit: HKD -> USD, rate: 0.1283845373663196
2025-05-30 22:49:41,990 | DEBUG | Creating TO xact_unit: USD -> HKD, rate: 7.7891
2025-05-30 22:49:41,991 | DEBUG | Processing pair: HKD 6990057 -> USD 900000 (Forex HKD to USD (Trade ID: 122480694))
2025-05-30 22:49:41,991 | DEBUG | Creating FROM xact_unit: HKD -> USD, rate: 0.12875431487897737
2025-05-30 22:49:41,992 | DEBUG | Creating TO xact_unit: USD -> HKD, rate: 7.76673
2025-05-30 22:49:41,993 | DEBUG | Processing pair: HKD 777041 -> USD 100000 (Forex HKD to USD (Trade ID: 123899741))
2025-05-30 22:49:41,993 | DEBUG | Creating FROM xact_unit: HKD -> USD, rate: 0.12869333793197527
2025-05-30 22:49:41,993 | DEBUG | Creating TO xact_unit: USD -> HKD, rate: 7.77041
2025-05-30 22:49:41,994 | DEBUG | Processing pair: HKD 6218400 -> USD 800000 (Forex HKD to USD (Trade ID: 124336170))
2025-05-30 22:49:41,994 | DEBUG | Creating FROM xact_unit: HKD -> USD, rate: 0.1286504567091213
2025-05-30 22:49:41,995 | DEBUG | Creating TO xact_unit: USD -> HKD, rate: 7.773
2025-05-30 22:49:41,995 | DEBUG | Processing pair: HKD 3878420 -> USD 499600 (Forex HKD to USD (Trade ID: 126196919))
2025-05-30 22:49:41,996 | DEBUG | Creating FROM xact_unit: HKD -> USD, rate: 0.12881534233012412
2025-05-30 22:49:41,996 | DEBUG | Creating TO xact_unit: USD -> HKD, rate: 7.7630504403522815
2025-05-30 22:49:41,997 | DEBUG | Processing pair: HKD 1553 -> USD 200 (Forex HKD to USD (Trade ID: 126197509))
2025-05-30 22:49:41,998 | DEBUG | Creating FROM xact_unit: HKD -> USD, rate: 0.128783000643915
2025-05-30 22:49:41,998 | DEBUG | Creating TO xact_unit: USD -> HKD, rate: 7.765
2025-05-30 22:49:41,998 | DEBUG | Processing pair: HKD 5435688 -> USD 700200 (Forex HKD to USD (Trade ID: 126197543))
2025-05-30 22:49:41,999 | DEBUG | Creating FROM xact_unit: HKD -> USD, rate: 0.12881534039481296
2025-05-30 22:49:41,999 | DEBUG | Creating TO xact_unit: USD -> HKD, rate: 7.763050556983719
2025-05-30 22:49:41,999 | DEBUG | Processing pair: HKD 2329800 -> USD 300000 (Forex HKD to USD (Trade ID: 126858089))
2025-05-30 22:49:42,000 | DEBUG | Creating FROM xact_unit: HKD -> USD, rate: 0.12876641771825909
2025-05-30 22:49:42,000 | DEBUG | Creating TO xact_unit: USD -> HKD, rate: 7.766
2025-05-30 22:49:42,000 | DEBUG | Processing pair: HKD 3106264 -> USD 400000 (Forex HKD to USD (Trade ID: 127076436))
2025-05-30 22:49:42,001 | DEBUG | Creating FROM xact_unit: HKD -> USD, rate: 0.1287720554337944
2025-05-30 22:49:42,001 | DEBUG | Creating TO xact_unit: USD -> HKD, rate: 7.76566
2025-05-30 22:49:42,001 | DEBUG | Processing pair: HKD 1558706 -> USD 200000 (Forex HKD to USD (Trade ID: 130283195))
2025-05-30 22:49:42,003 | DEBUG | Creating FROM xact_unit: HKD -> USD, rate: 0.12831156099995766
2025-05-30 22:49:42,004 | DEBUG | Creating TO xact_unit: USD -> HKD, rate: 7.79353
2025-05-30 22:49:42,004 | DEBUG | Processing pair: HKD 1942878 -> USD 249700 (Forex HKD to USD (Trade ID: 130795870))
2025-05-30 22:49:42,005 | DEBUG | Creating FROM xact_unit: HKD -> USD, rate: 0.1285206791162389
2025-05-30 22:49:42,006 | DEBUG | Creating TO xact_unit: USD -> HKD, rate: 7.780849018822587
2025-05-30 22:49:42,006 | DEBUG | Processing pair: HKD 1169462 -> USD 150300 (Forex HKD to USD (Trade ID: 130800284))
2025-05-30 22:49:42,007 | DEBUG | Creating FROM xact_unit: HKD -> USD, rate: 0.12852063598475197
2025-05-30 22:49:42,007 | DEBUG | Creating TO xact_unit: USD -> HKD, rate: 7.780851630073187
2025-05-30 22:49:42,007 | DEBUG | Processing pair: HKD 1556702 -> USD 200000 (Forex HKD to USD (Trade ID: 133640081))
2025-05-30 22:49:42,008 | DEBUG | Creating FROM xact_unit: HKD -> USD, rate: 0.12847674121315447
2025-05-30 22:49:42,008 | DEBUG | Creating TO xact_unit: USD -> HKD, rate: 7.78351
2025-05-30 22:49:42,009 | DEBUG | Processing pair: HKD 775160 -> USD 100000 (Forex HKD to USD (Trade ID: 139029592))
2025-05-30 22:49:42,009 | DEBUG | Creating FROM xact_unit: HKD -> USD, rate: 0.12900562464523455
2025-05-30 22:49:42,009 | DEBUG | Creating TO xact_unit: USD -> HKD, rate: 7.7516
2025-05-30 22:49:42,010 | DEBUG | Processing pair: HKD 1550458 -> USD 200000 (Forex HKD to USD (Trade ID: 141076106))
2025-05-30 22:49:42,010 | DEBUG | Creating FROM xact_unit: HKD -> USD, rate: 0.1289941423759947
2025-05-30 22:49:42,010 | DEBUG | Creating TO xact_unit: USD -> HKD, rate: 7.75229
2025-05-30 22:49:42,011 | DEBUG | Processing pair: HKD 2325672 -> USD 300000 (Forex HKD to USD (Trade ID: 141110314))
2025-05-30 22:49:42,011 | DEBUG | Creating FROM xact_unit: HKD -> USD, rate: 0.1289949743557991
2025-05-30 22:49:42,011 | DEBUG | Creating TO xact_unit: USD -> HKD, rate: 7.75224
2025-05-30 22:49:42,011 | DEBUG | Processing pair: HKD 3100200 -> USD 400000 (Forex HKD to USD (Trade ID: 144434463))
2025-05-30 22:49:42,012 | DEBUG | Creating FROM xact_unit: HKD -> USD, rate: 0.12902393393974582
2025-05-30 22:49:42,015 | DEBUG | Creating TO xact_unit: USD -> HKD, rate: 7.7505
2025-05-30 22:49:42,016 | DEBUG | Processing pair: HKD 775275 -> USD 100000 (Forex HKD to USD (Trade ID: 147357696))
2025-05-30 22:49:42,018 | DEBUG | Creating FROM xact_unit: HKD -> USD, rate: 0.12898648866531232
2025-05-30 22:49:42,018 | DEBUG | Creating TO xact_unit: USD -> HKD, rate: 7.75275
2025-05-30 22:49:42,018 | DEBUG | Processing pair: HKD 3870474 -> USD 499300 (Forex HKD to USD (Trade ID: 147965470))
2025-05-30 22:49:42,019 | DEBUG | Creating FROM xact_unit: HKD -> USD, rate: 0.12900228757511353
2025-05-30 22:49:42,019 | DEBUG | Creating TO xact_unit: USD -> HKD, rate: 7.751800520729021
2025-05-30 22:49:42,020 | DEBUG | Processing pair: HKD 775180 -> USD 100000 (Forex HKD to USD (Trade ID: 147966050))
2025-05-30 22:49:42,020 | DEBUG | Creating FROM xact_unit: HKD -> USD, rate: 0.1290022962408731
2025-05-30 22:49:42,020 | DEBUG | Creating TO xact_unit: USD -> HKD, rate: 7.7518
2025-05-30 22:49:42,021 | DEBUG | Processing pair: HKD 1555786 -> USD 200700 (Forex HKD to USD (Trade ID: 147966063))
2025-05-30 22:49:42,021 | DEBUG | Creating FROM xact_unit: HKD -> USD, rate: 0.1290023177994917
2025-05-30 22:49:42,021 | DEBUG | Creating TO xact_unit: USD -> HKD, rate: 7.751798704534131
2025-05-30 22:49:42,022 | DEBUG | Processing pair: HKD 388290 -> USD 50100 (Forex HKD to USD (Trade ID: 162242734))
2025-05-30 22:49:42,022 | DEBUG | Creating FROM xact_unit: HKD -> USD, rate: 0.1290272734296531
2025-05-30 22:49:42,023 | DEBUG | Creating TO xact_unit: USD -> HKD, rate: 7.750299401197605
2025-05-30 22:49:42,023 | DEBUG | Processing pair: HKD 1936800 -> USD 249900 (Forex HKD to USD (Trade ID: 162272850))
2025-05-30 22:49:42,023 | DEBUG | Creating FROM xact_unit: HKD -> USD, rate: 0.1290272614622057
2025-05-30 22:49:42,024 | DEBUG | Creating TO xact_unit: USD -> HKD, rate: 7.750300120048019
2025-05-30 22:49:42,024 | DEBUG | Processing pair: HKD 3100140 -> USD 400000 (Forex HKD to USD (Trade ID: 182597820))
2025-05-30 22:49:42,024 | DEBUG | Creating FROM xact_unit: HKD -> USD, rate: 0.12902643106440354
2025-05-30 22:49:42,025 | DEBUG | Creating TO xact_unit: USD -> HKD, rate: 7.75035
2025-05-30 22:49:42,025 | DEBUG | Processing pair: HKD 1550520 -> USD 200000 (Forex HKD to USD (Trade ID: 241972577))
2025-05-30 22:49:42,025 | DEBUG | Creating FROM xact_unit: HKD -> USD, rate: 0.1289889843407373
2025-05-30 22:49:42,025 | DEBUG | Creating TO xact_unit: USD -> HKD, rate: 7.7526
2025-05-30 22:49:42,026 | DEBUG | Processing pair: HKD 1551916 -> USD 200000 (Forex HKD to USD (Trade ID: 308057955))
2025-05-30 22:49:42,027 | DEBUG | Creating FROM xact_unit: HKD -> USD, rate: 0.12887295446403027
2025-05-30 22:49:42,027 | DEBUG | Creating TO xact_unit: USD -> HKD, rate: 7.75958
2025-05-30 22:49:42,027 | DEBUG | Processing pair: HKD 660069 -> USD 84800 (Forex HKD to USD (Trade ID: 335648426))
2025-05-30 22:49:42,028 | DEBUG | Creating FROM xact_unit: HKD -> USD, rate: 0.12847141738212217
2025-05-30 22:49:42,028 | DEBUG | Creating TO xact_unit: USD -> HKD, rate: 7.783832547169811
2025-05-30 22:49:42,028 | DEBUG | Processing pair: HKD 777090 -> USD 100000 (Forex HKD to USD (Trade ID: 343200771))
2025-05-30 22:49:42,029 | DEBUG | Creating FROM xact_unit: HKD -> USD, rate: 0.12868522307583422
2025-05-30 22:49:42,029 | DEBUG | Creating TO xact_unit: USD -> HKD, rate: 7.7709
2025-05-30 22:49:42,029 | DEBUG | Processing pair: HKD 779830 -> USD 100000 (Forex HKD to USD (Trade ID: 375842785))
2025-05-30 22:49:42,029 | DEBUG | Creating FROM xact_unit: HKD -> USD, rate: 0.12823307643973686
2025-05-30 22:49:42,030 | DEBUG | Creating TO xact_unit: USD -> HKD, rate: 7.7983
2025-05-30 22:49:42,030 | DEBUG | Processing pair: HKD 1857805 -> USD 238200 (Forex HKD to USD (Trade ID: 377245164))
2025-05-30 22:49:42,030 | DEBUG | Creating FROM xact_unit: HKD -> USD, rate: 0.1282158245886947
2025-05-30 22:49:42,030 | DEBUG | Creating TO xact_unit: USD -> HKD, rate: 7.799349286314022
2025-05-30 22:49:42,031 | DEBUG | Processing pair: HKD 2100285 -> USD 269200 (Forex HKD to USD (Trade ID: 385857824))
2025-05-30 22:49:42,031 | DEBUG | Creating FROM xact_unit: HKD -> USD, rate: 0.1281730812723035
2025-05-30 22:49:42,031 | DEBUG | Creating TO xact_unit: USD -> HKD, rate: 7.801950222882615
2025-05-30 22:49:42,031 | DEBUG | Processing pair: HKD 283 -> USD 36 (Forex HKD to USD (Trade ID: 386905429))
2025-05-30 22:49:42,032 | DEBUG | Creating FROM xact_unit: HKD -> USD, rate: 0.127208480565371
2025-05-30 22:49:42,032 | DEBUG | Creating TO xact_unit: USD -> HKD, rate: 7.861111111111111
2025-05-30 22:49:42,032 | DEBUG | Processing pair: HKD 2876161 -> USD 368800 (Forex HKD to USD (Trade ID: 386961032))
2025-05-30 22:49:42,033 | DEBUG | Creating FROM xact_unit: HKD -> USD, rate: 0.12822647967203504
2025-05-30 22:49:42,033 | DEBUG | Creating TO xact_unit: USD -> HKD, rate: 7.798701193058569
2025-05-30 22:49:42,033 | DEBUG | Processing pair: HKD 253 -> USD 32 (Forex HKD to USD (Trade ID: 387391489))
2025-05-30 22:49:42,034 | DEBUG | Creating FROM xact_unit: HKD -> USD, rate: 0.12648221343873517
2025-05-30 22:49:42,034 | DEBUG | Creating TO xact_unit: USD -> HKD, rate: 7.90625
2025-05-30 22:49:42,034 | DEBUG | Processing pair: HKD 200 -> USD 26 (Forex HKD to USD (Trade ID: 389211317))
2025-05-30 22:49:42,034 | DEBUG | Creating FROM xact_unit: HKD -> USD, rate: 0.13
2025-05-30 22:49:42,035 | DEBUG | Creating TO xact_unit: USD -> HKD, rate: 7.6923076923076925
2025-05-30 22:49:42,035 | DEBUG | Processing pair: HKD 1388012 -> USD 178300 (Forex HKD to USD (Trade ID: 394064406))
2025-05-30 22:49:42,035 | DEBUG | Creating FROM xact_unit: HKD -> USD, rate: 0.12845710267634575
2025-05-30 22:49:42,035 | DEBUG | Creating TO xact_unit: USD -> HKD, rate: 7.784699943914751
2025-05-30 22:49:42,036 | DEBUG | Processing pair: HKD 1999889 -> USD 256900 (Forex HKD to USD (Trade ID: 394065386))
2025-05-30 22:49:42,036 | DEBUG | Creating FROM xact_unit: HKD -> USD, rate: 0.12845712937068007
2025-05-30 22:49:42,036 | DEBUG | Creating TO xact_unit: USD -> HKD, rate: 7.784698326196964
2025-05-30 22:49:42,037 | DEBUG | Processing pair: HKD 485 -> USD 62 (Forex HKD to USD (Trade ID: 394784342))
2025-05-30 22:49:42,037 | DEBUG | Creating FROM xact_unit: HKD -> USD, rate: 0.12783505154639174
2025-05-30 22:49:42,037 | DEBUG | Creating TO xact_unit: USD -> HKD, rate: 7.82258064516129
2025-05-30 22:49:42,037 | DEBUG | Processing pair: HKD 111 -> USD 14 (Forex HKD to USD (Trade ID: 394784382))
2025-05-30 22:49:42,038 | DEBUG | Creating FROM xact_unit: HKD -> USD, rate: 0.12612612612612611
2025-05-30 22:49:42,038 | DEBUG | Creating TO xact_unit: USD -> HKD, rate: 7.928571428571429
2025-05-30 22:49:42,038 | DEBUG | Processing pair: HKD 1999744 -> USD 256700 (Forex HKD to USD (Trade ID: 401066075))
2025-05-30 22:49:42,039 | DEBUG | Creating FROM xact_unit: HKD -> USD, rate: 0.1283664309031556
2025-05-30 22:49:42,039 | DEBUG | Creating TO xact_unit: USD -> HKD, rate: 7.790198675496689
2025-05-30 22:49:42,039 | DEBUG | Processing pair: HKD 3000781 -> USD 385200 (Forex HKD to USD (Trade ID: 401113173))
2025-05-30 22:49:42,040 | DEBUG | Creating FROM xact_unit: HKD -> USD, rate: 0.1283665818998454
2025-05-30 22:49:42,040 | DEBUG | Creating TO xact_unit: USD -> HKD, rate: 7.790189511941849
2025-05-30 22:49:42,040 | DEBUG | Processing pair: HKD 784 -> USD 101 (Forex HKD to USD (Trade ID: 402159492))
2025-05-30 22:49:42,041 | DEBUG | Creating FROM xact_unit: HKD -> USD, rate: 0.1288265306122449
2025-05-30 22:49:42,041 | DEBUG | Creating TO xact_unit: USD -> HKD, rate: 7.762376237623762
2025-05-30 22:49:42,041 | DEBUG | Processing pair: HKD 256 -> USD 33 (Forex HKD to USD (Trade ID: 402159558))
2025-05-30 22:49:42,042 | DEBUG | Creating FROM xact_unit: HKD -> USD, rate: 0.12890625
2025-05-30 22:49:42,042 | DEBUG | Creating TO xact_unit: USD -> HKD, rate: 7.757575757575758
2025-05-30 22:49:42,042 | DEBUG | Processing pair: HKD 2499241 -> USD 319500 (Forex HKD to USD (Trade ID: 412467407))
2025-05-30 22:49:42,043 | DEBUG | Creating FROM xact_unit: HKD -> USD, rate: 0.1278388118632817
2025-05-30 22:49:42,043 | DEBUG | Creating TO xact_unit: USD -> HKD, rate: 7.82235054773083
2025-05-30 22:49:42,043 | DEBUG | Processing pair: HKD 759 -> USD 97 (Forex HKD to USD (Trade ID: 413685617))
2025-05-30 22:49:42,043 | DEBUG | Creating FROM xact_unit: HKD -> USD, rate: 0.12779973649538867
2025-05-30 22:49:42,043 | DEBUG | Creating TO xact_unit: USD -> HKD, rate: 7.824742268041237
2025-05-30 22:49:42,044 | DEBUG | Processing pair: HKD 1219694 -> USD 155400 (Forex HKD to USD (Trade ID: 428343763))
2025-05-30 22:49:42,044 | DEBUG | Creating FROM xact_unit: HKD -> USD, rate: 0.12740900586540557
2025-05-30 22:49:42,044 | DEBUG | Creating TO xact_unit: USD -> HKD, rate: 7.848738738738739
2025-05-30 22:49:42,044 | DEBUG | Processing pair: HKD 1740 -> USD 222 (Forex HKD to USD (Trade ID: 429238870))
2025-05-30 22:49:42,044 | DEBUG | Creating FROM xact_unit: HKD -> USD, rate: 0.12758620689655173
2025-05-30 22:49:42,045 | DEBUG | Creating TO xact_unit: USD -> HKD, rate: 7.837837837837838
2025-05-30 22:49:42,045 | DEBUG | Processing pair: HKD 9999758 -> USD 1273900 (Forex HKD to USD (Trade ID: 433149132))
2025-05-30 22:49:42,045 | DEBUG | Creating FROM xact_unit: HKD -> USD, rate: 0.12739308291260648
2025-05-30 22:49:42,045 | DEBUG | Creating TO xact_unit: USD -> HKD, rate: 7.84971975822278
2025-05-30 22:49:42,046 | DEBUG | Processing pair: HKD 1645360 -> USD 209600 (Forex HKD to USD (Trade ID: 438288180))
2025-05-30 22:49:42,046 | DEBUG | Creating FROM xact_unit: HKD -> USD, rate: 0.12738853503184713
2025-05-30 22:49:42,047 | DEBUG | Creating TO xact_unit: USD -> HKD, rate: 7.85
2025-05-30 22:49:42,047 | DEBUG | Processing pair: HKD 2088614 -> USD 266100 (Forex HKD to USD (Trade ID: 445692837))
2025-05-30 22:49:42,048 | DEBUG | Creating FROM xact_unit: HKD -> USD, rate: 0.12740506383659211
2025-05-30 22:49:42,048 | DEBUG | Creating TO xact_unit: USD -> HKD, rate: 7.848981585869974
2025-05-30 22:49:42,184 | DEBUG | Processing pair: HKD 532 -> USD 68 (Forex HKD to USD (Trade ID: 446220169))
2025-05-30 22:49:42,189 | DEBUG | Creating FROM xact_unit: HKD -> USD, rate: 0.12781954887218044
2025-05-30 22:49:42,189 | DEBUG | Creating TO xact_unit: USD -> HKD, rate: 7.823529411764706
2025-05-30 22:49:42,190 | DEBUG | Processing pair: HKD 1000 -> USD 127 (Forex HKD to USD (Trade ID: 447590932))
2025-05-30 22:49:42,190 | DEBUG | Creating FROM xact_unit: HKD -> USD, rate: 0.127
2025-05-30 22:49:42,190 | DEBUG | Creating TO xact_unit: USD -> HKD, rate: 7.874015748031496
2025-05-30 22:49:42,191 | DEBUG | Processing pair: HKD 1064 -> USD 136 (Forex HKD to USD (Trade ID: 448427897))
2025-05-30 22:49:42,191 | DEBUG | Creating FROM xact_unit: HKD -> USD, rate: 0.12781954887218044
2025-05-30 22:49:42,192 | DEBUG | Creating TO xact_unit: USD -> HKD, rate: 7.823529411764706
2025-05-30 22:49:42,192 | DEBUG | Processing pair: HKD 1999525 -> USD 254900 (Forex HKD to USD (Trade ID: 450910816))
2025-05-30 22:49:42,192 | DEBUG | Creating FROM xact_unit: HKD -> USD, rate: 0.12748027656568434
2025-05-30 22:49:42,192 | DEBUG | Creating TO xact_unit: USD -> HKD, rate: 7.844350725774814
2025-05-30 22:49:42,193 | DEBUG | Processing pair: HKD 475 -> USD 61 (Forex HKD to USD (Trade ID: 451474705))
2025-05-30 22:49:42,193 | DEBUG | Creating FROM xact_unit: HKD -> USD, rate: 0.12842105263157894
2025-05-30 22:49:42,193 | DEBUG | Creating TO xact_unit: USD -> HKD, rate: 7.786885245901639
2025-05-30 22:49:42,194 | DEBUG | Processing pair: HKD 1999273 -> USD 254700 (Forex HKD to USD (Trade ID: 455381352))
2025-05-30 22:49:42,194 | DEBUG | Creating FROM xact_unit: HKD -> USD, rate: 0.1273963085581609
2025-05-30 22:49:42,194 | DEBUG | Creating TO xact_unit: USD -> HKD, rate: 7.849521005104044
2025-05-30 22:49:42,194 | DEBUG | Processing pair: HKD 727 -> USD 93 (Forex HKD to USD (Trade ID: 455912818))
2025-05-30 22:49:42,195 | DEBUG | Creating FROM xact_unit: HKD -> USD, rate: 0.1279229711141678
2025-05-30 22:49:42,195 | DEBUG | Creating TO xact_unit: USD -> HKD, rate: 7.817204301075269
2025-05-30 22:49:42,195 | DEBUG | Processing pair: HKD 8022169 -> USD 1022000 (Forex HKD to USD (Trade ID: 456131049))
2025-05-30 22:49:42,196 | DEBUG | Creating FROM xact_unit: HKD -> USD, rate: 0.12739696707960155
2025-05-30 22:49:42,196 | DEBUG | Creating TO xact_unit: USD -> HKD, rate: 7.849480430528375
2025-05-30 22:49:42,196 | DEBUG | Processing pair: HKD 191 -> USD 24 (Forex HKD to USD (Trade ID: 456639758))
2025-05-30 22:49:42,196 | DEBUG | Creating FROM xact_unit: HKD -> USD, rate: 0.1256544502617801
2025-05-30 22:49:42,196 | DEBUG | Creating TO xact_unit: USD -> HKD, rate: 7.958333333333333
2025-05-30 22:49:42,197 | DEBUG | Processing pair: HKD 29043 -> USD 3700 (Forex HKD to USD (Trade ID: 458531592))
2025-05-30 22:49:42,197 | DEBUG | Creating FROM xact_unit: HKD -> USD, rate: 0.1273973074406914
2025-05-30 22:49:42,197 | DEBUG | Creating TO xact_unit: USD -> HKD, rate: 7.849459459459459
2025-05-30 22:49:42,198 | DEBUG | Processing pair: HKD 312446 -> USD 39800 (Forex HKD to USD (Trade ID: 458531595))
2025-05-30 22:49:42,198 | DEBUG | Creating FROM xact_unit: HKD -> USD, rate: 0.12738201161160648
2025-05-30 22:49:42,198 | DEBUG | Creating TO xact_unit: USD -> HKD, rate: 7.850402010050251
2025-05-30 22:49:42,198 | DEBUG | Processing pair: HKD 1799987 -> USD 229300 (Forex HKD to USD (Trade ID: 459062696))
2025-05-30 22:49:42,199 | DEBUG | Creating FROM xact_unit: HKD -> USD, rate: 0.1273898089263978
2025-05-30 22:49:42,199 | DEBUG | Creating TO xact_unit: USD -> HKD, rate: 7.849921500218055
2025-05-30 22:49:42,200 | DEBUG | Processing pair: HKD 13 -> USD 2 (Forex HKD to USD (Trade ID: 459547411))
2025-05-30 22:49:42,216 | DEBUG | Creating FROM xact_unit: HKD -> USD, rate: 0.15384615384615385
2025-05-30 22:49:42,217 | DEBUG | Creating TO xact_unit: USD -> HKD, rate: 6.5
2025-05-30 22:49:42,217 | DEBUG | Processing pair: HKD 9999988 -> USD 1273900 (Forex HKD to USD (Trade ID: 460147036))
2025-05-30 22:49:42,218 | DEBUG | Creating FROM xact_unit: HKD -> USD, rate: 0.12739015286818345
2025-05-30 22:49:42,218 | DEBUG | Creating TO xact_unit: USD -> HKD, rate: 7.84990030614648
2025-05-30 22:49:42,218 | DEBUG | Processing pair: HKD 1480 -> USD 189 (Forex HKD to USD (Trade ID: 460742554))
2025-05-30 22:49:42,219 | DEBUG | Creating FROM xact_unit: HKD -> USD, rate: 0.1277027027027027
2025-05-30 22:49:42,219 | DEBUG | Creating TO xact_unit: USD -> HKD, rate: 7.830687830687831
2025-05-30 22:49:42,220 | DEBUG | Processing pair: HKD 5724866 -> USD 729300 (Forex HKD to USD (Trade ID: 462462538))
2025-05-30 22:49:42,220 | DEBUG | Creating FROM xact_unit: HKD -> USD, rate: 0.12739162803111898
2025-05-30 22:49:42,220 | DEBUG | Creating TO xact_unit: USD -> HKD, rate: 7.849809406279994
2025-05-30 22:49:42,220 | DEBUG | Processing pair: HKD 1799961 -> USD 229300 (Forex HKD to USD (Trade ID: 462462847))
2025-05-30 22:49:42,221 | DEBUG | Creating FROM xact_unit: HKD -> USD, rate: 0.12739164904128478
2025-05-30 22:49:42,221 | DEBUG | Creating TO xact_unit: USD -> HKD, rate: 7.849808111644134
2025-05-30 22:49:42,221 | DEBUG | Processing pair: HKD 39 -> USD 5 (Forex HKD to USD (Trade ID: 463209050))
2025-05-30 22:49:42,221 | DEBUG | Creating FROM xact_unit: HKD -> USD, rate: 0.1282051282051282
2025-05-30 22:49:42,222 | DEBUG | Creating TO xact_unit: USD -> HKD, rate: 7.8
2025-05-30 22:49:42,222 | DEBUG | Processing pair: HKD 5589475 -> USD 712300 (Forex HKD to USD (Trade ID: 485406967))
2025-05-30 22:49:42,222 | DEBUG | Creating FROM xact_unit: HKD -> USD, rate: 0.12743593986912904
2025-05-30 22:49:42,223 | DEBUG | Creating TO xact_unit: USD -> HKD, rate: 7.847079882072161
2025-05-30 22:49:42,223 | DEBUG | Processing pair: HKD 19569300 -> USD 2500000 (Forex HKD to USD (Trade ID: 485454021))
2025-05-30 22:49:42,223 | DEBUG | Creating FROM xact_unit: HKD -> USD, rate: 0.12775112037732572
2025-05-30 22:49:42,224 | DEBUG | Creating TO xact_unit: USD -> HKD, rate: 7.82772
2025-05-30 22:49:42,224 | DEBUG | Processing pair: HKD 525 -> USD 67 (Forex HKD to USD (Trade ID: 485771670))
2025-05-30 22:49:42,224 | DEBUG | Creating FROM xact_unit: HKD -> USD, rate: 0.12761904761904763
2025-05-30 22:49:42,224 | DEBUG | Creating TO xact_unit: USD -> HKD, rate: 7.835820895522388
2025-05-30 22:49:42,225 | DEBUG | Processing pair: HKD 7849610 -> USD 1000000 (Forex HKD to USD (Trade ID: 487998520))
2025-05-30 22:49:42,225 | DEBUG | Creating FROM xact_unit: HKD -> USD, rate: 0.1273948642034445
2025-05-30 22:49:42,225 | DEBUG | Creating TO xact_unit: USD -> HKD, rate: 7.84961
2025-05-30 22:49:42,225 | DEBUG | Processing pair: HKD 3532410 -> USD 450000 (Forex HKD to USD (Trade ID: 492520208))
2025-05-30 22:49:42,226 | DEBUG | Creating FROM xact_unit: HKD -> USD, rate: 0.12739178068231038
2025-05-30 22:49:42,226 | DEBUG | Creating TO xact_unit: USD -> HKD, rate: 7.8498
2025-05-30 22:49:42,226 | DEBUG | Processing pair: HKD 30221730 -> USD 3850000 (Forex HKD to USD (Trade ID: 492520976))
2025-05-30 22:49:42,227 | DEBUG | Creating FROM xact_unit: HKD -> USD, rate: 0.12739178068231038
2025-05-30 22:49:42,227 | DEBUG | Creating TO xact_unit: USD -> HKD, rate: 7.8498
2025-05-30 22:49:42,228 | DEBUG | Processing pair: HKD 4941190 -> USD 629682 (Forex HKD to USD (Trade ID: 493888117))
2025-05-30 22:49:42,228 | DEBUG | Creating FROM xact_unit: HKD -> USD, rate: 0.1274352939271714
2025-05-30 22:49:42,228 | DEBUG | Creating TO xact_unit: USD -> HKD, rate: 7.847119657223805
2025-05-30 22:49:42,229 | DEBUG | Processing pair: HKD 8 -> USD 1 (Forex HKD to USD (Trade ID: 493888118))
2025-05-30 22:49:42,229 | DEBUG | Creating FROM xact_unit: HKD -> USD, rate: 0.125
2025-05-30 22:49:42,229 | DEBUG | Creating TO xact_unit: USD -> HKD, rate: 8.0
2025-05-30 22:49:42,230 | DEBUG | Processing pair: HKD 2 -> USD 1 (Forex HKD to USD (Trade ID: 494303774))
2025-05-30 22:49:42,230 | DEBUG | Creating FROM xact_unit: HKD -> USD, rate: 0.5
2025-05-30 22:49:42,230 | DEBUG | Creating TO xact_unit: USD -> HKD, rate: 2.0
2025-05-30 22:49:42,230 | DEBUG | Processing pair: HKD 999993 -> USD 127388 (Forex HKD to USD (Trade ID: 496056115))
2025-05-30 22:49:42,231 | DEBUG | Creating FROM xact_unit: HKD -> USD, rate: 0.12738889172224205
2025-05-30 22:49:42,231 | DEBUG | Creating TO xact_unit: USD -> HKD, rate: 7.849978019907684
2025-05-30 22:49:42,231 | DEBUG | Processing pair: HKD 7 -> USD 1 (Forex HKD to USD (Trade ID: 496550990))
2025-05-30 22:49:42,231 | DEBUG | Creating FROM xact_unit: HKD -> USD, rate: 0.14285714285714285
2025-05-30 22:49:42,232 | DEBUG | Creating TO xact_unit: USD -> HKD, rate: 7.0
2025-05-30 22:49:42,232 | DEBUG | Processing pair: HKD 785 -> USD 100 (Forex HKD to USD (Trade ID: 498807575))
2025-05-30 22:49:42,232 | DEBUG | Creating FROM xact_unit: HKD -> USD, rate: 0.12738853503184713
2025-05-30 22:49:42,233 | DEBUG | Creating TO xact_unit: USD -> HKD, rate: 7.85
2025-05-30 22:49:42,233 | DEBUG | Processing pair: HKD 6277727 -> USD 799900 (Forex HKD to USD (Trade ID: 498807579))
2025-05-30 22:49:42,233 | DEBUG | Creating FROM xact_unit: HKD -> USD, rate: 0.12741872974087595
2025-05-30 22:49:42,233 | DEBUG | Creating TO xact_unit: USD -> HKD, rate: 7.848139767470934
2025-05-30 22:49:42,234 | DEBUG | Processing pair: HKD 600996 -> USD 76688 (Forex HKD to USD (Trade ID: 504834723))
2025-05-30 22:49:42,234 | DEBUG | Creating FROM xact_unit: HKD -> USD, rate: 0.12760151481873425
2025-05-30 22:49:42,234 | DEBUG | Creating TO xact_unit: USD -> HKD, rate: 7.836897558940121
2025-05-30 22:49:42,234 | DEBUG | Processing pair: HKD 4 -> USD 1 (Forex HKD to USD (Trade ID: 505381805))
2025-05-30 22:49:42,235 | DEBUG | Creating FROM xact_unit: HKD -> USD, rate: 0.25
2025-05-30 22:49:42,235 | DEBUG | Creating TO xact_unit: USD -> HKD, rate: 4.0
2025-05-30 22:49:42,235 | DEBUG | Processing pair: HKD 399999 -> USD 51137 (Forex HKD to USD (Trade ID: 509424401))
2025-05-30 22:49:42,236 | DEBUG | Creating FROM xact_unit: HKD -> USD, rate: 0.12784281960704902
2025-05-30 22:49:42,236 | DEBUG | Creating TO xact_unit: USD -> HKD, rate: 7.8221053249115124
2025-05-30 22:49:42,236 | DEBUG | Processing pair: HKD 6546863 -> USD 837000 (Forex HKD to USD (Trade ID: 509438516))
2025-05-30 22:49:42,237 | DEBUG | Creating FROM xact_unit: HKD -> USD, rate: 0.12784748970613866
2025-05-30 22:49:42,237 | DEBUG | Creating TO xact_unit: USD -> HKD, rate: 7.821819593787335
2025-05-30 22:49:42,237 | DEBUG | Processing pair: HKD 5598801 -> USD 715800 (Forex HKD to USD (Trade ID: 509439544))
2025-05-30 22:49:42,238 | DEBUG | Creating FROM xact_unit: HKD -> USD, rate: 0.1278488019131239
2025-05-30 22:49:42,238 | DEBUG | Creating TO xact_unit: USD -> HKD, rate: 7.821739312657167
2025-05-30 22:49:42,238 | DEBUG | Processing pair: HKD 1 -> USD 1 (Forex HKD to USD (Trade ID: 510010848))
2025-05-30 22:49:42,238 | DEBUG | Creating FROM xact_unit: HKD -> USD, rate: 1.0
2025-05-30 22:49:42,238 | DEBUG | Creating TO xact_unit: USD -> HKD, rate: 1.0
2025-05-30 22:49:42,238 | DEBUG | Processing pair: HKD 1199 -> USD 153 (Forex HKD to USD (Trade ID: 510010914))
2025-05-30 22:49:42,239 | DEBUG | Creating FROM xact_unit: HKD -> USD, rate: 0.12760633861551293
2025-05-30 22:49:42,239 | DEBUG | Creating TO xact_unit: USD -> HKD, rate: 7.836601307189542
2025-05-30 22:49:42,239 | DEBUG | Processing pair: HKD 1504493 -> USD 192444 (Forex HKD to USD (Trade ID: 512675015))
2025-05-30 22:49:42,240 | DEBUG | Creating FROM xact_unit: HKD -> USD, rate: 0.12791285835161745
2025-05-30 22:49:42,240 | DEBUG | Creating TO xact_unit: USD -> HKD, rate: 7.817822327534244
2025-05-30 22:49:42,241 | DEBUG | Processing pair: HKD 35 -> USD 4 (Forex HKD to USD (Trade ID: 513191263))
2025-05-30 22:49:42,241 | DEBUG | Creating FROM xact_unit: HKD -> USD, rate: 0.11428571428571428
2025-05-30 22:49:42,241 | DEBUG | Creating TO xact_unit: USD -> HKD, rate: 8.75
2025-05-30 22:49:42,242 | DEBUG | Processing pair: HKD 1031996 -> USD 132195 (Forex HKD to USD (Trade ID: 515928744))
2025-05-30 22:49:42,242 | DEBUG | Creating FROM xact_unit: HKD -> USD, rate: 0.12809642673033617
2025-05-30 22:49:42,243 | DEBUG | Creating TO xact_unit: USD -> HKD, rate: 7.806619009796134
2025-05-30 22:49:42,243 | DEBUG | Processing pair: HKD 399999 -> USD 51230 (Forex HKD to USD (Trade ID: 515932748))
2025-05-30 22:49:42,243 | DEBUG | Creating FROM xact_unit: HKD -> USD, rate: 0.12807532018830048
2025-05-30 22:49:42,243 | DEBUG | Creating TO xact_unit: USD -> HKD, rate: 7.807905524106968
2025-05-30 22:49:42,243 | DEBUG | Processing pair: HKD 1 -> USD 1 (Forex HKD to USD (Trade ID: 516545842))
2025-05-30 22:49:42,244 | DEBUG | Creating FROM xact_unit: HKD -> USD, rate: 1.0
2025-05-30 22:49:42,244 | DEBUG | Creating TO xact_unit: USD -> HKD, rate: 1.0
2025-05-30 22:49:42,244 | DEBUG | Processing pair: HKD 3275 -> USD 419 (Forex HKD to USD (Trade ID: 516545918))
2025-05-30 22:49:42,244 | DEBUG | Creating FROM xact_unit: HKD -> USD, rate: 0.12793893129770992
2025-05-30 22:49:42,244 | DEBUG | Creating TO xact_unit: USD -> HKD, rate: 7.816229116945108
2025-05-30 22:49:42,245 | DEBUG | Processing pair: HKD 1799993 -> USD 230240 (Forex HKD to USD (Trade ID: 517036414))
2025-05-30 22:49:42,245 | DEBUG | Creating FROM xact_unit: HKD -> USD, rate: 0.12791160854514433
2025-05-30 22:49:42,245 | DEBUG | Creating TO xact_unit: USD -> HKD, rate: 7.81789871438499
2025-05-30 22:49:42,245 | DEBUG | Processing pair: HKD 7 -> USD 1 (Forex HKD to USD (Trade ID: 517603444))
2025-05-30 22:49:42,245 | DEBUG | Creating FROM xact_unit: HKD -> USD, rate: 0.14285714285714285
2025-05-30 22:49:42,246 | DEBUG | Creating TO xact_unit: USD -> HKD, rate: 7.0
2025-05-30 22:49:42,246 | DEBUG | Processing pair: HKD 799997 -> USD 101991 (Forex HKD to USD (Trade ID: 519713219))
2025-05-30 22:49:42,246 | DEBUG | Creating FROM xact_unit: HKD -> USD, rate: 0.1274892280846053
2025-05-30 22:49:42,246 | DEBUG | Creating TO xact_unit: USD -> HKD, rate: 7.843799943132237
2025-05-30 22:49:42,247 | DEBUG | Processing pair: HKD 3 -> USD 1 (Forex HKD to USD (Trade ID: 520364422))
2025-05-30 22:49:42,247 | DEBUG | Creating FROM xact_unit: HKD -> USD, rate: 0.3333333333333333
2025-05-30 22:49:42,247 | DEBUG | Creating TO xact_unit: USD -> HKD, rate: 3.0
2025-05-30 22:49:42,248 | DEBUG | Processing pair: HKD 1000000 -> USD 127551 (Forex HKD to USD (Trade ID: 521469101))
2025-05-30 22:49:42,248 | DEBUG | Creating FROM xact_unit: HKD -> USD, rate: 0.127551
2025-05-30 22:49:42,248 | DEBUG | Creating TO xact_unit: USD -> HKD, rate: 7.8400012544002005
2025-05-30 22:49:42,248 | DEBUG | Processing pair: HKD 3005993 -> USD 383464 (Forex HKD to USD (Trade ID: 522146472))
2025-05-30 22:49:42,249 | DEBUG | Creating FROM xact_unit: HKD -> USD, rate: 0.1275664979925103
2025-05-30 22:49:42,249 | DEBUG | Creating TO xact_unit: USD -> HKD, rate: 7.839048776417082
2025-05-30 22:49:42,249 | DEBUG | Processing pair: HKD 1799993 -> USD 229612 (Forex HKD to USD (Trade ID: 522147255))
2025-05-30 22:49:42,250 | DEBUG | Creating FROM xact_unit: HKD -> USD, rate: 0.12756271829946006
2025-05-30 22:49:42,250 | DEBUG | Creating TO xact_unit: USD -> HKD, rate: 7.839281048028849
2025-05-30 22:49:42,250 | DEBUG | Processing pair: HKD 399997 -> USD 51023 (Forex HKD to USD (Trade ID: 522148083))
2025-05-30 22:49:42,251 | DEBUG | Creating FROM xact_unit: HKD -> USD, rate: 0.12755845668842516
2025-05-30 22:49:42,251 | DEBUG | Creating TO xact_unit: USD -> HKD, rate: 7.839542951218078
2025-05-30 22:49:42,251 | DEBUG | Processing pair: HKD 872 -> USD 111 (Forex HKD to USD (Trade ID: 522253408))
2025-05-30 22:49:42,252 | DEBUG | Creating FROM xact_unit: HKD -> USD, rate: 0.12729357798165136
2025-05-30 22:49:42,252 | DEBUG | Creating TO xact_unit: USD -> HKD, rate: 7.8558558558558556
2025-05-30 22:49:42,252 | DEBUG | Processing pair: HKD 2733994 -> USD 349253 (Forex HKD to USD (Trade ID: 522713100))
2025-05-30 22:49:42,253 | DEBUG | Creating FROM xact_unit: HKD -> USD, rate: 0.12774461099768325
2025-05-30 22:49:42,253 | DEBUG | Creating TO xact_unit: USD -> HKD, rate: 7.8281188708472085
2025-05-30 22:49:42,253 | DEBUG | Processing pair: HKD 3 -> USD 1 (Forex HKD to USD (Trade ID: 522757836))
2025-05-30 22:49:42,254 | DEBUG | Creating FROM xact_unit: HKD -> USD, rate: 0.3333333333333333
2025-05-30 22:49:42,254 | DEBUG | Creating TO xact_unit: USD -> HKD, rate: 3.0
2025-05-30 22:49:42,254 | DEBUG | Processing pair: HKD 7 -> USD 1 (Forex HKD to USD (Trade ID: 522757964))
2025-05-30 22:49:42,254 | DEBUG | Creating FROM xact_unit: HKD -> USD, rate: 0.14285714285714285
2025-05-30 22:49:42,254 | DEBUG | Creating TO xact_unit: USD -> HKD, rate: 7.0
2025-05-30 22:49:42,254 | DEBUG | Processing pair: HKD 11699994 -> USD 1494443 (Forex HKD to USD (Trade ID: 523147361))
2025-05-30 22:49:42,255 | DEBUG | Creating FROM xact_unit: HKD -> USD, rate: 0.1277302364428563
2025-05-30 22:49:42,255 | DEBUG | Creating TO xact_unit: USD -> HKD, rate: 7.82899983472103
2025-05-30 22:49:42,255 | DEBUG | Processing pair: HKD 11 -> USD 1 (Forex HKD to USD (Trade ID: 523775301))
2025-05-30 22:49:42,255 | DEBUG | Creating FROM xact_unit: HKD -> USD, rate: 0.09090909090909091
2025-05-30 22:49:42,255 | DEBUG | Creating TO xact_unit: USD -> HKD, rate: 11.0
2025-05-30 22:49:42,256 | DEBUG | Processing pair: HKD 16765158 -> USD 2141300 (Forex HKD to USD (Trade ID: 525745507))
2025-05-30 22:49:42,256 | DEBUG | Creating FROM xact_unit: HKD -> USD, rate: 0.12772322217303292
2025-05-30 22:49:42,256 | DEBUG | Creating TO xact_unit: USD -> HKD, rate: 7.829429785644235
2025-05-30 22:49:42,256 | DEBUG | Processing pair: HKD 1799992 -> USD 229870 (Forex HKD to USD (Trade ID: 525861815))
2025-05-30 22:49:42,257 | DEBUG | Creating FROM xact_unit: HKD -> USD, rate: 0.12770612313832505
2025-05-30 22:49:42,257 | DEBUG | Creating TO xact_unit: USD -> HKD, rate: 7.830478096315309
2025-05-30 22:49:42,257 | DEBUG | Processing pair: HKD 3515 -> USD 449 (Forex HKD to USD (Trade ID: 526346348))
2025-05-30 22:49:42,258 | DEBUG | Creating FROM xact_unit: HKD -> USD, rate: 0.12773826458036985
2025-05-30 22:49:42,258 | DEBUG | Creating TO xact_unit: USD -> HKD, rate: 7.828507795100223
2025-05-30 22:49:42,258 | DEBUG | Processing pair: HKD 8 -> USD 1 (Forex HKD to USD (Trade ID: 526346392))
2025-05-30 22:49:42,259 | DEBUG | Creating FROM xact_unit: HKD -> USD, rate: 0.125
2025-05-30 22:49:42,259 | DEBUG | Creating TO xact_unit: USD -> HKD, rate: 8.0
2025-05-30 22:49:42,259 | DEBUG | Processing pair: HKD 3061 -> USD 391 (Forex HKD to USD (Trade ID: 527026337))
2025-05-30 22:49:42,260 | DEBUG | Creating FROM xact_unit: HKD -> USD, rate: 0.1277360339758249
2025-05-30 22:49:42,260 | DEBUG | Creating TO xact_unit: USD -> HKD, rate: 7.828644501278772
2025-05-30 22:49:42,260 | DEBUG | Processing pair: HKD 199994 -> USD 25558 (Forex HKD to USD (Trade ID: 529657127))
2025-05-30 22:49:42,261 | DEBUG | Creating FROM xact_unit: HKD -> USD, rate: 0.12779383381501444
2025-05-30 22:49:42,261 | DEBUG | Creating TO xact_unit: USD -> HKD, rate: 7.825103685734408
2025-05-30 22:49:42,261 | DEBUG | Processing pair: HKD 6 -> USD 1 (Forex HKD to USD (Trade ID: 530264643))
2025-05-30 22:49:42,262 | DEBUG | Creating FROM xact_unit: HKD -> USD, rate: 0.16666666666666666
2025-05-30 22:49:42,262 | DEBUG | Creating TO xact_unit: USD -> HKD, rate: 6.0
2025-05-30 22:49:42,262 | DEBUG | Processing pair: HKD 400000 -> USD 51112 (Forex HKD to USD (Trade ID: 531754617))
2025-05-30 22:49:42,263 | DEBUG | Creating FROM xact_unit: HKD -> USD, rate: 0.12778
2025-05-30 22:49:42,263 | DEBUG | Creating TO xact_unit: USD -> HKD, rate: 7.825950853028643
2025-05-30 22:49:42,263 | DEBUG | Processing pair: HKD 1799998 -> USD 230431 (Forex HKD to USD (Trade ID: 533242681))
2025-05-30 22:49:42,263 | DEBUG | Creating FROM xact_unit: HKD -> USD, rate: 0.1280173644637383
2025-05-30 22:49:42,264 | DEBUG | Creating TO xact_unit: USD -> HKD, rate: 7.811440301001167
2025-05-30 22:49:42,264 | DEBUG | Processing pair: HKD 2 -> USD 1 (Forex HKD to USD (Trade ID: 533829897))
2025-05-30 22:49:42,264 | DEBUG | Creating FROM xact_unit: HKD -> USD, rate: 0.5
2025-05-30 22:49:42,265 | DEBUG | Creating TO xact_unit: USD -> HKD, rate: 2.0
2025-05-30 22:49:42,265 | DEBUG | Processing pair: HKD 399999 -> USD 51233 (Forex HKD to USD (Trade ID: 539215984))
2025-05-30 22:49:42,265 | DEBUG | Creating FROM xact_unit: HKD -> USD, rate: 0.12808282020705053
2025-05-30 22:49:42,265 | DEBUG | Creating TO xact_unit: USD -> HKD, rate: 7.807448324322214
2025-05-30 22:49:42,265 | DEBUG | Processing pair: HKD 1 -> USD 1 (Forex HKD to USD (Trade ID: 539884267))
2025-05-30 22:49:42,266 | DEBUG | Creating FROM xact_unit: HKD -> USD, rate: 1.0
2025-05-30 22:49:42,266 | DEBUG | Creating TO xact_unit: USD -> HKD, rate: 1.0
2025-05-30 22:49:42,266 | DEBUG | Processing pair: HKD 3606598 -> USD 461200 (Forex HKD to USD (Trade ID: 543703965))
2025-05-30 22:49:42,266 | DEBUG | Creating FROM xact_unit: HKD -> USD, rate: 0.12787674146106665
2025-05-30 22:49:42,267 | DEBUG | Creating TO xact_unit: USD -> HKD, rate: 7.820030355594103
2025-05-30 22:49:42,267 | DEBUG | Processing pair: HKD 2 -> USD 1 (Forex HKD to USD (Trade ID: 544320437))
2025-05-30 22:49:42,267 | DEBUG | Creating FROM xact_unit: HKD -> USD, rate: 0.5
2025-05-30 22:49:42,267 | DEBUG | Creating TO xact_unit: USD -> HKD, rate: 2.0
2025-05-30 22:49:42,268 | DEBUG | Processing pair: HKD 1000492 -> USD 127889 (Forex HKD to USD (Trade ID: 544817885))
2025-05-30 22:49:42,268 | DEBUG | Creating FROM xact_unit: HKD -> USD, rate: 0.12782610955409937
2025-05-30 22:49:42,268 | DEBUG | Creating TO xact_unit: USD -> HKD, rate: 7.823127868698637
2025-05-30 22:49:42,268 | DEBUG | Processing pair: HKD 165 -> USD 21 (Forex HKD to USD (Trade ID: 545581720))
2025-05-30 22:49:42,269 | DEBUG | Creating FROM xact_unit: HKD -> USD, rate: 0.12727272727272726
2025-05-30 22:49:42,269 | DEBUG | Creating TO xact_unit: USD -> HKD, rate: 7.857142857142857
2025-05-30 22:49:42,269 | DEBUG | Processing pair: HKD 38993802 -> USD 4987000 (Forex HKD to USD (Trade ID: 548444319))
2025-05-30 22:49:42,270 | DEBUG | Creating FROM xact_unit: HKD -> USD, rate: 0.12789211988100058
2025-05-30 22:49:42,270 | DEBUG | Creating TO xact_unit: USD -> HKD, rate: 7.819090034088631
2025-05-30 22:49:42,270 | DEBUG | Processing pair: HKD 599999 -> USD 76688 (Forex HKD to USD (Trade ID: 549282310))
2025-05-30 22:49:42,270 | DEBUG | Creating FROM xact_unit: HKD -> USD, rate: 0.1278135463559106
2025-05-30 22:49:42,271 | DEBUG | Creating TO xact_unit: USD -> HKD, rate: 7.823896828708533
2025-05-30 22:49:42,271 | DEBUG | Processing pair: HKD 1799994 -> USD 230208 (Forex HKD to USD (Trade ID: 549603012))
2025-05-30 22:49:42,271 | DEBUG | Creating FROM xact_unit: HKD -> USD, rate: 0.1278937596458655
2025-05-30 22:49:42,272 | DEBUG | Creating TO xact_unit: USD -> HKD, rate: 7.818989783152627
2025-05-30 22:49:42,272 | DEBUG | Processing pair: HKD 1 -> USD 1 (Forex HKD to USD (Trade ID: 549961887))
2025-05-30 22:49:42,273 | DEBUG | Creating FROM xact_unit: HKD -> USD, rate: 1.0
2025-05-30 22:49:42,273 | DEBUG | Creating TO xact_unit: USD -> HKD, rate: 1.0
2025-05-30 22:49:42,273 | DEBUG | Processing pair: HKD 6 -> USD 1 (Forex HKD to USD (Trade ID: 550212331))
2025-05-30 22:49:42,274 | DEBUG | Creating FROM xact_unit: HKD -> USD, rate: 0.16666666666666666
2025-05-30 22:49:42,274 | DEBUG | Creating TO xact_unit: USD -> HKD, rate: 6.0
2025-05-30 22:49:42,274 | DEBUG | Processing pair: HKD 1799994 -> USD 230042 (Forex HKD to USD (Trade ID: 555292307))
2025-05-30 22:49:42,275 | DEBUG | Creating FROM xact_unit: HKD -> USD, rate: 0.12780153711623482
2025-05-30 22:49:42,275 | DEBUG | Creating TO xact_unit: USD -> HKD, rate: 7.824632023717408
2025-05-30 22:49:42,275 | DEBUG | Processing pair: HKD 399995 -> USD 51116 (Forex HKD to USD (Trade ID: 555332836))
2025-05-30 22:49:42,275 | DEBUG | Creating FROM xact_unit: HKD -> USD, rate: 0.12779159739496743
2025-05-30 22:49:42,276 | DEBUG | Creating TO xact_unit: USD -> HKD, rate: 7.825240629157211
2025-05-30 22:49:42,276 | DEBUG | Processing pair: HKD 5805995 -> USD 742056 (Forex HKD to USD (Trade ID: 555489031))
2025-05-30 22:49:42,276 | DEBUG | Creating FROM xact_unit: HKD -> USD, rate: 0.12780858405837414
2025-05-30 22:49:42,276 | DEBUG | Creating TO xact_unit: USD -> HKD, rate: 7.824200599415677
2025-05-30 22:49:42,277 | DEBUG | Processing pair: HKD 5 -> USD 1 (Forex HKD to USD (Trade ID: 556213885))
2025-05-30 22:49:42,277 | DEBUG | Creating FROM xact_unit: HKD -> USD, rate: 0.2
2025-05-30 22:49:42,277 | DEBUG | Creating TO xact_unit: USD -> HKD, rate: 5.0
2025-05-30 22:49:42,277 | DEBUG | Processing pair: HKD 6 -> USD 1 (Forex HKD to USD (Trade ID: 556214083))
2025-05-30 22:49:42,278 | DEBUG | Creating FROM xact_unit: HKD -> USD, rate: 0.16666666666666666
2025-05-30 22:49:42,278 | DEBUG | Creating TO xact_unit: USD -> HKD, rate: 6.0
2025-05-30 22:49:42,278 | DEBUG | Processing pair: HKD 6 -> USD 1 (Forex HKD to USD (Trade ID: 559168569))
2025-05-30 22:49:42,279 | DEBUG | Creating FROM xact_unit: HKD -> USD, rate: 0.16666666666666666
2025-05-30 22:49:42,279 | DEBUG | Creating TO xact_unit: USD -> HKD, rate: 6.0
2025-05-30 22:49:42,279 | DEBUG | Processing pair: HKD 1209994 -> USD 154655 (Forex HKD to USD (Trade ID: 561386160))
2025-05-30 22:49:42,279 | DEBUG | Creating FROM xact_unit: HKD -> USD, rate: 0.12781468337859528
2025-05-30 22:49:42,279 | DEBUG | Creating TO xact_unit: USD -> HKD, rate: 7.823827228346966
2025-05-30 22:49:42,280 | DEBUG | Processing pair: HKD 502 -> USD 64 (Forex HKD to USD (Trade ID: 561833841))
2025-05-30 22:49:42,280 | DEBUG | Creating FROM xact_unit: HKD -> USD, rate: 0.12749003984063745
2025-05-30 22:49:42,280 | DEBUG | Creating TO xact_unit: USD -> HKD, rate: 7.84375
2025-05-30 22:49:42,281 | DEBUG | Processing pair: HKD 1799892 -> USD 229908 (Forex HKD to USD (Trade ID: 562797989))
2025-05-30 22:49:42,281 | DEBUG | Creating FROM xact_unit: HKD -> USD, rate: 0.12773433072651025
2025-05-30 22:49:42,281 | DEBUG | Creating TO xact_unit: USD -> HKD, rate: 7.828748890860692
2025-05-30 22:49:42,281 | DEBUG | Processing pair: HKD 400 -> USD 51 (Forex HKD to USD (Trade ID: 563180837))
2025-05-30 22:49:42,282 | DEBUG | Creating FROM xact_unit: HKD -> USD, rate: 0.1275
2025-05-30 22:49:42,282 | DEBUG | Creating TO xact_unit: USD -> HKD, rate: 7.8431372549019605
2025-05-30 22:49:42,282 | DEBUG | Processing pair: HKD 106 -> USD 14 (Forex HKD to USD (Trade ID: 563479031))
2025-05-30 22:49:42,283 | DEBUG | Creating FROM xact_unit: HKD -> USD, rate: 0.1320754716981132
2025-05-30 22:49:42,283 | DEBUG | Creating TO xact_unit: USD -> HKD, rate: 7.571428571428571
2025-05-30 22:49:42,283 | DEBUG | Processing pair: HKD 2447500 -> USD 312252 (Forex HKD to USD (Trade ID: 564717709))
2025-05-30 22:49:42,283 | DEBUG | Creating FROM xact_unit: HKD -> USD, rate: 0.12757997957099082
2025-05-30 22:49:42,283 | DEBUG | Creating TO xact_unit: USD -> HKD, rate: 7.83822041171874
2025-05-30 22:49:42,284 | DEBUG | Processing pair: HKD 162 -> USD 21 (Forex HKD to USD (Trade ID: 565349436))
2025-05-30 22:49:42,284 | DEBUG | Creating FROM xact_unit: HKD -> USD, rate: 0.12962962962962962
2025-05-30 22:49:42,285 | DEBUG | Creating TO xact_unit: USD -> HKD, rate: 7.714285714285714
2025-05-30 22:49:42,285 | DEBUG | Processing pair: HKD 199999 -> USD 25541 (Forex HKD to USD (Trade ID: 567299532))
2025-05-30 22:49:42,285 | DEBUG | Creating FROM xact_unit: HKD -> USD, rate: 0.12770563852819264
2025-05-30 22:49:42,285 | DEBUG | Creating TO xact_unit: USD -> HKD, rate: 7.830507810970596
2025-05-30 22:49:42,286 | DEBUG | Processing pair: HKD 1 -> USD 1 (Forex HKD to USD (Trade ID: 568006191))
2025-05-30 22:49:42,286 | DEBUG | Creating FROM xact_unit: HKD -> USD, rate: 1.0
2025-05-30 22:49:42,286 | DEBUG | Creating TO xact_unit: USD -> HKD, rate: 1.0
2025-05-30 22:49:42,287 | DEBUG | Processing pair: HKD 2299999 -> USD 294250 (Forex HKD to USD (Trade ID: 569127150))
2025-05-30 22:49:42,287 | DEBUG | Creating FROM xact_unit: HKD -> USD, rate: 0.12793483823253837
2025-05-30 22:49:42,287 | DEBUG | Creating TO xact_unit: USD -> HKD, rate: 7.816479184367035
2025-05-30 22:49:42,288 | DEBUG | Processing pair: HKD 1799994 -> USD 230281 (Forex HKD to USD (Trade ID: 569127345))
2025-05-30 22:49:42,288 | DEBUG | Creating FROM xact_unit: HKD -> USD, rate: 0.12793431533660668
2025-05-30 22:49:42,288 | DEBUG | Creating TO xact_unit: USD -> HKD, rate: 7.816511132051711
2025-05-30 22:49:42,288 | DEBUG | Processing pair: HKD 399998 -> USD 51170 (Forex HKD to USD (Trade ID: 569127365))
2025-05-30 22:49:42,289 | DEBUG | Creating FROM xact_unit: HKD -> USD, rate: 0.12792563962819814
2025-05-30 22:49:42,289 | DEBUG | Creating TO xact_unit: USD -> HKD, rate: 7.81704123509869
2025-05-30 22:49:42,289 | DEBUG | Processing pair: HKD 2 -> USD 1 (Forex HKD to USD (Trade ID: 570103410))
2025-05-30 22:49:42,289 | DEBUG | Creating FROM xact_unit: HKD -> USD, rate: 0.5
2025-05-30 22:49:42,289 | DEBUG | Creating TO xact_unit: USD -> HKD, rate: 2.0
2025-05-30 22:49:42,290 | DEBUG | Processing pair: HKD 6 -> USD 1 (Forex HKD to USD (Trade ID: 570103638))
2025-05-30 22:49:42,290 | DEBUG | Creating FROM xact_unit: HKD -> USD, rate: 0.16666666666666666
2025-05-30 22:49:42,290 | DEBUG | Creating TO xact_unit: USD -> HKD, rate: 6.0
2025-05-30 22:49:42,290 | DEBUG | Processing pair: HKD 421 -> USD 54 (Forex HKD to USD (Trade ID: 570412610))
2025-05-30 22:49:42,291 | DEBUG | Creating FROM xact_unit: HKD -> USD, rate: 0.12826603325415678
2025-05-30 22:49:42,291 | DEBUG | Creating TO xact_unit: USD -> HKD, rate: 7.796296296296297
2025-05-30 22:49:42,291 | DEBUG | Processing pair: HKD 197 -> USD 25 (Forex HKD to USD (Trade ID: 570412798))
2025-05-30 22:49:42,292 | DEBUG | Creating FROM xact_unit: HKD -> USD, rate: 0.12690355329949238
2025-05-30 22:49:42,292 | DEBUG | Creating TO xact_unit: USD -> HKD, rate: 7.88
2025-05-30 22:49:42,292 | DEBUG | Processing pair: HKD 2 -> USD 1 (Forex HKD to USD (Trade ID: 570702931))
2025-05-30 22:49:42,293 | DEBUG | Creating FROM xact_unit: HKD -> USD, rate: 0.5
2025-05-30 22:49:42,293 | DEBUG | Creating TO xact_unit: USD -> HKD, rate: 2.0
2025-05-30 22:49:42,293 | DEBUG | Processing pair: HKD 421 -> USD 54 (Forex HKD to USD (Trade ID: 570703825))
2025-05-30 22:49:42,293 | DEBUG | Creating FROM xact_unit: HKD -> USD, rate: 0.12826603325415678
2025-05-30 22:49:42,294 | DEBUG | Creating TO xact_unit: USD -> HKD, rate: 7.796296296296297
2025-05-30 22:49:42,294 | DEBUG | Processing pair: HKD 1800000 -> USD 230179 (Forex HKD to USD (Trade ID: 577272766))
2025-05-30 22:49:42,294 | DEBUG | Creating FROM xact_unit: HKD -> USD, rate: 0.12787722222222223
2025-05-30 22:49:42,295 | DEBUG | Creating TO xact_unit: USD -> HKD, rate: 7.8200009557778944
2025-05-30 22:49:42,295 | DEBUG | Processing pair: HKD 399999 -> USD 51193 (Forex HKD to USD (Trade ID: 577597511))
2025-05-30 22:49:42,295 | DEBUG | Creating FROM xact_unit: HKD -> USD, rate: 0.12798281995704988
2025-05-30 22:49:42,296 | DEBUG | Creating TO xact_unit: USD -> HKD, rate: 7.8135487273650694
2025-05-30 22:49:42,296 | DEBUG | Processing pair: HKD 1 -> USD 1 (Forex HKD to USD (Trade ID: 577665107))
2025-05-30 22:49:42,297 | DEBUG | Creating FROM xact_unit: HKD -> USD, rate: 1.0
2025-05-30 22:49:42,297 | DEBUG | Creating TO xact_unit: USD -> HKD, rate: 1.0
2025-05-30 22:49:42,297 | DEBUG | Processing pair: HKD 590 -> USD 75 (Forex HKD to USD (Trade ID: 578018367))
2025-05-30 22:49:42,298 | DEBUG | Creating FROM xact_unit: HKD -> USD, rate: 0.1271186440677966
2025-05-30 22:49:42,298 | DEBUG | Creating TO xact_unit: USD -> HKD, rate: 7.866666666666666
2025-05-30 22:49:42,298 | DEBUG | Processing pair: HKD 3199999 -> USD 409859 (Forex HKD to USD (Trade ID: 581041711))
2025-05-30 22:49:42,299 | DEBUG | Creating FROM xact_unit: HKD -> USD, rate: 0.12808097752530548
2025-05-30 22:49:42,299 | DEBUG | Creating TO xact_unit: USD -> HKD, rate: 7.807560648906088
2025-05-30 22:49:42,299 | DEBUG | Processing pair: HKD 1 -> USD 1 (Forex HKD to USD (Trade ID: 581118943))
2025-05-30 22:49:42,299 | DEBUG | Creating FROM xact_unit: HKD -> USD, rate: 1.0
2025-05-30 22:49:42,299 | DEBUG | Creating TO xact_unit: USD -> HKD, rate: 1.0
2025-05-30 22:49:42,300 | DEBUG | Processing pair: HKD 15742995 -> USD 2015942 (Forex HKD to USD (Trade ID: 583365248))
2025-05-30 22:49:42,300 | DEBUG | Creating FROM xact_unit: HKD -> USD, rate: 0.1280532706768947
2025-05-30 22:49:42,300 | DEBUG | Creating TO xact_unit: USD -> HKD, rate: 7.809249968501078
2025-05-30 22:49:42,300 | DEBUG | Processing pair: HKD 5 -> USD 1 (Forex HKD to USD (Trade ID: 583446921))
2025-05-30 22:49:42,301 | DEBUG | Creating FROM xact_unit: HKD -> USD, rate: 0.2
2025-05-30 22:49:42,301 | DEBUG | Creating TO xact_unit: USD -> HKD, rate: 5.0
2025-05-30 22:49:42,301 | DEBUG | Processing pair: HKD 400 -> USD 51 (Forex HKD to USD (Trade ID: 583823123))
2025-05-30 22:49:42,301 | DEBUG | Creating FROM xact_unit: HKD -> USD, rate: 0.1275
2025-05-30 22:49:42,301 | DEBUG | Creating TO xact_unit: USD -> HKD, rate: 7.8431372549019605
2025-05-30 22:49:42,301 | DEBUG | Processing pair: HKD 9399995 -> USD 1203241 (Forex HKD to USD (Trade ID: 584046487))
2025-05-30 22:49:42,302 | DEBUG | Creating FROM xact_unit: HKD -> USD, rate: 0.1280044297895903
2025-05-30 22:49:42,302 | DEBUG | Creating TO xact_unit: USD -> HKD, rate: 7.81222963645687
2025-05-30 22:49:42,302 | DEBUG | Processing pair: HKD 5 -> USD 1 (Forex HKD to USD (Trade ID: 584132473))
2025-05-30 22:49:42,303 | DEBUG | Creating FROM xact_unit: HKD -> USD, rate: 0.2
2025-05-30 22:49:42,303 | DEBUG | Creating TO xact_unit: USD -> HKD, rate: 5.0
2025-05-30 22:49:42,303 | DEBUG | Processing pair: HKD 399995 -> USD 51184 (Forex HKD to USD (Trade ID: 584332821))
2025-05-30 22:49:42,304 | DEBUG | Creating FROM xact_unit: HKD -> USD, rate: 0.127961599519994
2025-05-30 22:49:42,304 | DEBUG | Creating TO xact_unit: USD -> HKD, rate: 7.8148444826508285
2025-05-30 22:49:42,304 | DEBUG | Processing pair: HKD 5 -> USD 1 (Forex HKD to USD (Trade ID: 584461578))
2025-05-30 22:49:42,304 | DEBUG | Creating FROM xact_unit: HKD -> USD, rate: 0.2
2025-05-30 22:49:42,305 | DEBUG | Creating TO xact_unit: USD -> HKD, rate: 5.0
2025-05-30 22:49:42,305 | DEBUG | Processing pair: HKD 5 -> USD 1 (Forex HKD to USD (Trade ID: 584461943))
2025-05-30 22:49:42,305 | DEBUG | Creating FROM xact_unit: HKD -> USD, rate: 0.2
2025-05-30 22:49:42,305 | DEBUG | Creating TO xact_unit: USD -> HKD, rate: 5.0
2025-05-30 22:49:42,305 | DEBUG | Processing pair: HKD 1919 -> USD 246 (Forex HKD to USD (Trade ID: 584818979))
2025-05-30 22:49:42,306 | DEBUG | Creating FROM xact_unit: HKD -> USD, rate: 0.12819176654507555
2025-05-30 22:49:42,306 | DEBUG | Creating TO xact_unit: USD -> HKD, rate: 7.800813008130081
2025-05-30 22:49:42,307 | DEBUG | Processing pair: HKD 905799 -> USD 115948 (Forex HKD to USD (Trade ID: 585165377))
2025-05-30 22:49:42,307 | DEBUG | Creating FROM xact_unit: HKD -> USD, rate: 0.12800632369874554
2025-05-30 22:49:42,307 | DEBUG | Creating TO xact_unit: USD -> HKD, rate: 7.812114051126367
2025-05-30 22:49:42,308 | DEBUG | Processing pair: HKD 1478297 -> USD 189231 (Forex HKD to USD (Trade ID: 585194242))
2025-05-30 22:49:42,308 | DEBUG | Creating FROM xact_unit: HKD -> USD, rate: 0.12800607726322924
2025-05-30 22:49:42,309 | DEBUG | Creating TO xact_unit: USD -> HKD, rate: 7.812129090899482
2025-05-30 22:49:42,309 | DEBUG | Processing pair: HKD 3310993 -> USD 423780 (Forex HKD to USD (Trade ID: 585204289))
2025-05-30 22:49:42,309 | DEBUG | Creating FROM xact_unit: HKD -> USD, rate: 0.12799181393618167
2025-05-30 22:49:42,309 | DEBUG | Creating TO xact_unit: USD -> HKD, rate: 7.8129996696399076
2025-05-30 22:49:42,309 | DEBUG | Processing pair: HKD 61 -> USD 8 (Forex HKD to USD (Trade ID: 585269447))
2025-05-30 22:49:42,310 | DEBUG | Creating FROM xact_unit: HKD -> USD, rate: 0.13114754098360656
2025-05-30 22:49:42,310 | DEBUG | Creating TO xact_unit: USD -> HKD, rate: 7.625
2025-05-30 22:49:42,310 | DEBUG | Processing pair: HKD 44 -> USD 6 (Forex HKD to USD (Trade ID: 586019944))
2025-05-30 22:49:42,310 | DEBUG | Creating FROM xact_unit: HKD -> USD, rate: 0.13636363636363635
2025-05-30 22:49:42,311 | DEBUG | Creating TO xact_unit: USD -> HKD, rate: 7.333333333333333
2025-05-30 22:49:42,311 | DEBUG | Processing pair: HKD 2 -> USD 1 (Forex HKD to USD (Trade ID: 586019978))
2025-05-30 22:49:42,311 | DEBUG | Creating FROM xact_unit: HKD -> USD, rate: 0.5
2025-05-30 22:49:42,311 | DEBUG | Creating TO xact_unit: USD -> HKD, rate: 2.0
2025-05-30 22:49:42,311 | DEBUG | Processing pair: HKD 7 -> USD 1 (Forex HKD to USD (Trade ID: 588576777))
2025-05-30 22:49:42,312 | DEBUG | Creating FROM xact_unit: HKD -> USD, rate: 0.14285714285714285
2025-05-30 22:49:42,312 | DEBUG | Creating TO xact_unit: USD -> HKD, rate: 7.0
2025-05-30 22:49:42,312 | DEBUG | Processing pair: HKD 1976697 -> USD 253131 (Forex HKD to USD (Trade ID: 590123220))
2025-05-30 22:49:42,313 | DEBUG | Creating FROM xact_unit: HKD -> USD, rate: 0.12805756269170238
2025-05-30 22:49:42,313 | DEBUG | Creating TO xact_unit: USD -> HKD, rate: 7.808988231390071
2025-05-30 22:49:42,313 | DEBUG | Processing pair: HKD 2815699 -> USD 360692 (Forex HKD to USD (Trade ID: 591045574))
2025-05-30 22:49:42,314 | DEBUG | Creating FROM xact_unit: HKD -> USD, rate: 0.12810034027074627
2025-05-30 22:49:42,314 | DEBUG | Creating TO xact_unit: USD -> HKD, rate: 7.806380513013873
2025-05-30 22:49:42,314 | DEBUG | Processing pair: HKD 34 -> USD 4 (Forex HKD to USD (Trade ID: 591132248))
2025-05-30 22:49:42,314 | DEBUG | Creating FROM xact_unit: HKD -> USD, rate: 0.11764705882352941
2025-05-30 22:49:42,315 | DEBUG | Creating TO xact_unit: USD -> HKD, rate: 8.5
2025-05-30 22:49:42,315 | DEBUG | Processing pair: HKD 11 -> USD 1 (Forex HKD to USD (Trade ID: 591925542))
2025-05-30 22:49:42,315 | DEBUG | Creating FROM xact_unit: HKD -> USD, rate: 0.09090909090909091
2025-05-30 22:49:42,315 | DEBUG | Creating TO xact_unit: USD -> HKD, rate: 11.0
2025-05-30 22:49:42,315 | DEBUG | Processing pair: HKD 212 -> USD 27 (Forex HKD to USD (Trade ID: 595598554))
2025-05-30 22:49:42,316 | DEBUG | Creating FROM xact_unit: HKD -> USD, rate: 0.12735849056603774
2025-05-30 22:49:42,316 | DEBUG | Creating TO xact_unit: USD -> HKD, rate: 7.851851851851852
2025-05-30 22:49:42,316 | DEBUG | Processing pair: HKD 399998 -> USD 51314 (Forex HKD to USD (Trade ID: 595914346))
2025-05-30 22:49:42,317 | DEBUG | Creating FROM xact_unit: HKD -> USD, rate: 0.12828564142820714
2025-05-30 22:49:42,317 | DEBUG | Creating TO xact_unit: USD -> HKD, rate: 7.795104649803172
2025-05-30 22:49:42,317 | DEBUG | Processing pair: HKD 499 -> USD 64 (Forex HKD to USD (Trade ID: 595914602))
2025-05-30 22:49:42,318 | DEBUG | Creating FROM xact_unit: HKD -> USD, rate: 0.1282565130260521
2025-05-30 22:49:42,318 | DEBUG | Creating TO xact_unit: USD -> HKD, rate: 7.796875
2025-05-30 22:49:42,318 | DEBUG | Processing pair: HKD 1 -> USD 1 (Forex HKD to USD (Trade ID: 596006635))
2025-05-30 22:49:42,319 | DEBUG | Creating FROM xact_unit: HKD -> USD, rate: 1.0
2025-05-30 22:49:42,319 | DEBUG | Creating TO xact_unit: USD -> HKD, rate: 1.0
2025-05-30 22:49:42,319 | DEBUG | Processing pair: HKD 2820394 -> USD 361768 (Forex HKD to USD (Trade ID: 598144198))
2025-05-30 22:49:42,319 | DEBUG | Creating FROM xact_unit: HKD -> USD, rate: 0.12826860360644649
2025-05-30 22:49:42,319 | DEBUG | Creating TO xact_unit: USD -> HKD, rate: 7.796140067667676
2025-05-30 22:49:42,320 | DEBUG | Processing pair: HKD 70 -> USD 9 (Forex HKD to USD (Trade ID: 598508382))
2025-05-30 22:49:42,320 | DEBUG | Creating FROM xact_unit: HKD -> USD, rate: 0.12857142857142856
2025-05-30 22:49:42,320 | DEBUG | Creating TO xact_unit: USD -> HKD, rate: 7.777777777777778
2025-05-30 22:49:42,320 | DEBUG | Processing pair: HKD 2339300 -> USD 300041 (Forex HKD to USD (Trade ID: 602066647))
2025-05-30 22:49:42,321 | DEBUG | Creating FROM xact_unit: HKD -> USD, rate: 0.12826101825332364
2025-05-30 22:49:42,321 | DEBUG | Creating TO xact_unit: USD -> HKD, rate: 7.796601131178739
2025-05-30 22:49:42,321 | DEBUG | Processing pair: HKD 3520793 -> USD 451580 (Forex HKD to USD (Trade ID: 602066665))
2025-05-30 22:49:42,321 | DEBUG | Creating FROM xact_unit: HKD -> USD, rate: 0.1282608775920652
2025-05-30 22:49:42,322 | DEBUG | Creating TO xact_unit: USD -> HKD, rate: 7.796609681562514
2025-05-30 22:49:42,322 | DEBUG | Processing pair: HKD 399994 -> USD 51300 (Forex HKD to USD (Trade ID: 602066693))
2025-05-30 22:49:42,322 | DEBUG | Creating FROM xact_unit: HKD -> USD, rate: 0.1282519237788567
2025-05-30 22:49:42,322 | DEBUG | Creating TO xact_unit: USD -> HKD, rate: 7.797153996101365
2025-05-30 22:49:42,323 | DEBUG | Processing pair: HKD 7 -> USD 1 (Forex HKD to USD (Trade ID: 602068577))
2025-05-30 22:49:42,323 | DEBUG | Creating FROM xact_unit: HKD -> USD, rate: 0.14285714285714285
2025-05-30 22:49:42,323 | DEBUG | Creating TO xact_unit: USD -> HKD, rate: 7.0
2025-05-30 22:49:42,324 | DEBUG | Processing pair: HKD 1999993 -> USD 256455 (Forex HKD to USD (Trade ID: 602479829))
2025-05-30 22:49:42,324 | DEBUG | Creating FROM xact_unit: HKD -> USD, rate: 0.1282279487978208
2025-05-30 22:49:42,324 | DEBUG | Creating TO xact_unit: USD -> HKD, rate: 7.79861184223353
2025-05-30 22:49:42,324 | DEBUG | Processing pair: HKD 7 -> USD 1 (Forex HKD to USD (Trade ID: 602857460))
2025-05-30 22:49:42,325 | DEBUG | Creating FROM xact_unit: HKD -> USD, rate: 0.14285714285714285
2025-05-30 22:49:42,325 | DEBUG | Creating TO xact_unit: USD -> HKD, rate: 7.0
2025-05-30 22:49:42,325 | DEBUG | Processing pair: HKD 57 -> USD 7 (Forex HKD to USD (Trade ID: 602860562))
2025-05-30 22:49:42,326 | DEBUG | Creating FROM xact_unit: HKD -> USD, rate: 0.12280701754385964
2025-05-30 22:49:42,326 | DEBUG | Creating TO xact_unit: USD -> HKD, rate: 8.142857142857142
2025-05-30 22:49:42,326 | DEBUG | Processing pair: HKD 3 -> USD 1 (Forex HKD to USD (Trade ID: 603220185))
2025-05-30 22:49:42,326 | DEBUG | Creating FROM xact_unit: HKD -> USD, rate: 0.3333333333333333
2025-05-30 22:49:42,327 | DEBUG | Creating TO xact_unit: USD -> HKD, rate: 3.0
2025-05-30 22:49:42,327 | DEBUG | Processing pair: HKD 1799897 -> USD 231752 (Forex HKD to USD (Trade ID: 613305416))
2025-05-30 22:49:42,327 | DEBUG | Creating FROM xact_unit: HKD -> USD, rate: 0.128758478957407
2025-05-30 22:49:42,328 | DEBUG | Creating TO xact_unit: USD -> HKD, rate: 7.766478822189237
2025-05-30 22:49:42,328 | DEBUG | Processing pair: HKD 102 -> USD 13 (Forex HKD to USD (Trade ID: 614800267))
2025-05-30 22:49:42,328 | DEBUG | Creating FROM xact_unit: HKD -> USD, rate: 0.12745098039215685
2025-05-30 22:49:42,329 | DEBUG | Creating TO xact_unit: USD -> HKD, rate: 7.846153846153846
2025-05-30 22:49:42,329 | DEBUG | Processing pair: HKD 1617195 -> USD 208315 (Forex HKD to USD (Trade ID: 616681988))
2025-05-30 22:49:42,329 | DEBUG | Creating FROM xact_unit: HKD -> USD, rate: 0.12881254270511597
2025-05-30 22:49:42,329 | DEBUG | Creating TO xact_unit: USD -> HKD, rate: 7.76321916328637
2025-05-30 22:49:42,330 | DEBUG | Processing pair: HKD 94 -> USD 12 (Forex HKD to USD (Trade ID: 616789747))
2025-05-30 22:49:42,330 | DEBUG | Creating FROM xact_unit: HKD -> USD, rate: 0.1276595744680851
2025-05-30 22:49:42,330 | DEBUG | Creating TO xact_unit: USD -> HKD, rate: 7.833333333333333
2025-05-30 22:49:42,330 | DEBUG | Processing pair: HKD 399999 -> USD 51472 (Forex HKD to USD (Trade ID: 617736014))
2025-05-30 22:49:42,331 | DEBUG | Creating FROM xact_unit: HKD -> USD, rate: 0.12868032170080426
2025-05-30 22:49:42,331 | DEBUG | Creating TO xact_unit: USD -> HKD, rate: 7.771195990052845
2025-05-30 22:49:42,331 | DEBUG | Processing pair: HKD 395499 -> USD 50891 (Forex HKD to USD (Trade ID: 617738237))
2025-05-30 22:49:42,331 | DEBUG | Creating FROM xact_unit: HKD -> USD, rate: 0.12867542016541128
2025-05-30 22:49:42,332 | DEBUG | Creating TO xact_unit: USD -> HKD, rate: 7.771492012340099
2025-05-30 22:49:42,332 | DEBUG | Processing pair: HKD 3 -> USD 1 (Forex HKD to USD (Trade ID: 617811204))
2025-05-30 22:49:42,332 | DEBUG | Creating FROM xact_unit: HKD -> USD, rate: 0.3333333333333333
2025-05-30 22:49:42,332 | DEBUG | Creating TO xact_unit: USD -> HKD, rate: 3.0
2025-05-30 22:49:42,333 | DEBUG | Processing pair: HKD 102 -> USD 13 (Forex HKD to USD (Trade ID: 617811426))
2025-05-30 22:49:42,333 | DEBUG | Creating FROM xact_unit: HKD -> USD, rate: 0.12745098039215685
2025-05-30 22:49:42,333 | DEBUG | Creating TO xact_unit: USD -> HKD, rate: 7.846153846153846
2025-05-30 22:49:42,333 | DEBUG | Processing pair: HKD 399998 -> USD 51454 (Forex HKD to USD (Trade ID: 625123269))
2025-05-30 22:49:42,334 | DEBUG | Creating FROM xact_unit: HKD -> USD, rate: 0.12863564317821588
2025-05-30 22:49:42,334 | DEBUG | Creating TO xact_unit: USD -> HKD, rate: 7.77389512963035
2025-05-30 22:49:42,334 | DEBUG | Processing pair: HKD 2 -> USD 1 (Forex HKD to USD (Trade ID: 625546822))
2025-05-30 22:49:42,335 | DEBUG | Creating FROM xact_unit: HKD -> USD, rate: 0.5
2025-05-30 22:49:42,335 | DEBUG | Creating TO xact_unit: USD -> HKD, rate: 2.0
2025-05-30 22:49:42,335 | DEBUG | Processing pair: HKD 399993 -> USD 51407 (Forex HKD to USD (Trade ID: 635978854))
2025-05-30 22:49:42,335 | DEBUG | Creating FROM xact_unit: HKD -> USD, rate: 0.12851974909560918
2025-05-30 22:49:42,336 | DEBUG | Creating TO xact_unit: USD -> HKD, rate: 7.780905324177641
2025-05-30 22:49:42,336 | DEBUG | Processing pair: HKD 382297 -> USD 49122 (Forex HKD to USD (Trade ID: 635980019))
2025-05-30 22:49:42,336 | DEBUG | Creating FROM xact_unit: HKD -> USD, rate: 0.1284917224043087
2025-05-30 22:49:42,337 | DEBUG | Creating TO xact_unit: USD -> HKD, rate: 7.782602499898212
2025-05-30 22:49:42,337 | DEBUG | Processing pair: HKD 3 -> USD 1 (Forex HKD to USD (Trade ID: 636090754))
2025-05-30 22:49:42,337 | DEBUG | Creating FROM xact_unit: HKD -> USD, rate: 0.3333333333333333
2025-05-30 22:49:42,337 | DEBUG | Creating TO xact_unit: USD -> HKD, rate: 3.0
2025-05-30 22:49:42,338 | DEBUG | Processing pair: HKD 1599999 -> USD 205748 (Forex HKD to USD (Trade ID: 637790141))
2025-05-30 22:49:42,338 | DEBUG | Creating FROM xact_unit: HKD -> USD, rate: 0.12859258037036272
2025-05-30 22:49:42,338 | DEBUG | Creating TO xact_unit: USD -> HKD, rate: 7.776498434978712
2025-05-30 22:49:42,338 | DEBUG | Processing pair: HKD 399999 -> USD 51357 (Forex HKD to USD (Trade ID: 649456834))
2025-05-30 22:49:42,339 | DEBUG | Creating FROM xact_unit: HKD -> USD, rate: 0.12839282098205246
2025-05-30 22:49:42,339 | DEBUG | Creating TO xact_unit: USD -> HKD, rate: 7.788597464805187
2025-05-30 22:49:42,340 | DEBUG | Processing pair: HKD 389372 -> USD 49973 (Forex HKD to USD (Trade ID: 649458605))
2025-05-30 22:49:42,340 | DEBUG | Creating FROM xact_unit: HKD -> USD, rate: 0.12834256186885548
2025-05-30 22:49:42,340 | DEBUG | Creating TO xact_unit: USD -> HKD, rate: 7.791647489644408
2025-05-30 22:49:42,340 | DEBUG | Processing pair: HKD 8 -> USD 1 (Forex HKD to USD (Trade ID: 649542659))
2025-05-30 22:49:42,341 | DEBUG | Creating FROM xact_unit: HKD -> USD, rate: 0.125
2025-05-30 22:49:42,341 | DEBUG | Creating TO xact_unit: USD -> HKD, rate: 8.0
2025-05-30 22:49:42,342 | DEBUG | Processing pair: HKD 799996 -> USD 102727 (Forex HKD to USD (Trade ID: 652299205))
2025-05-30 22:49:42,342 | DEBUG | Creating FROM xact_unit: HKD -> USD, rate: 0.12840939204696022
2025-05-30 22:49:42,342 | DEBUG | Creating TO xact_unit: USD -> HKD, rate: 7.787592356439885
2025-05-30 22:49:42,342 | DEBUG | Processing pair: HKD 5 -> USD 1 (Forex HKD to USD (Trade ID: 653660625))
2025-05-30 22:49:42,343 | DEBUG | Creating FROM xact_unit: HKD -> USD, rate: 0.2
2025-05-30 22:49:42,343 | DEBUG | Creating TO xact_unit: USD -> HKD, rate: 5.0
2025-05-30 22:49:42,343 | DEBUG | Processing pair: HKD 44300797 -> USD 5688662 (Forex HKD to USD (Trade ID: 655812868))
2025-05-30 22:49:42,343 | DEBUG | Creating FROM xact_unit: HKD -> USD, rate: 0.12840992454379546
2025-05-30 22:49:42,344 | DEBUG | Creating TO xact_unit: USD -> HKD, rate: 7.7875600624540535
2025-05-30 22:49:42,344 | DEBUG | Processing pair: HKD 67 -> USD 9 (Forex HKD to USD (Trade ID: 656102161))
2025-05-30 22:49:42,344 | DEBUG | Creating FROM xact_unit: HKD -> USD, rate: 0.13432835820895522
2025-05-30 22:49:42,344 | DEBUG | Creating TO xact_unit: USD -> HKD, rate: 7.444444444444445
2025-05-30 22:49:42,344 | DEBUG | Processing pair: HKD 799919 -> USD 102900 (Forex HKD to USD (Trade ID: 664777122))
2025-05-30 22:49:42,345 | DEBUG | Creating FROM xact_unit: HKD -> USD, rate: 0.12863802459999074
2025-05-30 22:49:42,345 | DEBUG | Creating TO xact_unit: USD -> HKD, rate: 7.773751214771623
2025-05-30 22:49:42,345 | DEBUG | Processing pair: HKD 78 -> USD 10 (Forex HKD to USD (Trade ID: 664777127))
2025-05-30 22:49:42,346 | DEBUG | Creating FROM xact_unit: HKD -> USD, rate: 0.1282051282051282
2025-05-30 22:49:42,346 | DEBUG | Creating TO xact_unit: USD -> HKD, rate: 7.8
2025-05-30 22:49:42,346 | DEBUG | Processing pair: HKD 399996 -> USD 51452 (Forex HKD to USD (Trade ID: 664835959))
2025-05-30 22:49:42,347 | DEBUG | Creating FROM xact_unit: HKD -> USD, rate: 0.12863128631286314
2025-05-30 22:49:42,347 | DEBUG | Creating TO xact_unit: USD -> HKD, rate: 7.774158438933375
2025-05-30 22:49:42,347 | DEBUG | Processing pair: HKD 229161 -> USD 29468 (Forex HKD to USD (Trade ID: 664838212))
2025-05-30 22:49:42,347 | DEBUG | Creating FROM xact_unit: HKD -> USD, rate: 0.1285908160638154
2025-05-30 22:49:42,348 | DEBUG | Creating TO xact_unit: USD -> HKD, rate: 7.776605130989548
2025-05-30 22:49:42,348 | DEBUG | Processing pair: HKD 163532 -> USD 21031 (Forex HKD to USD (Trade ID: 664843506))
2025-05-30 22:49:42,348 | DEBUG | Creating FROM xact_unit: HKD -> USD, rate: 0.1286047990607343
2025-05-30 22:49:42,348 | DEBUG | Creating TO xact_unit: USD -> HKD, rate: 7.775759592981789
2025-05-30 22:49:42,349 | DEBUG | Processing pair: HKD 3 -> USD 1 (Forex HKD to USD (Trade ID: 665053075))
2025-05-30 22:49:42,349 | DEBUG | Creating FROM xact_unit: HKD -> USD, rate: 0.3333333333333333
2025-05-30 22:49:42,349 | DEBUG | Creating TO xact_unit: USD -> HKD, rate: 3.0
2025-05-30 22:49:42,350 | DEBUG | Processing pair: HKD 2 -> USD 1 (Forex HKD to USD (Trade ID: 665053747))
2025-05-30 22:49:42,350 | DEBUG | Creating FROM xact_unit: HKD -> USD, rate: 0.5
2025-05-30 22:49:42,350 | DEBUG | Creating TO xact_unit: USD -> HKD, rate: 2.0
2025-05-30 22:49:42,351 | DEBUG | Processing pair: HKD 3 -> USD 1 (Forex HKD to USD (Trade ID: 666458676))
2025-05-30 22:49:42,351 | DEBUG | Creating FROM xact_unit: HKD -> USD, rate: 0.3333333333333333
2025-05-30 22:49:42,351 | DEBUG | Creating TO xact_unit: USD -> HKD, rate: 3.0
2025-05-30 22:49:42,351 | DEBUG | Processing pair: HKD 399996 -> USD 51461 (Forex HKD to USD (Trade ID: 669540254))
2025-05-30 22:49:42,352 | DEBUG | Creating FROM xact_unit: HKD -> USD, rate: 0.12865378653786538
2025-05-30 22:49:42,352 | DEBUG | Creating TO xact_unit: USD -> HKD, rate: 7.772798818522765
2025-05-30 22:49:42,353 | DEBUG | Processing pair: HKD 374566 -> USD 48173 (Forex HKD to USD (Trade ID: 669543604))
2025-05-30 22:49:42,353 | DEBUG | Creating FROM xact_unit: HKD -> USD, rate: 0.12861017817954645
2025-05-30 22:49:42,353 | DEBUG | Creating TO xact_unit: USD -> HKD, rate: 7.775434371951093
2025-05-30 22:49:42,353 | DEBUG | Processing pair: HKD 10 -> USD 1 (Forex HKD to USD (Trade ID: 669705602))
2025-05-30 22:49:42,354 | DEBUG | Creating FROM xact_unit: HKD -> USD, rate: 0.1
2025-05-30 22:49:42,354 | DEBUG | Creating TO xact_unit: USD -> HKD, rate: 10.0
2025-05-30 22:49:42,354 | DEBUG | Processing pair: HKD 6 -> USD 1 (Forex HKD to USD (Trade ID: 669706019))
2025-05-30 22:49:42,354 | DEBUG | Creating FROM xact_unit: HKD -> USD, rate: 0.16666666666666666
2025-05-30 22:49:42,355 | DEBUG | Creating TO xact_unit: USD -> HKD, rate: 6.0
2025-05-30 22:49:42,355 | DEBUG | Processing pair: HKD 3444392 -> USD 443308 (Forex HKD to USD (Trade ID: 670731283))
2025-05-30 22:49:42,355 | DEBUG | Creating FROM xact_unit: HKD -> USD, rate: 0.12870428220713553
2025-05-30 22:49:42,355 | DEBUG | Creating TO xact_unit: USD -> HKD, rate: 7.769749248829257
2025-05-30 22:49:42,355 | DEBUG | Processing pair: HKD 8 -> USD 1 (Forex HKD to USD (Trade ID: 672276502))
2025-05-30 22:49:42,356 | DEBUG | Creating FROM xact_unit: HKD -> USD, rate: 0.125
2025-05-30 22:49:42,356 | DEBUG | Creating TO xact_unit: USD -> HKD, rate: 8.0
2025-05-30 22:49:42,356 | DEBUG | Processing pair: HKD 2000000 -> USD 257385 (Forex HKD to USD (Trade ID: 674380481))
2025-05-30 22:49:42,356 | DEBUG | Creating FROM xact_unit: HKD -> USD, rate: 0.1286925
2025-05-30 22:49:42,357 | DEBUG | Creating TO xact_unit: USD -> HKD, rate: 7.770460594051713
2025-05-30 22:49:42,357 | DEBUG | Processing pair: HKD 98530 -> USD 12675 (Forex HKD to USD (Trade ID: 680646332))
2025-05-30 22:49:42,357 | DEBUG | Creating FROM xact_unit: HKD -> USD, rate: 0.12864102303866842
2025-05-30 22:49:42,358 | DEBUG | Creating TO xact_unit: USD -> HKD, rate: 7.7735700197238655
2025-05-30 22:49:42,358 | DEBUG | Processing pair: HKD 2401464 -> USD 308916 (Forex HKD to USD (Trade ID: 680646337))
2025-05-30 22:49:42,358 | DEBUG | Creating FROM xact_unit: HKD -> USD, rate: 0.12863653171565345
2025-05-30 22:49:42,358 | DEBUG | Creating TO xact_unit: USD -> HKD, rate: 7.7738414326224605
2025-05-30 22:49:42,359 | DEBUG | Processing pair: PLN 479 -> USD 120 (Forex PLN to USD (Trade ID: 561833757))
2025-05-30 22:49:42,359 | DEBUG | Creating FROM xact_unit: PLN -> USD, rate: 0.25052192066805845
2025-05-30 22:49:42,359 | DEBUG | Creating TO xact_unit: USD -> PLN, rate: 3.9916666666666667
2025-05-30 22:49:42,359 | DEBUG | Processing pair: PLN 272439 -> USD 67200 (Forex PLN to USD (Trade ID: 567162622))
2025-05-30 22:49:42,360 | DEBUG | Creating FROM xact_unit: PLN -> USD, rate: 0.24666072038144318
2025-05-30 22:49:42,360 | DEBUG | Creating TO xact_unit: USD -> PLN, rate: 4.054151785714286
2025-05-30 22:49:42,360 | DEBUG | Processing pair: PLN 141 -> USD 35 (Forex PLN to USD (Trade ID: 568006381))
2025-05-30 22:49:42,361 | DEBUG | Creating FROM xact_unit: PLN -> USD, rate: 0.24822695035460993
2025-05-30 22:49:42,361 | DEBUG | Creating TO xact_unit: USD -> PLN, rate: 4.0285714285714285
2025-05-30 22:49:42,361 | DEBUG | Processing pair: PLN 931906 -> USD 238400 (Forex PLN to USD (Trade ID: 575670811))
2025-05-30 22:49:42,362 | DEBUG | Creating FROM xact_unit: PLN -> USD, rate: 0.2558197929834125
2025-05-30 22:49:42,362 | DEBUG | Creating TO xact_unit: USD -> PLN, rate: 3.909001677852349
2025-05-30 22:49:42,362 | DEBUG | Processing pair: PLN 347950 -> USD 89000 (Forex PLN to USD (Trade ID: 575675948))
2025-05-30 22:49:42,363 | DEBUG | Creating FROM xact_unit: PLN -> USD, rate: 0.25578387699382094
2025-05-30 22:49:42,363 | DEBUG | Creating TO xact_unit: USD -> PLN, rate: 3.9095505617977526
2025-05-30 22:49:42,363 | DEBUG | Processing pair: PLN 109 -> USD 27 (Forex PLN to USD (Trade ID: 576545715))
2025-05-30 22:49:42,364 | DEBUG | Creating FROM xact_unit: PLN -> USD, rate: 0.24770642201834864
2025-05-30 22:49:42,364 | DEBUG | Creating TO xact_unit: USD -> PLN, rate: 4.037037037037037
2025-05-30 22:49:42,364 | DEBUG | Processing pair: PLN 158 -> USD 40 (Forex PLN to USD (Trade ID: 576545749))
2025-05-30 22:49:42,364 | DEBUG | Creating FROM xact_unit: PLN -> USD, rate: 0.25316455696202533
2025-05-30 22:49:42,365 | DEBUG | Creating TO xact_unit: USD -> PLN, rate: 3.95
2025-05-30 22:49:42,365 | DEBUG | Processing pair: PLN 118 -> USD 30 (Forex PLN to USD (Trade ID: 588576922))
2025-05-30 22:49:42,365 | DEBUG | Creating FROM xact_unit: PLN -> USD, rate: 0.2542372881355932
2025-05-30 22:49:42,365 | DEBUG | Creating TO xact_unit: USD -> PLN, rate: 3.933333333333333
2025-05-30 22:49:42,365 | DEBUG | Processing pair: PLN 126 -> USD 32 (Forex PLN to USD (Trade ID: 588577037))
2025-05-30 22:49:42,366 | DEBUG | Creating FROM xact_unit: PLN -> USD, rate: 0.25396825396825395
2025-05-30 22:49:42,366 | DEBUG | Creating TO xact_unit: USD -> PLN, rate: 3.9375
2025-05-30 22:49:42,366 | DEBUG | Processing pair: SEK 625 -> USD 56 (Forex SEK to USD (Trade ID: 531836137))
2025-05-30 22:49:42,367 | DEBUG | Creating FROM xact_unit: SEK -> USD, rate: 0.0896
2025-05-30 22:49:42,367 | DEBUG | Creating TO xact_unit: USD -> SEK, rate: 11.160714285714286
2025-05-30 22:49:42,367 | DEBUG | Processing pair: SEK 46 -> USD 4 (Forex SEK to USD (Trade ID: 578712486))
2025-05-30 22:49:42,367 | DEBUG | Creating FROM xact_unit: SEK -> USD, rate: 0.08695652173913043
2025-05-30 22:49:42,368 | DEBUG | Creating TO xact_unit: USD -> SEK, rate: 11.5
2025-05-30 22:49:42,368 | DEBUG | Processing pair: SEK 403 -> USD 38 (Forex SEK to USD (Trade ID: 592762447))
2025-05-30 22:49:42,368 | DEBUG | Creating FROM xact_unit: SEK -> USD, rate: 0.09429280397022333
2025-05-30 22:49:42,369 | DEBUG | Creating TO xact_unit: USD -> SEK, rate: 10.605263157894736
2025-05-30 22:49:42,369 | DEBUG | Processing pair: SEK 4 -> USD 1 (Forex SEK to USD (Trade ID: 592762543))
2025-05-30 22:49:42,369 | DEBUG | Creating FROM xact_unit: SEK -> USD, rate: 0.25
2025-05-30 22:49:42,369 | DEBUG | Creating TO xact_unit: USD -> SEK, rate: 4.0
2025-05-30 22:49:42,370 | DEBUG | Processing pair: SEK 73 -> USD 7 (Forex SEK to USD (Trade ID: 592769971))
2025-05-30 22:49:42,370 | DEBUG | Creating FROM xact_unit: SEK -> USD, rate: 0.0958904109589041
2025-05-30 22:49:42,370 | DEBUG | Creating TO xact_unit: USD -> SEK, rate: 10.428571428571429
2025-05-30 22:49:42,370 | DEBUG | Processing pair: SEK 1 -> USD 1 (Forex SEK to USD (Trade ID: 632228243))
2025-05-30 22:49:42,371 | DEBUG | Creating FROM xact_unit: SEK -> USD, rate: 1.0
2025-05-30 22:49:42,371 | DEBUG | Creating TO xact_unit: USD -> SEK, rate: 1.0
2025-05-30 22:49:42,371 | DEBUG | Processing pair: SEK 6 -> USD 1 (Forex SEK to USD (Trade ID: 632228278))
2025-05-30 22:49:42,372 | DEBUG | Creating FROM xact_unit: SEK -> USD, rate: 0.16666666666666666
2025-05-30 22:49:42,372 | DEBUG | Creating TO xact_unit: USD -> SEK, rate: 6.0
2025-05-30 22:49:42,372 | DEBUG | Processing pair: SEK 1 -> USD 0 (Forex SEK to USD (Trade ID: 632247780))
2025-05-30 22:49:42,373 | DEBUG | Creating FROM xact_unit: SEK -> USD, rate: 0.0
2025-05-30 22:49:42,373 | DEBUG | Creating TO xact_unit: USD -> SEK, rate: 1
2025-05-30 22:49:42,373 | DEBUG | Processing pair: SEK 1 -> USD 0 (Forex SEK to USD (Trade ID: 632247783))
2025-05-30 22:49:42,374 | DEBUG | Creating FROM xact_unit: SEK -> USD, rate: 0.0
2025-05-30 22:49:42,374 | DEBUG | Creating TO xact_unit: USD -> SEK, rate: 1
2025-05-30 22:49:42,374 | DEBUG | Processing pair: SEK 1 -> USD 0 (Forex SEK to USD (Trade ID: 632700943))
2025-05-30 22:49:42,375 | DEBUG | Creating FROM xact_unit: SEK -> USD, rate: 0.0
2025-05-30 22:49:42,375 | DEBUG | Creating TO xact_unit: USD -> SEK, rate: 1
2025-05-30 22:49:42,375 | DEBUG | Processing pair: SEK 1 -> USD 0 (Forex SEK to USD (Trade ID: 632700949))
2025-05-30 22:49:42,375 | DEBUG | Creating FROM xact_unit: SEK -> USD, rate: 0.0
2025-05-30 22:49:42,375 | DEBUG | Creating TO xact_unit: USD -> SEK, rate: 1
2025-05-30 22:49:42,376 | DEBUG | Processing pair: SEK 1 -> USD 0 (Forex SEK to USD (Trade ID: 633170965))
2025-05-30 22:49:42,376 | DEBUG | Creating FROM xact_unit: SEK -> USD, rate: 0.0
2025-05-30 22:49:42,376 | DEBUG | Creating TO xact_unit: USD -> SEK, rate: 1
2025-05-30 22:49:42,376 | DEBUG | Processing pair: SEK 5 -> USD 1 (Forex SEK to USD (Trade ID: 639960949))
2025-05-30 22:49:42,377 | DEBUG | Creating FROM xact_unit: SEK -> USD, rate: 0.2
2025-05-30 22:49:42,377 | DEBUG | Creating TO xact_unit: USD -> SEK, rate: 5.0
2025-05-30 22:49:42,377 | DEBUG | Processing pair: SEK 5 -> USD 1 (Forex SEK to USD (Trade ID: 639961019))
2025-05-30 22:49:42,378 | DEBUG | Creating FROM xact_unit: SEK -> USD, rate: 0.2
2025-05-30 22:49:42,378 | DEBUG | Creating TO xact_unit: USD -> SEK, rate: 5.0
2025-05-30 22:49:42,378 | DEBUG | Processing pair: SGD 168 -> USD 125 (Forex SGD to USD (Trade ID: 271565617))
2025-05-30 22:49:42,378 | DEBUG | Creating FROM xact_unit: SGD -> USD, rate: 0.7440476190476191
2025-05-30 22:49:42,378 | DEBUG | Creating TO xact_unit: USD -> SGD, rate: 1.344
2025-05-30 22:49:42,379 | DEBUG | Processing pair: SGD 511 -> USD 385 (Forex SGD to USD (Trade ID: 310176409))
2025-05-30 22:49:42,379 | DEBUG | Creating FROM xact_unit: SGD -> USD, rate: 0.7534246575342466
2025-05-30 22:49:42,379 | DEBUG | Creating TO xact_unit: USD -> SGD, rate: 1.3272727272727274
2025-05-30 22:49:42,380 | DEBUG | Processing pair: SGD 204 -> USD 152 (Forex SGD to USD (Trade ID: 344518935))
2025-05-30 22:49:42,380 | DEBUG | Creating FROM xact_unit: SGD -> USD, rate: 0.7450980392156863
2025-05-30 22:49:42,380 | DEBUG | Creating TO xact_unit: USD -> SGD, rate: 1.3421052631578947
2025-05-30 22:49:42,381 | DEBUG | Processing pair: SGD 74499 -> USD 54666 (Forex SGD to USD (Trade ID: 523147459))
2025-05-30 22:49:42,381 | DEBUG | Creating FROM xact_unit: SGD -> USD, rate: 0.7337816614988121
2025-05-30 22:49:42,381 | DEBUG | Creating TO xact_unit: USD -> SGD, rate: 1.362803204917133
2025-05-30 22:49:42,382 | DEBUG | Processing pair: SGD 123 -> USD 90 (Forex SGD to USD (Trade ID: 524003731))
2025-05-30 22:49:42,382 | DEBUG | Creating FROM xact_unit: SGD -> USD, rate: 0.7317073170731707
2025-05-30 22:49:42,382 | DEBUG | Creating TO xact_unit: USD -> SGD, rate: 1.3666666666666667
2025-05-30 22:49:42,382 | DEBUG | Processing pair: SGD 4 -> USD 3 (Forex SGD to USD (Trade ID: 528280319))
2025-05-30 22:49:42,383 | DEBUG | Creating FROM xact_unit: SGD -> USD, rate: 0.75
2025-05-30 22:49:42,383 | DEBUG | Creating TO xact_unit: USD -> SGD, rate: 1.3333333333333333
2025-05-30 22:49:42,384 | DEBUG | Processing pair: SGD 15 -> USD 11 (Forex SGD to USD (Trade ID: 555481495))
2025-05-30 22:49:42,384 | DEBUG | Creating FROM xact_unit: SGD -> USD, rate: 0.7333333333333333
2025-05-30 22:49:42,384 | DEBUG | Creating TO xact_unit: USD -> SGD, rate: 1.3636363636363635
2025-05-30 22:49:42,385 | DEBUG | Processing pair: SGD 82 -> USD 61 (Forex SGD to USD (Trade ID: 562366928))
2025-05-30 22:49:42,385 | DEBUG | Creating FROM xact_unit: SGD -> USD, rate: 0.7439024390243902
2025-05-30 22:49:42,385 | DEBUG | Creating TO xact_unit: USD -> SGD, rate: 1.3442622950819672
2025-05-30 22:49:42,385 | DEBUG | Processing pair: SGD 13 -> USD 10 (Forex SGD to USD (Trade ID: 602069047))
2025-05-30 22:49:42,386 | DEBUG | Creating FROM xact_unit: SGD -> USD, rate: 0.7692307692307693
2025-05-30 22:49:42,386 | DEBUG | Creating TO xact_unit: USD -> SGD, rate: 1.3
2025-05-30 22:49:42,386 | DEBUG | Processing pair: SGD 82 -> USD 64 (Forex SGD to USD (Trade ID: 610788990))
2025-05-30 22:49:42,386 | DEBUG | Creating FROM xact_unit: SGD -> USD, rate: 0.7804878048780488
2025-05-30 22:49:42,387 | DEBUG | Creating TO xact_unit: USD -> SGD, rate: 1.28125
2025-05-30 22:49:42,387 | DEBUG | Processing pair: SGD 33 -> USD 25 (Forex SGD to USD (Trade ID: 619610227))
2025-05-30 22:49:42,387 | DEBUG | Creating FROM xact_unit: SGD -> USD, rate: 0.7575757575757576
2025-05-30 22:49:42,387 | DEBUG | Creating TO xact_unit: USD -> SGD, rate: 1.32
2025-05-30 22:49:42,388 | DEBUG | Processing pair: SGD 18 -> USD 13 (Forex SGD to USD (Trade ID: 667891289))
2025-05-30 22:49:42,388 | DEBUG | Creating FROM xact_unit: SGD -> USD, rate: 0.7222222222222222
2025-05-30 22:49:42,388 | DEBUG | Creating TO xact_unit: USD -> SGD, rate: 1.3846153846153846
2025-05-30 22:49:42,388 | DEBUG | Processing pair: SGD 49 -> USD 37 (Forex SGD to USD (Trade ID: 676564384))
2025-05-30 22:49:42,389 | DEBUG | Creating FROM xact_unit: SGD -> USD, rate: 0.7551020408163265
2025-05-30 22:49:42,389 | DEBUG | Creating TO xact_unit: USD -> SGD, rate: 1.3243243243243243
2025-05-30 22:49:42,389 | DEBUG | Processing pair: TWD 8831 -> USD 272 (Forex TWD to USD (Trade ID: 580102589))
2025-05-30 22:49:42,389 | DEBUG | Creating FROM xact_unit: TWD -> USD, rate: 0.030800588834786546
2025-05-30 22:49:42,389 | DEBUG | Creating TO xact_unit: USD -> TWD, rate: 32.466911764705884
2025-05-30 22:49:42,389 | DEBUG | Processing pair: TWD 1 -> USD 1 (Forex TWD to USD (Trade ID: 591180976))
2025-05-30 22:49:42,390 | DEBUG | Creating FROM xact_unit: TWD -> USD, rate: 1.0
2025-05-30 22:49:42,390 | DEBUG | Creating TO xact_unit: USD -> TWD, rate: 1.0
2025-05-30 22:49:42,390 | DEBUG | Processing pair: TWD 72060 -> USD 2196 (Forex TWD to USD (Trade ID: 592818343))
2025-05-30 22:49:42,391 | DEBUG | Creating FROM xact_unit: TWD -> USD, rate: 0.03047460449625312
2025-05-30 22:49:42,391 | DEBUG | Creating TO xact_unit: USD -> TWD, rate: 32.814207650273225
2025-05-30 22:49:42,391 | DEBUG | Processing pair: TWD 1 -> USD 1 (Forex TWD to USD (Trade ID: 612794380))
2025-05-30 22:49:42,391 | DEBUG | Creating FROM xact_unit: TWD -> USD, rate: 1.0
2025-05-30 22:49:42,392 | DEBUG | Creating TO xact_unit: USD -> TWD, rate: 1.0
2025-05-30 22:49:42,392 | DEBUG | Processing pair: TWD 1 -> USD 0 (Forex TWD to USD (Trade ID: 650135246))
2025-05-30 22:49:42,392 | DEBUG | Creating FROM xact_unit: TWD -> USD, rate: 0.0
2025-05-30 22:49:42,392 | DEBUG | Creating TO xact_unit: USD -> TWD, rate: 1
2025-05-30 22:49:42,393 | DEBUG | Processing pair: TWD 68706 -> USD 2075 (Forex TWD to USD (Trade ID: 655159597))
2025-05-30 22:49:42,393 | DEBUG | Creating FROM xact_unit: TWD -> USD, rate: 0.030201146915844322
2025-05-30 22:49:42,393 | DEBUG | Creating TO xact_unit: USD -> TWD, rate: 33.11132530120482
2025-05-30 22:49:42,394 | DEBUG | Processing pair: TWD 4232265 -> USD 128488 (Forex TWD to USD (Trade ID: 670421968))
2025-05-30 22:49:42,394 | DEBUG | Creating FROM xact_unit: TWD -> USD, rate: 0.030359157566929293
2025-05-30 22:49:42,394 | DEBUG | Creating TO xact_unit: USD -> TWD, rate: 32.93899041155594
2025-05-30 22:49:42,395 | DEBUG | Processing pair: TWD 1 -> USD 1 (Forex TWD to USD (Trade ID: 671107356))
2025-05-30 22:49:42,395 | DEBUG | Creating FROM xact_unit: TWD -> USD, rate: 1.0
2025-05-30 22:49:42,395 | DEBUG | Creating TO xact_unit: USD -> TWD, rate: 1.0
2025-05-30 22:49:42,396 | DEBUG | Processing pair: USD 48680 -> AUD 74100 (Forex USD to AUD (Trade ID: 535478966))
2025-05-30 22:49:42,396 | DEBUG | Creating FROM xact_unit: USD -> AUD, rate: 1.5221857025472474
2025-05-30 22:49:42,396 | DEBUG | Creating TO xact_unit: AUD -> USD, rate: 0.6569500674763833
2025-05-30 22:49:42,396 | DEBUG | Processing pair: USD 2 -> AUD 3 (Forex USD to AUD (Trade ID: 535478990))
2025-05-30 22:49:42,397 | DEBUG | Creating FROM xact_unit: USD -> AUD, rate: 1.5
2025-05-30 22:49:42,397 | DEBUG | Creating TO xact_unit: AUD -> USD, rate: 0.6666666666666666
2025-05-30 22:49:42,397 | DEBUG | Processing pair: USD 74320 -> AUD 113900 (Forex USD to AUD (Trade ID: 551649826))
2025-05-30 22:49:42,397 | DEBUG | Creating FROM xact_unit: USD -> AUD, rate: 1.532561894510226
2025-05-30 22:49:42,397 | DEBUG | Creating TO xact_unit: AUD -> USD, rate: 0.6525021949078139
2025-05-30 22:49:42,398 | DEBUG | Processing pair: USD 3 -> AUD 5 (Forex USD to AUD (Trade ID: 551649850))
2025-05-30 22:49:42,398 | DEBUG | Creating FROM xact_unit: USD -> AUD, rate: 1.6666666666666667
2025-05-30 22:49:42,398 | DEBUG | Creating TO xact_unit: AUD -> USD, rate: 0.6
2025-05-30 22:49:42,398 | DEBUG | Processing pair: USD 24145 -> EUR 22400 (Forex USD to EUR (Trade ID: 504831453))
2025-05-30 22:49:42,399 | DEBUG | Creating FROM xact_unit: USD -> EUR, rate: 0.927728308138331
2025-05-30 22:49:42,399 | DEBUG | Creating TO xact_unit: EUR -> USD, rate: 1.0779017857142856
2025-05-30 22:49:42,399 | DEBUG | Processing pair: USD 36 -> EUR 33 (Forex USD to EUR (Trade ID: 510275904))
2025-05-30 22:49:42,399 | DEBUG | Creating FROM xact_unit: USD -> EUR, rate: 0.9166666666666666
2025-05-30 22:49:42,399 | DEBUG | Creating TO xact_unit: EUR -> USD, rate: 1.0909090909090908
2025-05-30 22:49:42,399 | DEBUG | Processing pair: USD 220152 -> EUR 201300 (Forex USD to EUR (Trade ID: 544405007))
2025-05-30 22:49:42,400 | DEBUG | Creating FROM xact_unit: USD -> EUR, rate: 0.9143682546604165
2025-05-30 22:49:42,400 | DEBUG | Creating TO xact_unit: EUR -> USD, rate: 1.0936512667660208
2025-05-30 22:49:42,400 | DEBUG | Processing pair: USD 80000 -> EUR 73448 (Forex USD to EUR (Trade ID: 544628209))
2025-05-30 22:49:42,401 | DEBUG | Creating FROM xact_unit: USD -> EUR, rate: 0.9181
2025-05-30 22:49:42,401 | DEBUG | Creating TO xact_unit: EUR -> USD, rate: 1.0892059688487092
2025-05-30 22:49:42,401 | DEBUG | Processing pair: USD 232346 -> EUR 214035 (Forex USD to EUR (Trade ID: 590078377))
2025-05-30 22:49:42,402 | DEBUG | Creating FROM xact_unit: USD -> EUR, rate: 0.9211908102571166
2025-05-30 22:49:42,402 | DEBUG | Creating TO xact_unit: EUR -> USD, rate: 1.085551428504684
2025-05-30 22:49:42,402 | DEBUG | Processing pair: USD 1 -> EUR 1 (Forex USD to EUR (Trade ID: 590188564))
2025-05-30 22:49:42,403 | DEBUG | Creating FROM xact_unit: USD -> EUR, rate: 1.0
2025-05-30 22:49:42,403 | DEBUG | Creating TO xact_unit: EUR -> USD, rate: 1.0
2025-05-30 22:49:42,403 | DEBUG | Processing pair: USD 209864 -> EUR 193200 (Forex USD to EUR (Trade ID: 591048593))
2025-05-30 22:49:42,403 | DEBUG | Creating FROM xact_unit: USD -> EUR, rate: 0.9205961956314566
2025-05-30 22:49:42,403 | DEBUG | Creating TO xact_unit: EUR -> USD, rate: 1.0862525879917184
2025-05-30 22:49:42,404 | DEBUG | Processing pair: USD 163604 -> EUR 149800 (Forex USD to EUR (Trade ID: 593931318))
2025-05-30 22:49:42,404 | DEBUG | Creating FROM xact_unit: USD -> EUR, rate: 0.9156255348279994
2025-05-30 22:49:42,404 | DEBUG | Creating TO xact_unit: EUR -> USD, rate: 1.0921495327102804
2025-05-30 22:49:42,404 | DEBUG | Processing pair: USD 76 -> EUR 70 (Forex USD to EUR (Trade ID: 596337034))
2025-05-30 22:49:42,405 | DEBUG | Creating FROM xact_unit: USD -> EUR, rate: 0.9210526315789473
2025-05-30 22:49:42,405 | DEBUG | Creating TO xact_unit: EUR -> USD, rate: 1.0857142857142856
2025-05-30 22:49:42,405 | DEBUG | Processing pair: USD 145 -> EUR 131 (Forex USD to EUR (Trade ID: 598768266))
2025-05-30 22:49:42,405 | DEBUG | Creating FROM xact_unit: USD -> EUR, rate: 0.903448275862069
2025-05-30 22:49:42,406 | DEBUG | Creating TO xact_unit: EUR -> USD, rate: 1.1068702290076335
2025-05-30 22:49:42,406 | DEBUG | Processing pair: USD 75307 -> EUR 67820 (Forex USD to EUR (Trade ID: 598768277))
2025-05-30 22:49:42,407 | DEBUG | Creating FROM xact_unit: USD -> EUR, rate: 0.9005802913407784
2025-05-30 22:49:42,407 | DEBUG | Creating TO xact_unit: EUR -> USD, rate: 1.1103951636685343
2025-05-30 22:49:42,407 | DEBUG | Processing pair: USD 227 -> EUR 204 (Forex USD to EUR (Trade ID: 598870751))
2025-05-30 22:49:42,408 | DEBUG | Creating FROM xact_unit: USD -> EUR, rate: 0.8986784140969163
2025-05-30 22:49:42,408 | DEBUG | Creating TO xact_unit: EUR -> USD, rate: 1.1127450980392157
2025-05-30 22:49:42,408 | DEBUG | Processing pair: USD 24 -> EUR 22 (Forex USD to EUR (Trade ID: 604042844))
2025-05-30 22:49:42,409 | DEBUG | Creating FROM xact_unit: USD -> EUR, rate: 0.9166666666666666
2025-05-30 22:49:42,409 | DEBUG | Creating TO xact_unit: EUR -> USD, rate: 1.0909090909090908
2025-05-30 22:49:42,409 | DEBUG | Processing pair: USD 186 -> EUR 178 (Forex USD to EUR (Trade ID: 632552176))
2025-05-30 22:49:42,410 | DEBUG | Creating FROM xact_unit: USD -> EUR, rate: 0.956989247311828
2025-05-30 22:49:42,410 | DEBUG | Creating TO xact_unit: EUR -> USD, rate: 1.0449438202247192
2025-05-30 22:49:42,410 | DEBUG | Processing pair: USD 374407 -> EUR 357600 (Forex USD to EUR (Trade ID: 632552188))
2025-05-30 22:49:42,410 | DEBUG | Creating FROM xact_unit: USD -> EUR, rate: 0.9551103478300352
2025-05-30 22:49:42,410 | DEBUG | Creating TO xact_unit: EUR -> USD, rate: 1.0469994407158836
2025-05-30 22:49:42,411 | DEBUG | Processing pair: USD 1127 -> EUR 1074 (Forex USD to EUR (Trade ID: 632689610))
2025-05-30 22:49:42,411 | DEBUG | Creating FROM xact_unit: USD -> EUR, rate: 0.9529724933451642
2025-05-30 22:49:42,411 | DEBUG | Creating TO xact_unit: EUR -> USD, rate: 1.0493482309124766
2025-05-30 22:49:42,411 | DEBUG | Processing pair: USD 313739 -> EUR 297200 (Forex USD to EUR (Trade ID: 635985692))
2025-05-30 22:49:42,412 | DEBUG | Creating FROM xact_unit: USD -> EUR, rate: 0.9472842075738114
2025-05-30 22:49:42,412 | DEBUG | Creating TO xact_unit: EUR -> USD, rate: 1.055649394347241
2025-05-30 22:49:42,412 | DEBUG | Processing pair: USD 16 -> EUR 15 (Forex USD to EUR (Trade ID: 635985846))
2025-05-30 22:49:42,413 | DEBUG | Creating FROM xact_unit: USD -> EUR, rate: 0.9375
2025-05-30 22:49:42,413 | DEBUG | Creating TO xact_unit: EUR -> USD, rate: 1.0666666666666667
2025-05-30 22:49:42,413 | DEBUG | Processing pair: USD 64182 -> EUR 61800 (Forex USD to EUR (Trade ID: 643820983))
2025-05-30 22:49:42,413 | DEBUG | Creating FROM xact_unit: USD -> EUR, rate: 0.9628867906889782
2025-05-30 22:49:42,414 | DEBUG | Creating TO xact_unit: EUR -> USD, rate: 1.0385436893203883
2025-05-30 22:49:42,414 | DEBUG | Processing pair: USD 98365 -> EUR 94700 (Forex USD to EUR (Trade ID: 643820993))
2025-05-30 22:49:42,414 | DEBUG | Creating FROM xact_unit: USD -> EUR, rate: 0.9627408122807909
2025-05-30 22:49:42,414 | DEBUG | Creating TO xact_unit: EUR -> USD, rate: 1.03870116156283
2025-05-30 22:49:42,415 | DEBUG | Processing pair: USD 51935 -> EUR 50000 (Forex USD to EUR (Trade ID: 643820996))
2025-05-30 22:49:42,415 | DEBUG | Creating FROM xact_unit: USD -> EUR, rate: 0.962741888899586
2025-05-30 22:49:42,415 | DEBUG | Creating TO xact_unit: EUR -> USD, rate: 1.0387
2025-05-30 22:49:42,415 | DEBUG | Processing pair: USD 382 -> EUR 370 (Forex USD to EUR (Trade ID: 647135414))
2025-05-30 22:49:42,416 | DEBUG | Creating FROM xact_unit: USD -> EUR, rate: 0.9685863874345549
2025-05-30 22:49:42,416 | DEBUG | Creating TO xact_unit: EUR -> USD, rate: 1.0324324324324323
2025-05-30 22:49:42,417 | DEBUG | Processing pair: USD 266824 -> EUR 254300 (Forex USD to EUR (Trade ID: 664696062))
2025-05-30 22:49:42,417 | DEBUG | Creating FROM xact_unit: USD -> EUR, rate: 0.9530626930111235
2025-05-30 22:49:42,417 | DEBUG | Creating TO xact_unit: EUR -> USD, rate: 1.0492489186000786
2025-05-30 22:49:42,418 | DEBUG | Processing pair: USD 974 -> EUR 900 (Forex USD to EUR (Trade ID: 675403996))
2025-05-30 22:49:42,418 | DEBUG | Creating FROM xact_unit: USD -> EUR, rate: 0.9240246406570842
2025-05-30 22:49:42,418 | DEBUG | Creating TO xact_unit: EUR -> USD, rate: 1.0822222222222222
2025-05-30 22:49:42,419 | DEBUG | Processing pair: USD 128251 -> EUR 115505 (Forex USD to EUR (Trade ID: 680646300))
2025-05-30 22:49:42,419 | DEBUG | Creating FROM xact_unit: USD -> EUR, rate: 0.900616759323514
2025-05-30 22:49:42,419 | DEBUG | Creating TO xact_unit: EUR -> USD, rate: 1.1103502012899875
2025-05-30 22:49:42,420 | DEBUG | Processing pair: USD 249497 -> GBX 197700 (Forex USD to GBP (Trade ID: 551884815))
2025-05-30 22:49:42,420 | DEBUG | Creating FROM xact_unit: USD -> GBX, rate: 0.7923942973262204
2025-05-30 22:49:42,420 | DEBUG | Creating TO xact_unit: GBX -> USD, rate: 1.2619979767324228
2025-05-30 22:49:42,420 | DEBUG | Processing pair: USD 109399 -> GBX 86856 (Forex USD to GBP (Trade ID: 551887195))
2025-05-30 22:49:42,421 | DEBUG | Creating FROM xact_unit: USD -> GBX, rate: 0.7939377873655152
2025-05-30 22:49:42,421 | DEBUG | Creating TO xact_unit: GBX -> USD, rate: 1.2595445334807036
2025-05-30 22:49:42,421 | DEBUG | Processing pair: USD 252210 -> GBX 200000 (Forex USD to GBP (Trade ID: 552450937))
2025-05-30 22:49:42,421 | DEBUG | Creating FROM xact_unit: USD -> GBX, rate: 0.7929899686768962
2025-05-30 22:49:42,421 | DEBUG | Creating TO xact_unit: GBX -> USD, rate: 1.26105
2025-05-30 22:49:42,422 | DEBUG | Processing pair: USD 8 -> GBX 6 (Forex USD to GBP (Trade ID: 552559554))
2025-05-30 22:49:42,422 | DEBUG | Creating FROM xact_unit: USD -> GBX, rate: 0.75
2025-05-30 22:49:42,422 | DEBUG | Creating TO xact_unit: GBX -> USD, rate: 1.3333333333333333
2025-05-30 22:49:42,422 | DEBUG | Processing pair: USD 5713 -> GBX 4500 (Forex USD to GBP (Trade ID: 555292460))
2025-05-30 22:49:42,423 | DEBUG | Creating FROM xact_unit: USD -> GBX, rate: 0.7876772273761596
2025-05-30 22:49:42,423 | DEBUG | Creating TO xact_unit: GBX -> USD, rate: 1.2695555555555555
2025-05-30 22:49:42,423 | DEBUG | Processing pair: USD 37 -> GBX 29 (Forex USD to GBP (Trade ID: 555292565))
2025-05-30 22:49:42,423 | DEBUG | Creating FROM xact_unit: USD -> GBX, rate: 0.7837837837837838
2025-05-30 22:49:42,424 | DEBUG | Creating TO xact_unit: GBX -> USD, rate: 1.2758620689655173
2025-05-30 22:49:42,424 | DEBUG | Processing pair: USD 12 -> GBX 9 (Forex USD to GBP (Trade ID: 556568359))
2025-05-30 22:49:42,424 | DEBUG | Creating FROM xact_unit: USD -> GBX, rate: 0.75
2025-05-30 22:49:42,424 | DEBUG | Creating TO xact_unit: GBX -> USD, rate: 1.3333333333333333
2025-05-30 22:49:42,425 | DEBUG | Processing pair: USD 6 -> GBX 5 (Forex USD to GBP (Trade ID: 563181341))
2025-05-30 22:49:42,425 | DEBUG | Creating FROM xact_unit: USD -> GBX, rate: 0.8333333333333334
2025-05-30 22:49:42,425 | DEBUG | Creating TO xact_unit: GBX -> USD, rate: 1.2
2025-05-30 22:49:42,425 | DEBUG | Processing pair: USD 12 -> HKD 91 (Forex USD to HKD (Trade ID: 109796246))
2025-05-30 22:49:42,426 | DEBUG | Creating FROM xact_unit: USD -> HKD, rate: 7.583333333333333
2025-05-30 22:49:42,426 | DEBUG | Creating TO xact_unit: HKD -> USD, rate: 0.13186813186813187
2025-05-30 22:49:42,426 | DEBUG | Processing pair: USD 50000 -> HKD 387690 (Forex USD to HKD (Trade ID: 228359596))
2025-05-30 22:49:42,427 | DEBUG | Creating FROM xact_unit: USD -> HKD, rate: 7.7538
2025-05-30 22:49:42,427 | DEBUG | Creating TO xact_unit: HKD -> USD, rate: 0.12896902164100182
2025-05-30 22:49:42,427 | DEBUG | Processing pair: USD 300000 -> HKD 2327010 (Forex USD to HKD (Trade ID: 262993888))
2025-05-30 22:49:42,428 | DEBUG | Creating FROM xact_unit: USD -> HKD, rate: 7.7567
2025-05-30 22:49:42,428 | DEBUG | Creating TO xact_unit: HKD -> USD, rate: 0.12892080395013344
2025-05-30 22:49:42,428 | DEBUG | Processing pair: USD 100000 -> HKD 776415 (Forex USD to HKD (Trade ID: 272553513))
2025-05-30 22:49:42,429 | DEBUG | Creating FROM xact_unit: USD -> HKD, rate: 7.76415
2025-05-30 22:49:42,429 | DEBUG | Creating TO xact_unit: HKD -> USD, rate: 0.1287970994893195
2025-05-30 22:49:42,429 | DEBUG | Processing pair: USD 100000 -> HKD 776525 (Forex USD to HKD (Trade ID: 275194691))
2025-05-30 22:49:42,429 | DEBUG | Creating FROM xact_unit: USD -> HKD, rate: 7.76525
2025-05-30 22:49:42,430 | DEBUG | Creating TO xact_unit: HKD -> USD, rate: 0.12877885451208912
2025-05-30 22:49:42,430 | DEBUG | Processing pair: USD 200000 -> HKD 1556100 (Forex USD to HKD (Trade ID: 283982450))
2025-05-30 22:49:42,430 | DEBUG | Creating FROM xact_unit: USD -> HKD, rate: 7.7805
2025-05-30 22:49:42,430 | DEBUG | Creating TO xact_unit: HKD -> USD, rate: 0.128526444315918
2025-05-30 22:49:42,430 | DEBUG | Processing pair: USD 100000 -> HKD 778185 (Forex USD to HKD (Trade ID: 283983207))
2025-05-30 22:49:42,431 | DEBUG | Creating FROM xact_unit: USD -> HKD, rate: 7.78185
2025-05-30 22:49:42,431 | DEBUG | Creating TO xact_unit: HKD -> USD, rate: 0.12850414747135963
2025-05-30 22:49:42,431 | DEBUG | Processing pair: USD 200000 -> HKD 1553250 (Forex USD to HKD (Trade ID: 287194990))
2025-05-30 22:49:42,431 | DEBUG | Creating FROM xact_unit: USD -> HKD, rate: 7.76625
2025-05-30 22:49:42,432 | DEBUG | Creating TO xact_unit: HKD -> USD, rate: 0.12876227265411236
2025-05-30 22:49:42,432 | DEBUG | Processing pair: USD 2243200 -> HKD 17559478 (Forex USD to HKD (Trade ID: 485454172))
2025-05-30 22:49:42,432 | DEBUG | Creating FROM xact_unit: USD -> HKD, rate: 7.827870007132668
2025-05-30 22:49:42,432 | DEBUG | Creating TO xact_unit: HKD -> USD, rate: 0.12774867225551922
2025-05-30 22:49:42,433 | DEBUG | Processing pair: USD 6800 -> HKD 53235 (Forex USD to HKD (Trade ID: 485454174))
2025-05-30 22:49:42,433 | DEBUG | Creating FROM xact_unit: USD -> HKD, rate: 7.828676470588236
2025-05-30 22:49:42,433 | DEBUG | Creating TO xact_unit: HKD -> USD, rate: 0.12773551235089697
2025-05-30 22:49:42,433 | DEBUG | Processing pair: USD 2994894 -> HKD 23379999 (Forex USD to HKD (Trade ID: 515958007))
2025-05-30 22:49:42,434 | DEBUG | Creating FROM xact_unit: USD -> HKD, rate: 7.806619867013657
2025-05-30 22:49:42,434 | DEBUG | Creating TO xact_unit: HKD -> USD, rate: 0.1280964126645172
2025-05-30 22:49:42,434 | DEBUG | Processing pair: USD 2000000 -> HKD 15644200 (Forex USD to HKD (Trade ID: 530188459))
2025-05-30 22:49:42,434 | DEBUG | Creating FROM xact_unit: USD -> HKD, rate: 7.8221
2025-05-30 22:49:42,434 | DEBUG | Creating TO xact_unit: HKD -> USD, rate: 0.12784290663632528
2025-05-30 22:49:42,435 | DEBUG | Processing pair: USD 1118672 -> HKD 8749995 (Forex USD to HKD (Trade ID: 530895580))
2025-05-30 22:49:42,435 | DEBUG | Creating FROM xact_unit: USD -> HKD, rate: 7.821769920048057
2025-05-30 22:49:42,435 | DEBUG | Creating TO xact_unit: HKD -> USD, rate: 0.12784830162760094
2025-05-30 22:49:42,435 | DEBUG | Processing pair: USD 1002700 -> HKD 7819887 (Forex USD to HKD (Trade ID: 533346337))
2025-05-30 22:49:42,436 | DEBUG | Creating FROM xact_unit: USD -> HKD, rate: 7.798830158571856
2025-05-30 22:49:42,436 | DEBUG | Creating TO xact_unit: HKD -> USD, rate: 0.12822435925225006
2025-05-30 22:49:42,436 | DEBUG | Processing pair: USD 222826 -> HKD 1739380 (Forex USD to HKD (Trade ID: 538401703))
2025-05-30 22:49:42,436 | DEBUG | Creating FROM xact_unit: USD -> HKD, rate: 7.8060010950248175
2025-05-30 22:49:42,437 | DEBUG | Creating TO xact_unit: HKD -> USD, rate: 0.12810656670767745
2025-05-30 22:49:42,437 | DEBUG | Processing pair: USD 594274 -> HKD 4638927 (Forex USD to HKD (Trade ID: 538401705))
2025-05-30 22:49:42,437 | DEBUG | Creating FROM xact_unit: USD -> HKD, rate: 7.806040647916618
2025-05-30 22:49:42,438 | DEBUG | Creating TO xact_unit: HKD -> USD, rate: 0.12810591759689255
2025-05-30 22:49:42,438 | DEBUG | Processing pair: USD 499 -> HKD 3899 (Forex USD to HKD (Trade ID: 556568027))
2025-05-30 22:49:42,438 | DEBUG | Creating FROM xact_unit: USD -> HKD, rate: 7.813627254509018
2025-05-30 22:49:42,439 | DEBUG | Creating TO xact_unit: HKD -> USD, rate: 0.12798153372659657
2025-05-30 22:49:42,439 | DEBUG | Processing pair: USD 292800 -> HKD 2290369 (Forex USD to HKD (Trade ID: 558327332))
2025-05-30 22:49:42,439 | DEBUG | Creating FROM xact_unit: USD -> HKD, rate: 7.822298497267759
2025-05-30 22:49:42,439 | DEBUG | Creating TO xact_unit: HKD -> USD, rate: 0.1278396625172625
2025-05-30 22:49:42,440 | DEBUG | Processing pair: USD 507200 -> HKD 3967369 (Forex USD to HKD (Trade ID: 558327334))
2025-05-30 22:49:42,440 | DEBUG | Creating FROM xact_unit: USD -> HKD, rate: 7.82209976340694
2025-05-30 22:49:42,440 | DEBUG | Creating TO xact_unit: HKD -> USD, rate: 0.12784291050315713
2025-05-30 22:49:42,440 | DEBUG | Processing pair: USD 54 -> HKD 421 (Forex USD to HKD (Trade ID: 570703811))
2025-05-30 22:49:42,441 | DEBUG | Creating FROM xact_unit: USD -> HKD, rate: 7.796296296296297
2025-05-30 22:49:42,441 | DEBUG | Creating TO xact_unit: HKD -> USD, rate: 0.12826603325415678
2025-05-30 22:49:42,441 | DEBUG | Processing pair: USD 1 -> HKD 2 (Forex USD to HKD (Trade ID: 570704071))
2025-05-30 22:49:42,441 | DEBUG | Creating FROM xact_unit: USD -> HKD, rate: 2.0
2025-05-30 22:49:42,442 | DEBUG | Creating TO xact_unit: HKD -> USD, rate: 0.5
2025-05-30 22:49:42,442 | DEBUG | Processing pair: USD 259 -> HKD 2023 (Forex USD to HKD (Trade ID: 584201481))
2025-05-30 22:49:42,442 | DEBUG | Creating FROM xact_unit: USD -> HKD, rate: 7.8108108108108105
2025-05-30 22:49:42,442 | DEBUG | Creating TO xact_unit: HKD -> USD, rate: 0.12802768166089964
2025-05-30 22:49:42,442 | DEBUG | Processing pair: USD 34 -> HKD 266 (Forex USD to HKD (Trade ID: 584202022))
2025-05-30 22:49:42,443 | DEBUG | Creating FROM xact_unit: USD -> HKD, rate: 7.823529411764706
2025-05-30 22:49:42,443 | DEBUG | Creating TO xact_unit: HKD -> USD, rate: 0.12781954887218044
2025-05-30 22:49:42,443 | DEBUG | Processing pair: USD 259 -> HKD 2022 (Forex USD to HKD (Trade ID: 588176781))
2025-05-30 22:49:42,443 | DEBUG | Creating FROM xact_unit: USD -> HKD, rate: 7.806949806949807
2025-05-30 22:49:42,444 | DEBUG | Creating TO xact_unit: HKD -> USD, rate: 0.1280909990108803
2025-05-30 22:49:42,444 | DEBUG | Processing pair: USD 258 -> HKD 2014 (Forex USD to HKD (Trade ID: 588176821))
2025-05-30 22:49:42,444 | DEBUG | Creating FROM xact_unit: USD -> HKD, rate: 7.8062015503875966
2025-05-30 22:49:42,444 | DEBUG | Creating TO xact_unit: HKD -> USD, rate: 0.12810327706057598
2025-05-30 22:49:42,444 | DEBUG | Processing pair: USD 1 -> HKD 4 (Forex USD to HKD (Trade ID: 595598890))
2025-05-30 22:49:42,445 | DEBUG | Creating FROM xact_unit: USD -> HKD, rate: 4.0
2025-05-30 22:49:42,445 | DEBUG | Creating TO xact_unit: HKD -> USD, rate: 0.25
2025-05-30 22:49:42,445 | DEBUG | Processing pair: USD 64 -> HKD 499 (Forex USD to HKD (Trade ID: 595914603))
2025-05-30 22:49:42,446 | DEBUG | Creating FROM xact_unit: USD -> HKD, rate: 7.796875
2025-05-30 22:49:42,446 | DEBUG | Creating TO xact_unit: HKD -> USD, rate: 0.1282565130260521
2025-05-30 22:49:42,446 | DEBUG | Processing pair: USD 1 -> HKD 1 (Forex USD to HKD (Trade ID: 604042846))
2025-05-30 22:49:42,446 | DEBUG | Creating FROM xact_unit: USD -> HKD, rate: 1.0
2025-05-30 22:49:42,447 | DEBUG | Creating TO xact_unit: HKD -> USD, rate: 1.0
2025-05-30 22:49:42,447 | DEBUG | Processing pair: USD 1 -> HKD 2 (Forex USD to HKD (Trade ID: 614049289))
2025-05-30 22:49:42,447 | DEBUG | Creating FROM xact_unit: USD -> HKD, rate: 2.0
2025-05-30 22:49:42,448 | DEBUG | Creating TO xact_unit: HKD -> USD, rate: 0.5
2025-05-30 22:49:42,448 | DEBUG | Processing pair: USD 50911 -> HKD 395604 (Forex USD to HKD (Trade ID: 617738243))
2025-05-30 22:49:42,449 | DEBUG | Creating FROM xact_unit: USD -> HKD, rate: 7.770501463337982
2025-05-30 22:49:42,449 | DEBUG | Creating TO xact_unit: HKD -> USD, rate: 0.1286918231362676
2025-05-30 22:49:42,449 | DEBUG | Processing pair: USD 49150 -> HKD 382262 (Forex USD to HKD (Trade ID: 635980035))
2025-05-30 22:49:42,450 | DEBUG | Creating FROM xact_unit: USD -> HKD, rate: 7.777456765005087
2025-05-30 22:49:42,450 | DEBUG | Creating TO xact_unit: HKD -> USD, rate: 0.12857673532812575
2025-05-30 22:49:42,450 | DEBUG | Processing pair: USD 4 -> HKD 31 (Forex USD to HKD (Trade ID: 635980036))
2025-05-30 22:49:42,450 | DEBUG | Creating FROM xact_unit: USD -> HKD, rate: 7.75
2025-05-30 22:49:42,451 | DEBUG | Creating TO xact_unit: HKD -> USD, rate: 0.12903225806451613
2025-05-30 22:49:42,451 | DEBUG | Processing pair: USD 50011 -> HKD 389341 (Forex USD to HKD (Trade ID: 649458589))
2025-05-30 22:49:42,451 | DEBUG | Creating FROM xact_unit: USD -> HKD, rate: 7.785107276399192
2025-05-30 22:49:42,452 | DEBUG | Creating TO xact_unit: HKD -> USD, rate: 0.12845038154214428
2025-05-30 22:49:42,452 | DEBUG | Processing pair: USD 4 -> HKD 31 (Forex USD to HKD (Trade ID: 649458602))
2025-05-30 22:49:42,452 | DEBUG | Creating FROM xact_unit: USD -> HKD, rate: 7.75
2025-05-30 22:49:42,452 | DEBUG | Creating TO xact_unit: HKD -> USD, rate: 0.12903225806451613
2025-05-30 22:49:42,452 | DEBUG | Processing pair: USD 1 -> HKD 7 (Forex USD to HKD (Trade ID: 649543236))
2025-05-30 22:49:42,453 | DEBUG | Creating FROM xact_unit: USD -> HKD, rate: 7.0
2025-05-30 22:49:42,453 | DEBUG | Creating TO xact_unit: HKD -> USD, rate: 0.14285714285714285
2025-05-30 22:49:42,453 | DEBUG | Processing pair: USD 2 -> HKD 16 (Forex USD to HKD (Trade ID: 664838215))
2025-05-30 22:49:42,453 | DEBUG | Creating FROM xact_unit: USD -> HKD, rate: 8.0
2025-05-30 22:49:42,453 | DEBUG | Creating TO xact_unit: HKD -> USD, rate: 0.125
2025-05-30 22:49:42,454 | DEBUG | Processing pair: USD 29488 -> HKD 229143 (Forex USD to HKD (Trade ID: 664838223))
2025-05-30 22:49:42,454 | DEBUG | Creating FROM xact_unit: USD -> HKD, rate: 7.770720293000543
2025-05-30 22:49:42,454 | DEBUG | Creating TO xact_unit: HKD -> USD, rate: 0.1286881990721951
2025-05-30 22:49:42,454 | DEBUG | Processing pair: USD 21043 -> HKD 163519 (Forex USD to HKD (Trade ID: 664843493))
2025-05-30 22:49:42,455 | DEBUG | Creating FROM xact_unit: USD -> HKD, rate: 7.770707598726418
2025-05-30 22:49:42,455 | DEBUG | Creating TO xact_unit: HKD -> USD, rate: 0.12868840929800207
2025-05-30 22:49:42,455 | DEBUG | Processing pair: USD 2 -> HKD 16 (Forex USD to HKD (Trade ID: 664843497))
2025-05-30 22:49:42,455 | DEBUG | Creating FROM xact_unit: USD -> HKD, rate: 8.0
2025-05-30 22:49:42,455 | DEBUG | Creating TO xact_unit: HKD -> USD, rate: 0.125
2025-05-30 22:49:42,455 | DEBUG | Processing pair: USD 48207 -> HKD 374578 (Forex USD to HKD (Trade ID: 669543618))
2025-05-30 22:49:42,456 | DEBUG | Creating FROM xact_unit: USD -> HKD, rate: 7.770199348642313
2025-05-30 22:49:42,456 | DEBUG | Creating TO xact_unit: HKD -> USD, rate: 0.12869682682912503
2025-05-30 22:49:42,456 | DEBUG | Processing pair: USD 106700 -> PLN 417261 (Forex USD to PLN (Trade ID: 541588610))
2025-05-30 22:49:42,457 | DEBUG | Creating FROM xact_unit: USD -> PLN, rate: 3.9105998125585755
2025-05-30 22:49:42,457 | DEBUG | Creating TO xact_unit: PLN -> USD, rate: 0.25571524777058
2025-05-30 22:49:42,457 | DEBUG | Processing pair: USD 46 -> PLN 185 (Forex USD to PLN (Trade ID: 542246673))
2025-05-30 22:49:42,458 | DEBUG | Creating FROM xact_unit: USD -> PLN, rate: 4.021739130434782
2025-05-30 22:49:42,458 | DEBUG | Creating TO xact_unit: PLN -> USD, rate: 0.24864864864864866
2025-05-30 22:49:42,458 | DEBUG | Processing pair: USD 103400 -> PLN 409883 (Forex USD to PLN (Trade ID: 543703911))
2025-05-30 22:49:42,458 | DEBUG | Creating FROM xact_unit: USD -> PLN, rate: 3.964052224371373
2025-05-30 22:49:42,459 | DEBUG | Creating TO xact_unit: PLN -> USD, rate: 0.25226711037052035
2025-05-30 22:49:42,459 | DEBUG | Processing pair: USD 75400 -> PLN 301551 (Forex USD to PLN (Trade ID: 544404967))
2025-05-30 22:49:42,459 | DEBUG | Creating FROM xact_unit: USD -> PLN, rate: 3.999350132625995
2025-05-30 22:49:42,459 | DEBUG | Creating TO xact_unit: PLN -> USD, rate: 0.2500406233108164
2025-05-30 22:49:42,460 | DEBUG | Processing pair: USD 177300 -> PLN 715069 (Forex USD to PLN (Trade ID: 544589484))
2025-05-30 22:49:42,460 | DEBUG | Creating FROM xact_unit: USD -> PLN, rate: 4.033102086858432
2025-05-30 22:49:42,460 | DEBUG | Creating TO xact_unit: PLN -> USD, rate: 0.24794810011341561
2025-05-30 22:49:42,460 | DEBUG | Processing pair: USD 50 -> PLN 202 (Forex USD to PLN (Trade ID: 545015397))
2025-05-30 22:49:42,461 | DEBUG | Creating FROM xact_unit: USD -> PLN, rate: 4.04
2025-05-30 22:49:42,461 | DEBUG | Creating TO xact_unit: PLN -> USD, rate: 0.24752475247524752
2025-05-30 22:49:42,462 | DEBUG | Processing pair: USD 73 -> PLN 295 (Forex USD to PLN (Trade ID: 545298998))
2025-05-30 22:49:42,462 | DEBUG | Creating FROM xact_unit: USD -> PLN, rate: 4.041095890410959
2025-05-30 22:49:42,462 | DEBUG | Creating TO xact_unit: PLN -> USD, rate: 0.24745762711864408
2025-05-30 22:49:42,463 | DEBUG | Processing pair: USD 127 -> PLN 510 (Forex USD to PLN (Trade ID: 549659179))
2025-05-30 22:49:42,463 | DEBUG | Creating FROM xact_unit: USD -> PLN, rate: 4.015748031496063
2025-05-30 22:49:42,463 | DEBUG | Creating TO xact_unit: PLN -> USD, rate: 0.24901960784313726
2025-05-30 22:49:42,463 | DEBUG | Processing pair: USD 104 -> PLN 419 (Forex USD to PLN (Trade ID: 549659523))
2025-05-30 22:49:42,464 | DEBUG | Creating FROM xact_unit: USD -> PLN, rate: 4.028846153846154
2025-05-30 22:49:42,464 | DEBUG | Creating TO xact_unit: PLN -> USD, rate: 0.24821002386634844
2025-05-30 22:49:42,464 | DEBUG | Processing pair: USD 160300 -> PLN 628897 (Forex USD to PLN (Trade ID: 557133789))
2025-05-30 22:49:42,464 | DEBUG | Creating FROM xact_unit: USD -> PLN, rate: 3.9232501559575796
2025-05-30 22:49:42,464 | DEBUG | Creating TO xact_unit: PLN -> USD, rate: 0.2548907054732333
2025-05-30 22:49:42,465 | DEBUG | Processing pair: USD 271000 -> PLN 1063201 (Forex USD to PLN (Trade ID: 557133826))
2025-05-30 22:49:42,465 | DEBUG | Creating FROM xact_unit: USD -> PLN, rate: 3.923250922509225
2025-05-30 22:49:42,465 | DEBUG | Creating TO xact_unit: PLN -> USD, rate: 0.2548906556709409
2025-05-30 22:49:42,465 | DEBUG | Processing pair: USD 73 -> PLN 285 (Forex USD to PLN (Trade ID: 558138905))
2025-05-30 22:49:42,466 | DEBUG | Creating FROM xact_unit: USD -> PLN, rate: 3.904109589041096
2025-05-30 22:49:42,466 | DEBUG | Creating TO xact_unit: PLN -> USD, rate: 0.256140350877193
2025-05-30 22:49:42,466 | DEBUG | Processing pair: USD 17 -> PLN 65 (Forex USD to PLN (Trade ID: 558138953))
2025-05-30 22:49:42,466 | DEBUG | Creating FROM xact_unit: USD -> PLN, rate: 3.823529411764706
2025-05-30 22:49:42,466 | DEBUG | Creating TO xact_unit: PLN -> USD, rate: 0.26153846153846155
2025-05-30 22:49:42,467 | DEBUG | Processing pair: USD 353500 -> PLN 1406859 (Forex USD to PLN (Trade ID: 560367868))
2025-05-30 22:49:42,467 | DEBUG | Creating FROM xact_unit: USD -> PLN, rate: 3.979799151343706
2025-05-30 22:49:42,467 | DEBUG | Creating TO xact_unit: PLN -> USD, rate: 0.2512689615661555
2025-05-30 22:49:42,467 | DEBUG | Processing pair: USD 24 -> PLN 96 (Forex USD to PLN (Trade ID: 560368359))
2025-05-30 22:49:42,468 | DEBUG | Creating FROM xact_unit: USD -> PLN, rate: 4.0
2025-05-30 22:49:42,468 | DEBUG | Creating TO xact_unit: PLN -> USD, rate: 0.25
2025-05-30 22:49:42,468 | DEBUG | Processing pair: USD 79900 -> PLN 318922 (Forex USD to PLN (Trade ID: 560438161))
2025-05-30 22:49:42,469 | DEBUG | Creating FROM xact_unit: USD -> PLN, rate: 3.991514392991239
2025-05-30 22:49:42,469 | DEBUG | Creating TO xact_unit: PLN -> USD, rate: 0.2505314779162303
2025-05-30 22:49:42,469 | DEBUG | Processing pair: USD 76 -> PLN 304 (Forex USD to PLN (Trade ID: 561156366))
2025-05-30 22:49:42,469 | DEBUG | Creating FROM xact_unit: USD -> PLN, rate: 4.0
2025-05-30 22:49:42,469 | DEBUG | Creating TO xact_unit: PLN -> USD, rate: 0.25
2025-05-30 22:49:42,470 | DEBUG | Processing pair: USD 377000 -> PLN 1499819 (Forex USD to PLN (Trade ID: 561230096))
2025-05-30 22:49:42,470 | DEBUG | Creating FROM xact_unit: USD -> PLN, rate: 3.9782997347480107
2025-05-30 22:49:42,470 | DEBUG | Creating TO xact_unit: PLN -> USD, rate: 0.25136366454885556
2025-05-30 22:49:42,471 | DEBUG | Processing pair: USD 146 -> PLN 576 (Forex USD to PLN (Trade ID: 563180989))
2025-05-30 22:49:42,471 | DEBUG | Creating FROM xact_unit: USD -> PLN, rate: 3.9452054794520546
2025-05-30 22:49:42,471 | DEBUG | Creating TO xact_unit: PLN -> USD, rate: 0.2534722222222222
2025-05-30 22:49:42,472 | DEBUG | Processing pair: USD 200400 -> PLN 785518 (Forex USD to PLN (Trade ID: 588209119))
2025-05-30 22:49:42,472 | DEBUG | Creating FROM xact_unit: USD -> PLN, rate: 3.919750499001996
2025-05-30 22:49:42,472 | DEBUG | Creating TO xact_unit: PLN -> USD, rate: 0.25511827863906367
2025-05-30 22:49:42,473 | DEBUG | Processing pair: USD 300 -> PLN 1176 (Forex USD to PLN (Trade ID: 588209122))
2025-05-30 22:49:42,473 | DEBUG | Creating FROM xact_unit: USD -> PLN, rate: 3.92
2025-05-30 22:49:42,473 | DEBUG | Creating TO xact_unit: PLN -> USD, rate: 0.25510204081632654
2025-05-30 22:49:42,474 | DEBUG | Processing pair: USD 100300 -> PLN 395765 (Forex USD to PLN (Trade ID: 591048721))
2025-05-30 22:49:42,474 | DEBUG | Creating FROM xact_unit: USD -> PLN, rate: 3.9458125623130607
2025-05-30 22:49:42,474 | DEBUG | Creating TO xact_unit: PLN -> USD, rate: 0.2534332242618726
2025-05-30 22:49:42,474 | DEBUG | Processing pair: USD 53 -> PLN 212 (Forex USD to PLN (Trade ID: 591925544))
2025-05-30 22:49:42,475 | DEBUG | Creating FROM xact_unit: USD -> PLN, rate: 4.0
2025-05-30 22:49:42,475 | DEBUG | Creating TO xact_unit: PLN -> USD, rate: 0.25
2025-05-30 22:49:42,475 | DEBUG | Processing pair: USD 240 -> PLN 950 (Forex USD to PLN (Trade ID: 595598556))
2025-05-30 22:49:42,475 | DEBUG | Creating FROM xact_unit: USD -> PLN, rate: 3.9583333333333335
2025-05-30 22:49:42,476 | DEBUG | Creating TO xact_unit: PLN -> USD, rate: 0.25263157894736843
2025-05-30 22:49:42,476 | DEBUG | Processing pair: USD 100400 -> PLN 387263 (Forex USD to PLN (Trade ID: 602066677))
2025-05-30 22:49:42,476 | DEBUG | Creating FROM xact_unit: USD -> PLN, rate: 3.8572011952191234
2025-05-30 22:49:42,476 | DEBUG | Creating TO xact_unit: PLN -> USD, rate: 0.2592553381035627
2025-05-30 22:49:42,477 | DEBUG | Processing pair: USD 90 -> PLN 347 (Forex USD to PLN (Trade ID: 602860564))
2025-05-30 22:49:42,477 | DEBUG | Creating FROM xact_unit: USD -> PLN, rate: 3.8555555555555556
2025-05-30 22:49:42,477 | DEBUG | Creating TO xact_unit: PLN -> USD, rate: 0.25936599423631124
2025-05-30 22:49:42,478 | DEBUG | Processing pair: USD 700 -> PLN 2760 (Forex USD to PLN (Trade ID: 613305294))
2025-05-30 22:49:42,478 | DEBUG | Creating FROM xact_unit: USD -> PLN, rate: 3.942857142857143
2025-05-30 22:49:42,478 | DEBUG | Creating TO xact_unit: PLN -> USD, rate: 0.2536231884057971
2025-05-30 22:49:42,478 | DEBUG | Processing pair: USD 100 -> PLN 392 (Forex USD to PLN (Trade ID: 613305396))
2025-05-30 22:49:42,479 | DEBUG | Creating FROM xact_unit: USD -> PLN, rate: 3.92
2025-05-30 22:49:42,479 | DEBUG | Creating TO xact_unit: PLN -> USD, rate: 0.25510204081632654
2025-05-30 22:49:42,479 | DEBUG | Processing pair: USD 10 -> PLN 38 (Forex USD to PLN (Trade ID: 614800269))
2025-05-30 22:49:42,479 | DEBUG | Creating FROM xact_unit: USD -> PLN, rate: 3.8
2025-05-30 22:49:42,480 | DEBUG | Creating TO xact_unit: PLN -> USD, rate: 0.2631578947368421
2025-05-30 22:49:42,480 | DEBUG | Processing pair: USD 2 -> PLN 8 (Forex USD to PLN (Trade ID: 625558526))
2025-05-30 22:49:42,480 | DEBUG | Creating FROM xact_unit: USD -> PLN, rate: 4.0
2025-05-30 22:49:42,480 | DEBUG | Creating TO xact_unit: PLN -> USD, rate: 0.25
2025-05-30 22:49:42,480 | DEBUG | Processing pair: USD 181444 -> SEK 2019399 (Forex USD to SEK (Trade ID: 530944671))
2025-05-30 22:49:42,481 | DEBUG | Creating FROM xact_unit: USD -> SEK, rate: 11.12959921518485
2025-05-30 22:49:42,481 | DEBUG | Creating TO xact_unit: SEK -> USD, rate: 0.08985049512255874
2025-05-30 22:49:42,482 | DEBUG | Processing pair: USD 181229 -> SEK 2009993 (Forex USD to SEK (Trade ID: 531164614))
2025-05-30 22:49:42,482 | DEBUG | Creating FROM xact_unit: USD -> SEK, rate: 11.090901566526329
2025-05-30 22:49:42,482 | DEBUG | Creating TO xact_unit: SEK -> USD, rate: 0.09016399559600456
2025-05-30 22:49:42,483 | DEBUG | Processing pair: USD 4 -> SEK 45 (Forex USD to SEK (Trade ID: 531560652))
2025-05-30 22:49:42,483 | DEBUG | Creating FROM xact_unit: USD -> SEK, rate: 11.25
2025-05-30 22:49:42,484 | DEBUG | Creating TO xact_unit: SEK -> USD, rate: 0.08888888888888889
2025-05-30 22:49:42,484 | DEBUG | Processing pair: USD 183129 -> SEK 2000089 (Forex USD to SEK (Trade ID: 533242462))
2025-05-30 22:49:42,484 | DEBUG | Creating FROM xact_unit: USD -> SEK, rate: 10.921749149506631
2025-05-30 22:49:42,484 | DEBUG | Creating TO xact_unit: SEK -> USD, rate: 0.09156042556106253
2025-05-30 22:49:42,485 | DEBUG | Processing pair: USD 5 -> SEK 56 (Forex USD to SEK (Trade ID: 533829899))
2025-05-30 22:49:42,485 | DEBUG | Creating FROM xact_unit: USD -> SEK, rate: 11.2
2025-05-30 22:49:42,485 | DEBUG | Creating TO xact_unit: SEK -> USD, rate: 0.08928571428571429
2025-05-30 22:49:42,485 | DEBUG | Processing pair: USD 207237 -> SEK 2181294 (Forex USD to SEK (Trade ID: 535265833))
2025-05-30 22:49:42,486 | DEBUG | Creating FROM xact_unit: USD -> SEK, rate: 10.525601123351525
2025-05-30 22:49:42,486 | DEBUG | Creating TO xact_unit: SEK -> USD, rate: 0.0950064502996845
2025-05-30 22:49:42,486 | DEBUG | Processing pair: USD 5 -> SEK 49 (Forex USD to SEK (Trade ID: 535583391))
2025-05-30 22:49:42,486 | DEBUG | Creating FROM xact_unit: USD -> SEK, rate: 9.8
2025-05-30 22:49:42,487 | DEBUG | Creating TO xact_unit: SEK -> USD, rate: 0.10204081632653061
2025-05-30 22:49:42,487 | DEBUG | Processing pair: USD 63 -> SEK 654 (Forex USD to SEK (Trade ID: 537949859))
2025-05-30 22:49:42,487 | DEBUG | Creating FROM xact_unit: USD -> SEK, rate: 10.380952380952381
2025-05-30 22:49:42,487 | DEBUG | Creating TO xact_unit: SEK -> USD, rate: 0.0963302752293578
2025-05-30 22:49:42,488 | DEBUG | Processing pair: USD 227463 -> SEK 2341891 (Forex USD to SEK (Trade ID: 544404966))
2025-05-30 22:49:42,488 | DEBUG | Creating FROM xact_unit: USD -> SEK, rate: 10.295700839257373
2025-05-30 22:49:42,488 | DEBUG | Creating TO xact_unit: SEK -> USD, rate: 0.09712791927549147
2025-05-30 22:49:42,488 | DEBUG | Processing pair: USD 166500 -> SEK 1749174 (Forex USD to SEK (Trade ID: 544831505))
2025-05-30 22:49:42,489 | DEBUG | Creating FROM xact_unit: USD -> SEK, rate: 10.50554954954955
2025-05-30 22:49:42,489 | DEBUG | Creating TO xact_unit: SEK -> USD, rate: 0.09518778577774424
2025-05-30 22:49:42,489 | DEBUG | Processing pair: USD 4 -> SEK 45 (Forex USD to SEK (Trade ID: 545015399))
2025-05-30 22:49:42,489 | DEBUG | Creating FROM xact_unit: USD -> SEK, rate: 11.25
2025-05-30 22:49:42,489 | DEBUG | Creating TO xact_unit: SEK -> USD, rate: 0.08888888888888889
2025-05-30 22:49:42,490 | DEBUG | Processing pair: USD 66 -> SEK 693 (Forex USD to SEK (Trade ID: 549659525))
2025-05-30 22:49:42,490 | DEBUG | Creating FROM xact_unit: USD -> SEK, rate: 10.5
2025-05-30 22:49:42,490 | DEBUG | Creating TO xact_unit: SEK -> USD, rate: 0.09523809523809523
2025-05-30 22:49:42,490 | DEBUG | Processing pair: USD 109072 -> SEK 1129675 (Forex USD to SEK (Trade ID: 578438128))
2025-05-30 22:49:42,491 | DEBUG | Creating FROM xact_unit: USD -> SEK, rate: 10.357149405897022
2025-05-30 22:49:42,491 | DEBUG | Creating TO xact_unit: SEK -> USD, rate: 0.0965516630889415
2025-05-30 22:49:42,491 | DEBUG | Processing pair: USD 174200 -> SEK 1794626 (Forex USD to SEK (Trade ID: 579570514))
2025-05-30 22:49:42,492 | DEBUG | Creating FROM xact_unit: USD -> SEK, rate: 10.302101033295063
2025-05-30 22:49:42,492 | DEBUG | Creating TO xact_unit: SEK -> USD, rate: 0.09706757842581128
2025-05-30 22:49:42,492 | DEBUG | Processing pair: USD 35 -> SEK 361 (Forex USD to SEK (Trade ID: 579570693))
2025-05-30 22:49:42,493 | DEBUG | Creating FROM xact_unit: USD -> SEK, rate: 10.314285714285715
2025-05-30 22:49:42,493 | DEBUG | Creating TO xact_unit: SEK -> USD, rate: 0.09695290858725762
2025-05-30 22:49:42,493 | DEBUG | Processing pair: USD 46051 -> SEK 482191 (Forex USD to SEK (Trade ID: 582309933))
2025-05-30 22:49:42,494 | DEBUG | Creating FROM xact_unit: USD -> SEK, rate: 10.470804108488416
2025-05-30 22:49:42,494 | DEBUG | Creating TO xact_unit: SEK -> USD, rate: 0.09550364896897702
2025-05-30 22:49:42,495 | DEBUG | Processing pair: USD 2 -> SEK 16 (Forex USD to SEK (Trade ID: 583090777))
2025-05-30 22:49:42,497 | DEBUG | Creating FROM xact_unit: USD -> SEK, rate: 8.0
2025-05-30 22:49:42,498 | DEBUG | Creating TO xact_unit: SEK -> USD, rate: 0.125
2025-05-30 22:49:42,498 | DEBUG | Processing pair: USD 202 -> SEK 2113 (Forex USD to SEK (Trade ID: 585273866))
2025-05-30 22:49:42,498 | DEBUG | Creating FROM xact_unit: USD -> SEK, rate: 10.46039603960396
2025-05-30 22:49:42,499 | DEBUG | Creating TO xact_unit: SEK -> USD, rate: 0.0955986748698533
2025-05-30 22:49:42,499 | DEBUG | Processing pair: USD 94618 -> SEK 1024590 (Forex USD to SEK (Trade ID: 591795045))
2025-05-30 22:49:42,499 | DEBUG | Creating FROM xact_unit: USD -> SEK, rate: 10.828700670062778
2025-05-30 22:49:42,499 | DEBUG | Creating TO xact_unit: SEK -> USD, rate: 0.09234718277554925
2025-05-30 22:49:42,500 | DEBUG | Processing pair: USD 143 -> SEK 1533 (Forex USD to SEK (Trade ID: 592603612))
2025-05-30 22:49:42,500 | DEBUG | Creating FROM xact_unit: USD -> SEK, rate: 10.72027972027972
2025-05-30 22:49:42,501 | DEBUG | Creating TO xact_unit: SEK -> USD, rate: 0.09328114807566862
2025-05-30 22:49:42,501 | DEBUG | Processing pair: USD 145124 -> SEK 1555903 (Forex USD to SEK (Trade ID: 592603632))
2025-05-30 22:49:42,501 | DEBUG | Creating FROM xact_unit: USD -> SEK, rate: 10.721197045285411
2025-05-30 22:49:42,502 | DEBUG | Creating TO xact_unit: SEK -> USD, rate: 0.09327316677196458
2025-05-30 22:49:42,502 | DEBUG | Processing pair: USD 311940 -> SEK 3423198 (Forex USD to SEK (Trade ID: 627810554))
2025-05-30 22:49:42,503 | DEBUG | Creating FROM xact_unit: USD -> SEK, rate: 10.973898826697441
2025-05-30 22:49:42,503 | DEBUG | Creating TO xact_unit: SEK -> USD, rate: 0.09112531615173881
2025-05-30 22:49:42,503 | DEBUG | Processing pair: USD 1 -> SEK 13 (Forex USD to SEK (Trade ID: 629031436))
2025-05-30 22:49:42,504 | DEBUG | Creating FROM xact_unit: USD -> SEK, rate: 13.0
2025-05-30 22:49:42,504 | DEBUG | Creating TO xact_unit: SEK -> USD, rate: 0.07692307692307693
2025-05-30 22:49:42,505 | DEBUG | Processing pair: USD 124 -> SEK 1361 (Forex USD to SEK (Trade ID: 632090236))
2025-05-30 22:49:42,505 | DEBUG | Creating FROM xact_unit: USD -> SEK, rate: 10.975806451612904
2025-05-30 22:49:42,506 | DEBUG | Creating TO xact_unit: SEK -> USD, rate: 0.09110947832476121
2025-05-30 22:49:42,506 | DEBUG | Processing pair: USD 180913 -> SEK 1985918 (Forex USD to SEK (Trade ID: 632090251))
2025-05-30 22:49:42,506 | DEBUG | Creating FROM xact_unit: USD -> SEK, rate: 10.977198985147558
2025-05-30 22:49:42,507 | DEBUG | Creating TO xact_unit: SEK -> USD, rate: 0.09109792045794439
2025-05-30 22:49:42,507 | DEBUG | Processing pair: USD 8 -> SEK 88 (Forex USD to SEK (Trade ID: 632090255))
2025-05-30 22:49:42,507 | DEBUG | Creating FROM xact_unit: USD -> SEK, rate: 11.0
2025-05-30 22:49:42,508 | DEBUG | Creating TO xact_unit: SEK -> USD, rate: 0.09090909090909091
2025-05-30 22:49:42,508 | DEBUG | Processing pair: USD 42 -> SEK 459 (Forex USD to SEK (Trade ID: 636099632))
2025-05-30 22:49:42,508 | DEBUG | Creating FROM xact_unit: USD -> SEK, rate: 10.928571428571429
2025-05-30 22:49:42,509 | DEBUG | Creating TO xact_unit: SEK -> USD, rate: 0.0915032679738562
2025-05-30 22:49:42,509 | DEBUG | Processing pair: USD 166937 -> SEK 1826598 (Forex USD to SEK (Trade ID: 639771355))
2025-05-30 22:49:42,509 | DEBUG | Creating FROM xact_unit: USD -> SEK, rate: 10.941840334976668
2025-05-30 22:49:42,509 | DEBUG | Creating TO xact_unit: SEK -> USD, rate: 0.09139230416325869
2025-05-30 22:49:42,510 | DEBUG | Processing pair: USD 124 -> SEK 1356 (Forex USD to SEK (Trade ID: 639805046))
2025-05-30 22:49:42,510 | DEBUG | Creating FROM xact_unit: USD -> SEK, rate: 10.935483870967742
2025-05-30 22:49:42,510 | DEBUG | Creating TO xact_unit: SEK -> USD, rate: 0.09144542772861357
2025-05-30 22:49:42,511 | DEBUG | Processing pair: USD 15 -> SEK 164 (Forex USD to SEK (Trade ID: 639805051))
2025-05-30 22:49:42,511 | DEBUG | Creating FROM xact_unit: USD -> SEK, rate: 10.933333333333334
2025-05-30 22:49:42,511 | DEBUG | Creating TO xact_unit: SEK -> USD, rate: 0.09146341463414634
2025-05-30 22:49:42,512 | DEBUG | Processing pair: USD 126108 -> SEK 1378941 (Forex USD to SEK (Trade ID: 639805058))
2025-05-30 22:49:42,512 | DEBUG | Creating FROM xact_unit: USD -> SEK, rate: 10.934603673042155
2025-05-30 22:49:42,512 | DEBUG | Creating TO xact_unit: SEK -> USD, rate: 0.09145278877051302
2025-05-30 22:49:42,513 | DEBUG | Processing pair: USD 152621 -> SEK 1685096 (Forex USD to SEK (Trade ID: 643822077))
2025-05-30 22:49:42,513 | DEBUG | Creating FROM xact_unit: USD -> SEK, rate: 11.04104939687199
2025-05-30 22:49:42,514 | DEBUG | Creating TO xact_unit: SEK -> USD, rate: 0.09057110099365259
2025-05-30 22:49:42,514 | DEBUG | Processing pair: USD 18 -> SEK 201 (Forex USD to SEK (Trade ID: 647135416))
2025-05-30 22:49:42,514 | DEBUG | Creating FROM xact_unit: USD -> SEK, rate: 11.166666666666666
2025-05-30 22:49:42,514 | DEBUG | Creating TO xact_unit: SEK -> USD, rate: 0.08955223880597014
2025-05-30 22:49:42,515 | DEBUG | Processing pair: USD 18 -> SEK 197 (Forex USD to SEK (Trade ID: 657181751))
2025-05-30 22:49:42,515 | DEBUG | Creating FROM xact_unit: USD -> SEK, rate: 10.944444444444445
2025-05-30 22:49:42,515 | DEBUG | Creating TO xact_unit: SEK -> USD, rate: 0.09137055837563451
2025-05-30 22:49:42,515 | DEBUG | Processing pair: USD 48 -> SGD 63 (Forex USD to SGD (Trade ID: 249649091))
2025-05-30 22:49:42,516 | DEBUG | Creating FROM xact_unit: USD -> SGD, rate: 1.3125
2025-05-30 22:49:42,516 | DEBUG | Creating TO xact_unit: SGD -> USD, rate: 0.7619047619047619
2025-05-30 22:49:42,517 | DEBUG | Processing pair: USD 1 -> SGD 1 (Forex USD to SGD (Trade ID: 266212711))
2025-05-30 22:49:42,517 | DEBUG | Creating FROM xact_unit: USD -> SGD, rate: 1.0
2025-05-30 22:49:42,517 | DEBUG | Creating TO xact_unit: SGD -> USD, rate: 1.0
2025-05-30 22:49:42,518 | DEBUG | Processing pair: USD 13 -> SGD 18 (Forex USD to SGD (Trade ID: 320133433))
2025-05-30 22:49:42,518 | DEBUG | Creating FROM xact_unit: USD -> SGD, rate: 1.3846153846153846
2025-05-30 22:49:42,519 | DEBUG | Creating TO xact_unit: SGD -> USD, rate: 0.7222222222222222
2025-05-30 22:49:42,519 | DEBUG | Processing pair: USD 273 -> TWD 8831 (Forex USD to TWD (Trade ID: 580102804))
2025-05-30 22:49:42,519 | DEBUG | Creating FROM xact_unit: USD -> TWD, rate: 32.34798534798535
2025-05-30 22:49:42,519 | DEBUG | Creating TO xact_unit: TWD -> USD, rate: 0.03091382629373797
2025-05-30 22:49:42,520 | DEBUG | Processing pair: USD 128641 -> TWD 4163831 (Forex USD to TWD (Trade ID: 580475618))
2025-05-30 22:49:42,520 | DEBUG | Creating FROM xact_unit: USD -> TWD, rate: 32.36783762564035
2025-05-30 22:49:42,520 | DEBUG | Creating TO xact_unit: TWD -> USD, rate: 0.03089486580987557
2025-05-30 22:49:42,520 | DEBUG | Processing pair: USD 1 -> TWD 4 (Forex USD to TWD (Trade ID: 581705848))
2025-05-30 22:49:42,521 | DEBUG | Creating FROM xact_unit: USD -> TWD, rate: 4.0
2025-05-30 22:49:42,521 | DEBUG | Creating TO xact_unit: TWD -> USD, rate: 0.25
2025-05-30 22:49:42,521 | DEBUG | Processing pair: USD 1 -> TWD 2 (Forex USD to TWD (Trade ID: 582080318))
2025-05-30 22:49:42,521 | DEBUG | Creating FROM xact_unit: USD -> TWD, rate: 2.0
2025-05-30 22:49:42,522 | DEBUG | Creating TO xact_unit: TWD -> USD, rate: 0.5
2025-05-30 22:49:42,522 | DEBUG | Processing pair: USD 1 -> TWD 6 (Forex USD to TWD (Trade ID: 582441418))
2025-05-30 22:49:42,522 | DEBUG | Creating FROM xact_unit: USD -> TWD, rate: 6.0
2025-05-30 22:49:42,522 | DEBUG | Creating TO xact_unit: TWD -> USD, rate: 0.16666666666666666
2025-05-30 22:49:42,523 | DEBUG | Processing pair: USD 1 -> TWD 2 (Forex USD to TWD (Trade ID: 582760933))
2025-05-30 22:49:42,523 | DEBUG | Creating FROM xact_unit: USD -> TWD, rate: 2.0
2025-05-30 22:49:42,523 | DEBUG | Creating TO xact_unit: TWD -> USD, rate: 0.5
2025-05-30 22:49:42,524 | DEBUG | Processing pair: USD 1 -> TWD 2 (Forex USD to TWD (Trade ID: 583137465))
2025-05-30 22:49:42,524 | DEBUG | Creating FROM xact_unit: USD -> TWD, rate: 2.0
2025-05-30 22:49:42,524 | DEBUG | Creating TO xact_unit: TWD -> USD, rate: 0.5
2025-05-30 22:49:42,525 | DEBUG | Processing pair: USD 1 -> TWD 2 (Forex USD to TWD (Trade ID: 583494993))
2025-05-30 22:49:42,525 | DEBUG | Creating FROM xact_unit: USD -> TWD, rate: 2.0
2025-05-30 22:49:42,525 | DEBUG | Creating TO xact_unit: TWD -> USD, rate: 0.5
2025-05-30 22:49:42,525 | DEBUG | Processing pair: USD 1 -> TWD 2 (Forex USD to TWD (Trade ID: 583853027))
2025-05-30 22:49:42,526 | DEBUG | Creating FROM xact_unit: USD -> TWD, rate: 2.0
2025-05-30 22:49:42,526 | DEBUG | Creating TO xact_unit: TWD -> USD, rate: 0.5
2025-05-30 22:49:42,526 | DEBUG | Processing pair: USD 1 -> TWD 6 (Forex USD to TWD (Trade ID: 584184410))
2025-05-30 22:49:42,527 | DEBUG | Creating FROM xact_unit: USD -> TWD, rate: 6.0
2025-05-30 22:49:42,527 | DEBUG | Creating TO xact_unit: TWD -> USD, rate: 0.16666666666666666
2025-05-30 22:49:42,527 | DEBUG | Processing pair: USD 1 -> TWD 2 (Forex USD to TWD (Trade ID: 584511247))
2025-05-30 22:49:42,528 | DEBUG | Creating FROM xact_unit: USD -> TWD, rate: 2.0
2025-05-30 22:49:42,528 | DEBUG | Creating TO xact_unit: TWD -> USD, rate: 0.5
2025-05-30 22:49:42,528 | DEBUG | Processing pair: USD 1 -> TWD 2 (Forex USD to TWD (Trade ID: 584858003))
2025-05-30 22:49:42,529 | DEBUG | Creating FROM xact_unit: USD -> TWD, rate: 2.0
2025-05-30 22:49:42,529 | DEBUG | Creating TO xact_unit: TWD -> USD, rate: 0.5
2025-05-30 22:49:42,529 | DEBUG | Processing pair: USD 1 -> TWD 4 (Forex USD to TWD (Trade ID: 585332416))
2025-05-30 22:49:42,530 | DEBUG | Creating FROM xact_unit: USD -> TWD, rate: 4.0
2025-05-30 22:49:42,530 | DEBUG | Creating TO xact_unit: TWD -> USD, rate: 0.25
2025-05-30 22:49:42,530 | DEBUG | Processing pair: USD 1 -> TWD 6 (Forex USD to TWD (Trade ID: 585692673))
2025-05-30 22:49:42,530 | DEBUG | Creating FROM xact_unit: USD -> TWD, rate: 6.0
2025-05-30 22:49:42,530 | DEBUG | Creating TO xact_unit: TWD -> USD, rate: 0.16666666666666666
2025-05-30 22:49:42,530 | DEBUG | Processing pair: USD 1 -> TWD 2 (Forex USD to TWD (Trade ID: 586063697))
2025-05-30 22:49:42,531 | DEBUG | Creating FROM xact_unit: USD -> TWD, rate: 2.0
2025-05-30 22:49:42,531 | DEBUG | Creating TO xact_unit: TWD -> USD, rate: 0.5
2025-05-30 22:49:42,531 | DEBUG | Processing pair: USD 1 -> TWD 2 (Forex USD to TWD (Trade ID: 586862878))
2025-05-30 22:49:42,531 | DEBUG | Creating FROM xact_unit: USD -> TWD, rate: 2.0
2025-05-30 22:49:42,532 | DEBUG | Creating TO xact_unit: TWD -> USD, rate: 0.5
2025-05-30 22:49:42,532 | DEBUG | Processing pair: USD 1 -> TWD 2 (Forex USD to TWD (Trade ID: 586952225))
2025-05-30 22:49:42,532 | DEBUG | Creating FROM xact_unit: USD -> TWD, rate: 2.0
2025-05-30 22:49:42,532 | DEBUG | Creating TO xact_unit: TWD -> USD, rate: 0.5
2025-05-30 22:49:42,532 | DEBUG | Processing pair: USD 1 -> TWD 2 (Forex USD to TWD (Trade ID: 587371390))
2025-05-30 22:49:42,533 | DEBUG | Creating FROM xact_unit: USD -> TWD, rate: 2.0
2025-05-30 22:49:42,533 | DEBUG | Creating TO xact_unit: TWD -> USD, rate: 0.5
2025-05-30 22:49:42,533 | DEBUG | Processing pair: USD 1 -> TWD 6 (Forex USD to TWD (Trade ID: 587788106))
2025-05-30 22:49:42,534 | DEBUG | Creating FROM xact_unit: USD -> TWD, rate: 6.0
2025-05-30 22:49:42,534 | DEBUG | Creating TO xact_unit: TWD -> USD, rate: 0.16666666666666666
2025-05-30 22:49:42,534 | DEBUG | Processing pair: USD 1 -> TWD 2 (Forex USD to TWD (Trade ID: 588160186))
2025-05-30 22:49:42,535 | DEBUG | Creating FROM xact_unit: USD -> TWD, rate: 2.0
2025-05-30 22:49:42,535 | DEBUG | Creating TO xact_unit: TWD -> USD, rate: 0.5
2025-05-30 22:49:42,535 | DEBUG | Processing pair: USD 1 -> TWD 2 (Forex USD to TWD (Trade ID: 588633182))
2025-05-30 22:49:42,535 | DEBUG | Creating FROM xact_unit: USD -> TWD, rate: 2.0
2025-05-30 22:49:42,536 | DEBUG | Creating TO xact_unit: TWD -> USD, rate: 0.5
2025-05-30 22:49:42,536 | DEBUG | Processing pair: USD 1 -> TWD 2 (Forex USD to TWD (Trade ID: 589091601))
2025-05-30 22:49:42,536 | DEBUG | Creating FROM xact_unit: USD -> TWD, rate: 2.0
2025-05-30 22:49:42,536 | DEBUG | Creating TO xact_unit: TWD -> USD, rate: 0.5
2025-05-30 22:49:42,536 | DEBUG | Processing pair: USD 1 -> TWD 1 (Forex USD to TWD (Trade ID: 589516852))
2025-05-30 22:49:42,537 | DEBUG | Creating FROM xact_unit: USD -> TWD, rate: 1.0
2025-05-30 22:49:42,537 | DEBUG | Creating TO xact_unit: TWD -> USD, rate: 1.0
2025-05-30 22:49:42,537 | DEBUG | Processing pair: USD 1 -> TWD 3 (Forex USD to TWD (Trade ID: 589896020))
2025-05-30 22:49:42,538 | DEBUG | Creating FROM xact_unit: USD -> TWD, rate: 3.0
2025-05-30 22:49:42,538 | DEBUG | Creating TO xact_unit: TWD -> USD, rate: 0.3333333333333333
2025-05-30 22:49:42,538 | DEBUG | Processing pair: USD 1 -> TWD 1 (Forex USD to TWD (Trade ID: 591180013))
2025-05-30 22:49:42,539 | DEBUG | Creating FROM xact_unit: USD -> TWD, rate: 1.0
2025-05-30 22:49:42,539 | DEBUG | Creating TO xact_unit: TWD -> USD, rate: 1.0
2025-05-30 22:49:42,539 | DEBUG | Processing pair: USD 1 -> TWD 1 (Forex USD to TWD (Trade ID: 591180542))
2025-05-30 22:49:42,540 | DEBUG | Creating FROM xact_unit: USD -> TWD, rate: 1.0
2025-05-30 22:49:42,540 | DEBUG | Creating TO xact_unit: TWD -> USD, rate: 1.0
2025-05-30 22:49:42,540 | DEBUG | Processing pair: USD 1 -> TWD 3 (Forex USD to TWD (Trade ID: 591610161))
2025-05-30 22:49:42,541 | DEBUG | Creating FROM xact_unit: USD -> TWD, rate: 3.0
2025-05-30 22:49:42,541 | DEBUG | Creating TO xact_unit: TWD -> USD, rate: 0.3333333333333333
2025-05-30 22:49:42,541 | DEBUG | Processing pair: USD 1 -> TWD 3 (Forex USD to TWD (Trade ID: 591965418))
2025-05-30 22:49:42,541 | DEBUG | Creating FROM xact_unit: USD -> TWD, rate: 3.0
2025-05-30 22:49:42,541 | DEBUG | Creating TO xact_unit: TWD -> USD, rate: 0.3333333333333333
2025-05-30 22:49:42,542 | DEBUG | Processing pair: USD 1 -> TWD 1 (Forex USD to TWD (Trade ID: 592393198))
2025-05-30 22:49:42,542 | DEBUG | Creating FROM xact_unit: USD -> TWD, rate: 1.0
2025-05-30 22:49:42,542 | DEBUG | Creating TO xact_unit: TWD -> USD, rate: 1.0
2025-05-30 22:49:42,542 | DEBUG | Processing pair: USD 1 -> TWD 1 (Forex USD to TWD (Trade ID: 593366689))
2025-05-30 22:49:42,543 | DEBUG | Creating FROM xact_unit: USD -> TWD, rate: 1.0
2025-05-30 22:49:42,543 | DEBUG | Creating TO xact_unit: TWD -> USD, rate: 1.0
2025-05-30 22:49:42,544 | DEBUG | Processing pair: USD 1 -> TWD 1 (Forex USD to TWD (Trade ID: 594008794))
2025-05-30 22:49:42,544 | DEBUG | Creating FROM xact_unit: USD -> TWD, rate: 1.0
2025-05-30 22:49:42,544 | DEBUG | Creating TO xact_unit: TWD -> USD, rate: 1.0
2025-05-30 22:49:42,545 | DEBUG | Processing pair: USD 1 -> TWD 3 (Forex USD to TWD (Trade ID: 594764543))
2025-05-30 22:49:42,545 | DEBUG | Creating FROM xact_unit: USD -> TWD, rate: 3.0
2025-05-30 22:49:42,545 | DEBUG | Creating TO xact_unit: TWD -> USD, rate: 0.3333333333333333
2025-05-30 22:49:42,545 | DEBUG | Processing pair: USD 1 -> TWD 1 (Forex USD to TWD (Trade ID: 595218156))
2025-05-30 22:49:42,546 | DEBUG | Creating FROM xact_unit: USD -> TWD, rate: 1.0
2025-05-30 22:49:42,546 | DEBUG | Creating TO xact_unit: TWD -> USD, rate: 1.0
2025-05-30 22:49:42,546 | DEBUG | Processing pair: USD 1 -> TWD 1 (Forex USD to TWD (Trade ID: 595648125))
2025-05-30 22:49:42,547 | DEBUG | Creating FROM xact_unit: USD -> TWD, rate: 1.0
2025-05-30 22:49:42,547 | DEBUG | Creating TO xact_unit: TWD -> USD, rate: 1.0
2025-05-30 22:49:42,547 | DEBUG | Processing pair: USD 1 -> TWD 1 (Forex USD to TWD (Trade ID: 596061538))
2025-05-30 22:49:42,547 | DEBUG | Creating FROM xact_unit: USD -> TWD, rate: 1.0
2025-05-30 22:49:42,548 | DEBUG | Creating TO xact_unit: TWD -> USD, rate: 1.0
2025-05-30 22:49:42,548 | DEBUG | Processing pair: USD 1 -> TWD 1 (Forex USD to TWD (Trade ID: 596380750))
2025-05-30 22:49:42,549 | DEBUG | Creating FROM xact_unit: USD -> TWD, rate: 1.0
2025-05-30 22:49:42,549 | DEBUG | Creating TO xact_unit: TWD -> USD, rate: 1.0
2025-05-30 22:49:42,549 | DEBUG | Processing pair: USD 1 -> TWD 3 (Forex USD to TWD (Trade ID: 596704553))
2025-05-30 22:49:42,550 | DEBUG | Creating FROM xact_unit: USD -> TWD, rate: 3.0
2025-05-30 22:49:42,550 | DEBUG | Creating TO xact_unit: TWD -> USD, rate: 0.3333333333333333
2025-05-30 22:49:42,550 | DEBUG | Processing pair: USD 1 -> TWD 1 (Forex USD to TWD (Trade ID: 597031713))
2025-05-30 22:49:42,551 | DEBUG | Creating FROM xact_unit: USD -> TWD, rate: 1.0
2025-05-30 22:49:42,551 | DEBUG | Creating TO xact_unit: TWD -> USD, rate: 1.0
2025-05-30 22:49:42,551 | DEBUG | Processing pair: USD 1 -> TWD 1 (Forex USD to TWD (Trade ID: 597392836))
2025-05-30 22:49:42,551 | DEBUG | Creating FROM xact_unit: USD -> TWD, rate: 1.0
2025-05-30 22:49:42,552 | DEBUG | Creating TO xact_unit: TWD -> USD, rate: 1.0
2025-05-30 22:49:42,552 | DEBUG | Processing pair: USD 1 -> TWD 1 (Forex USD to TWD (Trade ID: 597800052))
2025-05-30 22:49:42,552 | DEBUG | Creating FROM xact_unit: USD -> TWD, rate: 1.0
2025-05-30 22:49:42,552 | DEBUG | Creating TO xact_unit: TWD -> USD, rate: 1.0
2025-05-30 22:49:42,552 | DEBUG | Processing pair: USD 1 -> TWD 1 (Forex USD to TWD (Trade ID: 598189275))
2025-05-30 22:49:42,553 | DEBUG | Creating FROM xact_unit: USD -> TWD, rate: 1.0
2025-05-30 22:49:42,553 | DEBUG | Creating TO xact_unit: TWD -> USD, rate: 1.0
2025-05-30 22:49:42,553 | DEBUG | Processing pair: USD 1 -> TWD 3 (Forex USD to TWD (Trade ID: 598550386))
2025-05-30 22:49:42,553 | DEBUG | Creating FROM xact_unit: USD -> TWD, rate: 3.0
2025-05-30 22:49:42,554 | DEBUG | Creating TO xact_unit: TWD -> USD, rate: 0.3333333333333333
2025-05-30 22:49:42,554 | DEBUG | Processing pair: USD 1 -> TWD 1 (Forex USD to TWD (Trade ID: 598916079))
2025-05-30 22:49:42,554 | DEBUG | Creating FROM xact_unit: USD -> TWD, rate: 1.0
2025-05-30 22:49:42,554 | DEBUG | Creating TO xact_unit: TWD -> USD, rate: 1.0
2025-05-30 22:49:42,554 | DEBUG | Processing pair: USD 1 -> TWD 1 (Forex USD to TWD (Trade ID: 599246984))
2025-05-30 22:49:42,555 | DEBUG | Creating FROM xact_unit: USD -> TWD, rate: 1.0
2025-05-30 22:49:42,555 | DEBUG | Creating TO xact_unit: TWD -> USD, rate: 1.0
2025-05-30 22:49:42,555 | DEBUG | Processing pair: USD 1 -> TWD 1 (Forex USD to TWD (Trade ID: 599645919))
2025-05-30 22:49:42,555 | DEBUG | Creating FROM xact_unit: USD -> TWD, rate: 1.0
2025-05-30 22:49:42,555 | DEBUG | Creating TO xact_unit: TWD -> USD, rate: 1.0
2025-05-30 22:49:42,556 | DEBUG | Processing pair: USD 1 -> TWD 1 (Forex USD to TWD (Trade ID: 600074224))
2025-05-30 22:49:42,556 | DEBUG | Creating FROM xact_unit: USD -> TWD, rate: 1.0
2025-05-30 22:49:42,556 | DEBUG | Creating TO xact_unit: TWD -> USD, rate: 1.0
2025-05-30 22:49:42,556 | DEBUG | Processing pair: USD 1 -> TWD 3 (Forex USD to TWD (Trade ID: 600460799))
2025-05-30 22:49:42,556 | DEBUG | Creating FROM xact_unit: USD -> TWD, rate: 3.0
2025-05-30 22:49:42,557 | DEBUG | Creating TO xact_unit: TWD -> USD, rate: 0.3333333333333333
2025-05-30 22:49:42,557 | DEBUG | Processing pair: USD 1 -> TWD 1 (Forex USD to TWD (Trade ID: 600789157))
2025-05-30 22:49:42,557 | DEBUG | Creating FROM xact_unit: USD -> TWD, rate: 1.0
2025-05-30 22:49:42,557 | DEBUG | Creating TO xact_unit: TWD -> USD, rate: 1.0
2025-05-30 22:49:42,558 | DEBUG | Processing pair: USD 1 -> TWD 1 (Forex USD to TWD (Trade ID: 601212892))
2025-05-30 22:49:42,558 | DEBUG | Creating FROM xact_unit: USD -> TWD, rate: 1.0
2025-05-30 22:49:42,558 | DEBUG | Creating TO xact_unit: TWD -> USD, rate: 1.0
2025-05-30 22:49:42,559 | DEBUG | Processing pair: USD 1 -> TWD 1 (Forex USD to TWD (Trade ID: 601653026))
2025-05-30 22:49:42,559 | DEBUG | Creating FROM xact_unit: USD -> TWD, rate: 1.0
2025-05-30 22:49:42,559 | DEBUG | Creating TO xact_unit: TWD -> USD, rate: 1.0
2025-05-30 22:49:42,560 | DEBUG | Processing pair: USD 1 -> TWD 1 (Forex USD to TWD (Trade ID: 602033781))
2025-05-30 22:49:42,560 | DEBUG | Creating FROM xact_unit: USD -> TWD, rate: 1.0
2025-05-30 22:49:42,561 | DEBUG | Creating TO xact_unit: TWD -> USD, rate: 1.0
2025-05-30 22:49:42,561 | DEBUG | Processing pair: USD 1 -> TWD 4 (Forex USD to TWD (Trade ID: 602528645))
2025-05-30 22:49:42,561 | DEBUG | Creating FROM xact_unit: USD -> TWD, rate: 4.0
2025-05-30 22:49:42,561 | DEBUG | Creating TO xact_unit: TWD -> USD, rate: 0.25
2025-05-30 22:49:42,562 | DEBUG | Processing pair: USD 1 -> TWD 1 (Forex USD to TWD (Trade ID: 602899180))
2025-05-30 22:49:42,562 | DEBUG | Creating FROM xact_unit: USD -> TWD, rate: 1.0
2025-05-30 22:49:42,562 | DEBUG | Creating TO xact_unit: TWD -> USD, rate: 1.0
2025-05-30 22:49:42,562 | DEBUG | Processing pair: USD 1 -> TWD 1 (Forex USD to TWD (Trade ID: 603237702))
2025-05-30 22:49:42,563 | DEBUG | Creating FROM xact_unit: USD -> TWD, rate: 1.0
2025-05-30 22:49:42,563 | DEBUG | Creating TO xact_unit: TWD -> USD, rate: 1.0
2025-05-30 22:49:42,563 | DEBUG | Processing pair: USD 1 -> TWD 1 (Forex USD to TWD (Trade ID: 603724061))
2025-05-30 22:49:42,564 | DEBUG | Creating FROM xact_unit: USD -> TWD, rate: 1.0
2025-05-30 22:49:42,564 | DEBUG | Creating TO xact_unit: TWD -> USD, rate: 1.0
2025-05-30 22:49:42,564 | DEBUG | Processing pair: USD 1 -> TWD 3 (Forex USD to TWD (Trade ID: 604082096))
2025-05-30 22:49:42,564 | DEBUG | Creating FROM xact_unit: USD -> TWD, rate: 3.0
2025-05-30 22:49:42,565 | DEBUG | Creating TO xact_unit: TWD -> USD, rate: 0.3333333333333333
2025-05-30 22:49:42,565 | DEBUG | Processing pair: USD 1 -> TWD 1 (Forex USD to TWD (Trade ID: 604410362))
2025-05-30 22:49:42,565 | DEBUG | Creating FROM xact_unit: USD -> TWD, rate: 1.0
2025-05-30 22:49:42,565 | DEBUG | Creating TO xact_unit: TWD -> USD, rate: 1.0
2025-05-30 22:49:42,565 | DEBUG | Processing pair: USD 1 -> TWD 1 (Forex USD to TWD (Trade ID: 604833008))
2025-05-30 22:49:42,566 | DEBUG | Creating FROM xact_unit: USD -> TWD, rate: 1.0
2025-05-30 22:49:42,566 | DEBUG | Creating TO xact_unit: TWD -> USD, rate: 1.0
2025-05-30 22:49:42,566 | DEBUG | Processing pair: USD 1 -> TWD 1 (Forex USD to TWD (Trade ID: 605219411))
2025-05-30 22:49:42,566 | DEBUG | Creating FROM xact_unit: USD -> TWD, rate: 1.0
2025-05-30 22:49:42,566 | DEBUG | Creating TO xact_unit: TWD -> USD, rate: 1.0
2025-05-30 22:49:42,567 | DEBUG | Processing pair: USD 1 -> TWD 1 (Forex USD to TWD (Trade ID: 605559977))
2025-05-30 22:49:42,567 | DEBUG | Creating FROM xact_unit: USD -> TWD, rate: 1.0
2025-05-30 22:49:42,567 | DEBUG | Creating TO xact_unit: TWD -> USD, rate: 1.0
2025-05-30 22:49:42,567 | DEBUG | Processing pair: USD 1 -> TWD 3 (Forex USD to TWD (Trade ID: 606169419))
2025-05-30 22:49:42,568 | DEBUG | Creating FROM xact_unit: USD -> TWD, rate: 3.0
2025-05-30 22:49:42,568 | DEBUG | Creating TO xact_unit: TWD -> USD, rate: 0.3333333333333333
2025-05-30 22:49:42,568 | DEBUG | Processing pair: USD 1 -> TWD 2 (Forex USD to TWD (Trade ID: 606523740))
2025-05-30 22:49:42,569 | DEBUG | Creating FROM xact_unit: USD -> TWD, rate: 2.0
2025-05-30 22:49:42,569 | DEBUG | Creating TO xact_unit: TWD -> USD, rate: 0.5
2025-05-30 22:49:42,569 | DEBUG | Processing pair: USD 1 -> TWD 1 (Forex USD to TWD (Trade ID: 606985090))
2025-05-30 22:49:42,570 | DEBUG | Creating FROM xact_unit: USD -> TWD, rate: 1.0
2025-05-30 22:49:42,570 | DEBUG | Creating TO xact_unit: TWD -> USD, rate: 1.0
2025-05-30 22:49:42,570 | DEBUG | Processing pair: USD 1 -> TWD 1 (Forex USD to TWD (Trade ID: 607373199))
2025-05-30 22:49:42,570 | DEBUG | Creating FROM xact_unit: USD -> TWD, rate: 1.0
2025-05-30 22:49:42,571 | DEBUG | Creating TO xact_unit: TWD -> USD, rate: 1.0
2025-05-30 22:49:42,571 | DEBUG | Processing pair: USD 1 -> TWD 3 (Forex USD to TWD (Trade ID: 607758101))
2025-05-30 22:49:42,571 | DEBUG | Creating FROM xact_unit: USD -> TWD, rate: 3.0
2025-05-30 22:49:42,572 | DEBUG | Creating TO xact_unit: TWD -> USD, rate: 0.3333333333333333
2025-05-30 22:49:42,572 | DEBUG | Processing pair: USD 1 -> TWD 1 (Forex USD to TWD (Trade ID: 608286079))
2025-05-30 22:49:42,572 | DEBUG | Creating FROM xact_unit: USD -> TWD, rate: 1.0
2025-05-30 22:49:42,572 | DEBUG | Creating TO xact_unit: TWD -> USD, rate: 1.0
2025-05-30 22:49:42,573 | DEBUG | Processing pair: USD 1 -> TWD 1 (Forex USD to TWD (Trade ID: 608701936))
2025-05-30 22:49:42,573 | DEBUG | Creating FROM xact_unit: USD -> TWD, rate: 1.0
2025-05-30 22:49:42,573 | DEBUG | Creating TO xact_unit: TWD -> USD, rate: 1.0
2025-05-30 22:49:42,574 | DEBUG | Processing pair: USD 1 -> TWD 1 (Forex USD to TWD (Trade ID: 609474423))
2025-05-30 22:49:42,574 | DEBUG | Creating FROM xact_unit: USD -> TWD, rate: 1.0
2025-05-30 22:49:42,574 | DEBUG | Creating TO xact_unit: TWD -> USD, rate: 1.0
2025-05-30 22:49:42,574 | DEBUG | Processing pair: USD 1 -> TWD 1 (Forex USD to TWD (Trade ID: 610198272))
2025-05-30 22:49:42,575 | DEBUG | Creating FROM xact_unit: USD -> TWD, rate: 1.0
2025-05-30 22:49:42,575 | DEBUG | Creating TO xact_unit: TWD -> USD, rate: 1.0
2025-05-30 22:49:42,575 | DEBUG | Processing pair: USD 1 -> TWD 3 (Forex USD to TWD (Trade ID: 610806801))
2025-05-30 22:49:42,576 | DEBUG | Creating FROM xact_unit: USD -> TWD, rate: 3.0
2025-05-30 22:49:42,576 | DEBUG | Creating TO xact_unit: TWD -> USD, rate: 0.3333333333333333
2025-05-30 22:49:42,576 | DEBUG | Processing pair: USD 1 -> TWD 1 (Forex USD to TWD (Trade ID: 612794039))
2025-05-30 22:49:42,576 | DEBUG | Creating FROM xact_unit: USD -> TWD, rate: 1.0
2025-05-30 22:49:42,576 | DEBUG | Creating TO xact_unit: TWD -> USD, rate: 1.0
2025-05-30 22:49:42,577 | DEBUG | Processing pair: USD 1 -> TWD 1 (Forex USD to TWD (Trade ID: 612794310))
2025-05-30 22:49:42,577 | DEBUG | Creating FROM xact_unit: USD -> TWD, rate: 1.0
2025-05-30 22:49:42,577 | DEBUG | Creating TO xact_unit: TWD -> USD, rate: 1.0
2025-05-30 22:49:42,577 | DEBUG | Processing pair: USD 1 -> TWD 3 (Forex USD to TWD (Trade ID: 613473249))
2025-05-30 22:49:42,578 | DEBUG | Creating FROM xact_unit: USD -> TWD, rate: 3.0
2025-05-30 22:49:42,578 | DEBUG | Creating TO xact_unit: TWD -> USD, rate: 0.3333333333333333
2025-05-30 22:49:42,578 | DEBUG | Processing pair: USD 1 -> TWD 3 (Forex USD to TWD (Trade ID: 614298431))
2025-05-30 22:49:42,579 | DEBUG | Creating FROM xact_unit: USD -> TWD, rate: 3.0
2025-05-30 22:49:42,579 | DEBUG | Creating TO xact_unit: TWD -> USD, rate: 0.3333333333333333
2025-05-30 22:49:42,579 | DEBUG | Processing pair: USD 1 -> TWD 1 (Forex USD to TWD (Trade ID: 614977652))
2025-05-30 22:49:42,579 | DEBUG | Creating FROM xact_unit: USD -> TWD, rate: 1.0
2025-05-30 22:49:42,579 | DEBUG | Creating TO xact_unit: TWD -> USD, rate: 1.0
2025-05-30 22:49:42,580 | DEBUG | Processing pair: USD 1 -> TWD 1 (Forex USD to TWD (Trade ID: 615918977))
2025-05-30 22:49:42,580 | DEBUG | Creating FROM xact_unit: USD -> TWD, rate: 1.0
2025-05-30 22:49:42,580 | DEBUG | Creating TO xact_unit: TWD -> USD, rate: 1.0
2025-05-30 22:49:42,580 | DEBUG | Processing pair: USD 1 -> TWD 2 (Forex USD to TWD (Trade ID: 616372767))
2025-05-30 22:49:42,581 | DEBUG | Creating FROM xact_unit: USD -> TWD, rate: 2.0
2025-05-30 22:49:42,581 | DEBUG | Creating TO xact_unit: TWD -> USD, rate: 0.5
2025-05-30 22:49:42,581 | DEBUG | Processing pair: USD 1 -> TWD 6 (Forex USD to TWD (Trade ID: 616855278))
2025-05-30 22:49:42,582 | DEBUG | Creating FROM xact_unit: USD -> TWD, rate: 6.0
2025-05-30 22:49:42,582 | DEBUG | Creating TO xact_unit: TWD -> USD, rate: 0.16666666666666666
2025-05-30 22:49:42,582 | DEBUG | Processing pair: USD 1 -> TWD 2 (Forex USD to TWD (Trade ID: 617448537))
2025-05-30 22:49:42,583 | DEBUG | Creating FROM xact_unit: USD -> TWD, rate: 2.0
2025-05-30 22:49:42,583 | DEBUG | Creating TO xact_unit: TWD -> USD, rate: 0.5
2025-05-30 22:49:42,583 | DEBUG | Processing pair: USD 1 -> TWD 2 (Forex USD to TWD (Trade ID: 617882910))
2025-05-30 22:49:42,584 | DEBUG | Creating FROM xact_unit: USD -> TWD, rate: 2.0
2025-05-30 22:49:42,584 | DEBUG | Creating TO xact_unit: TWD -> USD, rate: 0.5
2025-05-30 22:49:42,584 | DEBUG | Processing pair: USD 1 -> TWD 1 (Forex USD to TWD (Trade ID: 618368240))
2025-05-30 22:49:42,585 | DEBUG | Creating FROM xact_unit: USD -> TWD, rate: 1.0
2025-05-30 22:49:42,585 | DEBUG | Creating TO xact_unit: TWD -> USD, rate: 1.0
2025-05-30 22:49:42,585 | DEBUG | Processing pair: USD 1 -> TWD 1 (Forex USD to TWD (Trade ID: 618850111))
2025-05-30 22:49:42,585 | DEBUG | Creating FROM xact_unit: USD -> TWD, rate: 1.0
2025-05-30 22:49:42,586 | DEBUG | Creating TO xact_unit: TWD -> USD, rate: 1.0
2025-05-30 22:49:42,586 | DEBUG | Processing pair: USD 1 -> TWD 6 (Forex USD to TWD (Trade ID: 619283582))
2025-05-30 22:49:42,586 | DEBUG | Creating FROM xact_unit: USD -> TWD, rate: 6.0
2025-05-30 22:49:42,586 | DEBUG | Creating TO xact_unit: TWD -> USD, rate: 0.16666666666666666
2025-05-30 22:49:42,587 | DEBUG | Processing pair: USD 1 -> TWD 2 (Forex USD to TWD (Trade ID: 619678952))
2025-05-30 22:49:42,587 | DEBUG | Creating FROM xact_unit: USD -> TWD, rate: 2.0
2025-05-30 22:49:42,587 | DEBUG | Creating TO xact_unit: TWD -> USD, rate: 0.5
2025-05-30 22:49:42,587 | DEBUG | Processing pair: USD 1 -> TWD 2 (Forex USD to TWD (Trade ID: 620129221))
2025-05-30 22:49:42,588 | DEBUG | Creating FROM xact_unit: USD -> TWD, rate: 2.0
2025-05-30 22:49:42,588 | DEBUG | Creating TO xact_unit: TWD -> USD, rate: 0.5
2025-05-30 22:49:42,588 | DEBUG | Processing pair: USD 1 -> TWD 2 (Forex USD to TWD (Trade ID: 620566234))
2025-05-30 22:49:42,589 | DEBUG | Creating FROM xact_unit: USD -> TWD, rate: 2.0
2025-05-30 22:49:42,589 | DEBUG | Creating TO xact_unit: TWD -> USD, rate: 0.5
2025-05-30 22:49:42,589 | DEBUG | Processing pair: USD 1 -> TWD 1 (Forex USD to TWD (Trade ID: 621040052))
2025-05-30 22:49:42,589 | DEBUG | Creating FROM xact_unit: USD -> TWD, rate: 1.0
2025-05-30 22:49:42,589 | DEBUG | Creating TO xact_unit: TWD -> USD, rate: 1.0
2025-05-30 22:49:42,590 | DEBUG | Processing pair: USD 1 -> TWD 6 (Forex USD to TWD (Trade ID: 621496210))
2025-05-30 22:49:42,590 | DEBUG | Creating FROM xact_unit: USD -> TWD, rate: 6.0
2025-05-30 22:49:42,590 | DEBUG | Creating TO xact_unit: TWD -> USD, rate: 0.16666666666666666
2025-05-30 22:49:42,590 | DEBUG | Processing pair: USD 1 -> TWD 2 (Forex USD to TWD (Trade ID: 621987233))
2025-05-30 22:49:42,591 | DEBUG | Creating FROM xact_unit: USD -> TWD, rate: 2.0
2025-05-30 22:49:42,591 | DEBUG | Creating TO xact_unit: TWD -> USD, rate: 0.5
2025-05-30 22:49:42,591 | DEBUG | Processing pair: USD 1 -> TWD 2 (Forex USD to TWD (Trade ID: 623031805))
2025-05-30 22:49:42,592 | DEBUG | Creating FROM xact_unit: USD -> TWD, rate: 2.0
2025-05-30 22:49:42,592 | DEBUG | Creating TO xact_unit: TWD -> USD, rate: 0.5
2025-05-30 22:49:42,593 | DEBUG | Processing pair: USD 1 -> TWD 4 (Forex USD to TWD (Trade ID: 623468291))
2025-05-30 22:49:42,593 | DEBUG | Creating FROM xact_unit: USD -> TWD, rate: 4.0
2025-05-30 22:49:42,594 | DEBUG | Creating TO xact_unit: TWD -> USD, rate: 0.25
2025-05-30 22:49:42,594 | DEBUG | Processing pair: USD 1 -> TWD 6 (Forex USD to TWD (Trade ID: 623861831))
2025-05-30 22:49:42,594 | DEBUG | Creating FROM xact_unit: USD -> TWD, rate: 6.0
2025-05-30 22:49:42,595 | DEBUG | Creating TO xact_unit: TWD -> USD, rate: 0.16666666666666666
2025-05-30 22:49:42,595 | DEBUG | Processing pair: USD 1 -> TWD 2 (Forex USD to TWD (Trade ID: 624349701))
2025-05-30 22:49:42,595 | DEBUG | Creating FROM xact_unit: USD -> TWD, rate: 2.0
2025-05-30 22:49:42,596 | DEBUG | Creating TO xact_unit: TWD -> USD, rate: 0.5
2025-05-30 22:49:42,596 | DEBUG | Processing pair: USD 1 -> TWD 2 (Forex USD to TWD (Trade ID: 625034378))
2025-05-30 22:49:42,596 | DEBUG | Creating FROM xact_unit: USD -> TWD, rate: 2.0
2025-05-30 22:49:42,596 | DEBUG | Creating TO xact_unit: TWD -> USD, rate: 0.5
2025-05-30 22:49:42,597 | DEBUG | Processing pair: USD 1 -> TWD 2 (Forex USD to TWD (Trade ID: 625645503))
2025-05-30 22:49:42,597 | DEBUG | Creating FROM xact_unit: USD -> TWD, rate: 2.0
2025-05-30 22:49:42,597 | DEBUG | Creating TO xact_unit: TWD -> USD, rate: 0.5
2025-05-30 22:49:42,597 | DEBUG | Processing pair: USD 1 -> TWD 2 (Forex USD to TWD (Trade ID: 626281829))
2025-05-30 22:49:42,598 | DEBUG | Creating FROM xact_unit: USD -> TWD, rate: 2.0
2025-05-30 22:49:42,598 | DEBUG | Creating TO xact_unit: TWD -> USD, rate: 0.5
2025-05-30 22:49:42,598 | DEBUG | Processing pair: USD 1 -> TWD 3 (Forex USD to TWD (Trade ID: 626931970))
2025-05-30 22:49:42,598 | DEBUG | Creating FROM xact_unit: USD -> TWD, rate: 3.0
2025-05-30 22:49:42,599 | DEBUG | Creating TO xact_unit: TWD -> USD, rate: 0.3333333333333333
2025-05-30 22:49:42,599 | DEBUG | Processing pair: USD 1 -> TWD 2 (Forex USD to TWD (Trade ID: 627539358))
2025-05-30 22:49:42,599 | DEBUG | Creating FROM xact_unit: USD -> TWD, rate: 2.0
2025-05-30 22:49:42,599 | DEBUG | Creating TO xact_unit: TWD -> USD, rate: 0.5
2025-05-30 22:49:42,600 | DEBUG | Processing pair: USD 1 -> TWD 1 (Forex USD to TWD (Trade ID: 628083616))
2025-05-30 22:49:42,600 | DEBUG | Creating FROM xact_unit: USD -> TWD, rate: 1.0
2025-05-30 22:49:42,600 | DEBUG | Creating TO xact_unit: TWD -> USD, rate: 1.0
2025-05-30 22:49:42,600 | DEBUG | Processing pair: USD 1 -> TWD 1 (Forex USD to TWD (Trade ID: 628601574))
2025-05-30 22:49:42,601 | DEBUG | Creating FROM xact_unit: USD -> TWD, rate: 1.0
2025-05-30 22:49:42,601 | DEBUG | Creating TO xact_unit: TWD -> USD, rate: 1.0
2025-05-30 22:49:42,601 | DEBUG | Processing pair: USD 1 -> TWD 1 (Forex USD to TWD (Trade ID: 629123468))
2025-05-30 22:49:42,601 | DEBUG | Creating FROM xact_unit: USD -> TWD, rate: 1.0
2025-05-30 22:49:42,602 | DEBUG | Creating TO xact_unit: TWD -> USD, rate: 1.0
2025-05-30 22:49:42,602 | DEBUG | Processing pair: USD 1 -> TWD 3 (Forex USD to TWD (Trade ID: 629617537))
2025-05-30 22:49:42,602 | DEBUG | Creating FROM xact_unit: USD -> TWD, rate: 3.0
2025-05-30 22:49:42,602 | DEBUG | Creating TO xact_unit: TWD -> USD, rate: 0.3333333333333333
2025-05-30 22:49:42,603 | DEBUG | Processing pair: USD 1 -> TWD 1 (Forex USD to TWD (Trade ID: 630063275))
2025-05-30 22:49:42,603 | DEBUG | Creating FROM xact_unit: USD -> TWD, rate: 1.0
2025-05-30 22:49:42,603 | DEBUG | Creating TO xact_unit: TWD -> USD, rate: 1.0
2025-05-30 22:49:42,604 | DEBUG | Processing pair: USD 1 -> TWD 2 (Forex USD to TWD (Trade ID: 630545774))
2025-05-30 22:49:42,604 | DEBUG | Creating FROM xact_unit: USD -> TWD, rate: 2.0
2025-05-30 22:49:42,605 | DEBUG | Creating TO xact_unit: TWD -> USD, rate: 0.5
2025-05-30 22:49:42,605 | DEBUG | Processing pair: USD 1 -> TWD 1 (Forex USD to TWD (Trade ID: 631166359))
2025-05-30 22:49:42,605 | DEBUG | Creating FROM xact_unit: USD -> TWD, rate: 1.0
2025-05-30 22:49:42,606 | DEBUG | Creating TO xact_unit: TWD -> USD, rate: 1.0
2025-05-30 22:49:42,606 | DEBUG | Processing pair: USD 1 -> TWD 1 (Forex USD to TWD (Trade ID: 631734442))
2025-05-30 22:49:42,606 | DEBUG | Creating FROM xact_unit: USD -> TWD, rate: 1.0
2025-05-30 22:49:42,607 | DEBUG | Creating TO xact_unit: TWD -> USD, rate: 1.0
2025-05-30 22:49:42,607 | DEBUG | Processing pair: USD 1 -> TWD 6 (Forex USD to TWD (Trade ID: 632302404))
2025-05-30 22:49:42,607 | DEBUG | Creating FROM xact_unit: USD -> TWD, rate: 6.0
2025-05-30 22:49:42,608 | DEBUG | Creating TO xact_unit: TWD -> USD, rate: 0.16666666666666666
2025-05-30 22:49:42,608 | DEBUG | Processing pair: USD 1 -> TWD 1 (Forex USD to TWD (Trade ID: 632751551))
2025-05-30 22:49:42,608 | DEBUG | Creating FROM xact_unit: USD -> TWD, rate: 1.0
2025-05-30 22:49:42,608 | DEBUG | Creating TO xact_unit: TWD -> USD, rate: 1.0
2025-05-30 22:49:42,609 | DEBUG | Processing pair: USD 1 -> TWD 1 (Forex USD to TWD (Trade ID: 633222299))
2025-05-30 22:49:42,609 | DEBUG | Creating FROM xact_unit: USD -> TWD, rate: 1.0
2025-05-30 22:49:42,609 | DEBUG | Creating TO xact_unit: TWD -> USD, rate: 1.0
2025-05-30 22:49:42,609 | DEBUG | Processing pair: USD 1 -> TWD 2 (Forex USD to TWD (Trade ID: 633761405))
2025-05-30 22:49:42,610 | DEBUG | Creating FROM xact_unit: USD -> TWD, rate: 2.0
2025-05-30 22:49:42,610 | DEBUG | Creating TO xact_unit: TWD -> USD, rate: 0.5
2025-05-30 22:49:42,610 | DEBUG | Processing pair: USD 1 -> TWD 3 (Forex USD to TWD (Trade ID: 634262160))
2025-05-30 22:49:42,610 | DEBUG | Creating FROM xact_unit: USD -> TWD, rate: 3.0
2025-05-30 22:49:42,611 | DEBUG | Creating TO xact_unit: TWD -> USD, rate: 0.3333333333333333
2025-05-30 22:49:42,611 | DEBUG | Processing pair: USD 1 -> TWD 2 (Forex USD to TWD (Trade ID: 634693213))
2025-05-30 22:49:42,611 | DEBUG | Creating FROM xact_unit: USD -> TWD, rate: 2.0
2025-05-30 22:49:42,611 | DEBUG | Creating TO xact_unit: TWD -> USD, rate: 0.5
2025-05-30 22:49:42,612 | DEBUG | Processing pair: USD 1 -> TWD 2 (Forex USD to TWD (Trade ID: 635145378))
2025-05-30 22:49:42,612 | DEBUG | Creating FROM xact_unit: USD -> TWD, rate: 2.0
2025-05-30 22:49:42,612 | DEBUG | Creating TO xact_unit: TWD -> USD, rate: 0.5
2025-05-30 22:49:42,612 | DEBUG | Processing pair: USD 1 -> TWD 2 (Forex USD to TWD (Trade ID: 635571973))
2025-05-30 22:49:42,612 | DEBUG | Creating FROM xact_unit: USD -> TWD, rate: 2.0
2025-05-30 22:49:42,613 | DEBUG | Creating TO xact_unit: TWD -> USD, rate: 0.5
2025-05-30 22:49:42,613 | DEBUG | Processing pair: USD 1 -> TWD 2 (Forex USD to TWD (Trade ID: 636088963))
2025-05-30 22:49:42,613 | DEBUG | Creating FROM xact_unit: USD -> TWD, rate: 2.0
2025-05-30 22:49:42,614 | DEBUG | Creating TO xact_unit: TWD -> USD, rate: 0.5
2025-05-30 22:49:42,614 | DEBUG | Processing pair: USD 1 -> TWD 6 (Forex USD to TWD (Trade ID: 636835578))
2025-05-30 22:49:42,614 | DEBUG | Creating FROM xact_unit: USD -> TWD, rate: 6.0
2025-05-30 22:49:42,614 | DEBUG | Creating TO xact_unit: TWD -> USD, rate: 0.16666666666666666
2025-05-30 22:49:42,615 | DEBUG | Processing pair: USD 1 -> TWD 2 (Forex USD to TWD (Trade ID: 637398687))
2025-05-30 22:49:42,615 | DEBUG | Creating FROM xact_unit: USD -> TWD, rate: 2.0
2025-05-30 22:49:42,615 | DEBUG | Creating TO xact_unit: TWD -> USD, rate: 0.5
2025-05-30 22:49:42,615 | DEBUG | Processing pair: USD 1 -> TWD 2 (Forex USD to TWD (Trade ID: 637891461))
2025-05-30 22:49:42,616 | DEBUG | Creating FROM xact_unit: USD -> TWD, rate: 2.0
2025-05-30 22:49:42,616 | DEBUG | Creating TO xact_unit: TWD -> USD, rate: 0.5
2025-05-30 22:49:42,616 | DEBUG | Processing pair: USD 1 -> TWD 2 (Forex USD to TWD (Trade ID: 638344139))
2025-05-30 22:49:42,617 | DEBUG | Creating FROM xact_unit: USD -> TWD, rate: 2.0
2025-05-30 22:49:42,617 | DEBUG | Creating TO xact_unit: TWD -> USD, rate: 0.5
2025-05-30 22:49:42,617 | DEBUG | Processing pair: USD 1 -> TWD 2 (Forex USD to TWD (Trade ID: 638833240))
2025-05-30 22:49:42,618 | DEBUG | Creating FROM xact_unit: USD -> TWD, rate: 2.0
2025-05-30 22:49:42,618 | DEBUG | Creating TO xact_unit: TWD -> USD, rate: 0.5
2025-05-30 22:49:42,619 | DEBUG | Processing pair: USD 1 -> TWD 6 (Forex USD to TWD (Trade ID: 639419137))
2025-05-30 22:49:42,619 | DEBUG | Creating FROM xact_unit: USD -> TWD, rate: 6.0
2025-05-30 22:49:42,619 | DEBUG | Creating TO xact_unit: TWD -> USD, rate: 0.16666666666666666
2025-05-30 22:49:42,619 | DEBUG | Processing pair: USD 1 -> TWD 2 (Forex USD to TWD (Trade ID: 639959270))
2025-05-30 22:49:42,620 | DEBUG | Creating FROM xact_unit: USD -> TWD, rate: 2.0
2025-05-30 22:49:42,620 | DEBUG | Creating TO xact_unit: TWD -> USD, rate: 0.5
2025-05-30 22:49:42,620 | DEBUG | Processing pair: USD 1 -> TWD 2 (Forex USD to TWD (Trade ID: 640605813))
2025-05-30 22:49:42,620 | DEBUG | Creating FROM xact_unit: USD -> TWD, rate: 2.0
2025-05-30 22:49:42,620 | DEBUG | Creating TO xact_unit: TWD -> USD, rate: 0.5
2025-05-30 22:49:42,621 | DEBUG | Processing pair: USD 1 -> TWD 2 (Forex USD to TWD (Trade ID: 641224804))
2025-05-30 22:49:42,621 | DEBUG | Creating FROM xact_unit: USD -> TWD, rate: 2.0
2025-05-30 22:49:42,621 | DEBUG | Creating TO xact_unit: TWD -> USD, rate: 0.5
2025-05-30 22:49:42,621 | DEBUG | Processing pair: USD 1 -> TWD 2 (Forex USD to TWD (Trade ID: 641813837))
2025-05-30 22:49:42,621 | DEBUG | Creating FROM xact_unit: USD -> TWD, rate: 2.0
2025-05-30 22:49:42,622 | DEBUG | Creating TO xact_unit: TWD -> USD, rate: 0.5
2025-05-30 22:49:42,622 | DEBUG | Processing pair: USD 1 -> TWD 6 (Forex USD to TWD (Trade ID: 642295086))
2025-05-30 22:49:42,622 | DEBUG | Creating FROM xact_unit: USD -> TWD, rate: 6.0
2025-05-30 22:49:42,623 | DEBUG | Creating TO xact_unit: TWD -> USD, rate: 0.16666666666666666
2025-05-30 22:49:42,623 | DEBUG | Processing pair: USD 1 -> TWD 2 (Forex USD to TWD (Trade ID: 642618347))
2025-05-30 22:49:42,623 | DEBUG | Creating FROM xact_unit: USD -> TWD, rate: 2.0
2025-05-30 22:49:42,624 | DEBUG | Creating TO xact_unit: TWD -> USD, rate: 0.5
2025-05-30 22:49:42,624 | DEBUG | Processing pair: USD 1 -> TWD 4 (Forex USD to TWD (Trade ID: 642950341))
2025-05-30 22:49:42,624 | DEBUG | Creating FROM xact_unit: USD -> TWD, rate: 4.0
2025-05-30 22:49:42,625 | DEBUG | Creating TO xact_unit: TWD -> USD, rate: 0.25
2025-05-30 22:49:42,625 | DEBUG | Processing pair: USD 1 -> TWD 2 (Forex USD to TWD (Trade ID: 643441564))
2025-05-30 22:49:42,625 | DEBUG | Creating FROM xact_unit: USD -> TWD, rate: 2.0
2025-05-30 22:49:42,626 | DEBUG | Creating TO xact_unit: TWD -> USD, rate: 0.5
2025-05-30 22:49:42,626 | DEBUG | Processing pair: USD 1 -> TWD 6 (Forex USD to TWD (Trade ID: 643959995))
2025-05-30 22:49:42,626 | DEBUG | Creating FROM xact_unit: USD -> TWD, rate: 6.0
2025-05-30 22:49:42,626 | DEBUG | Creating TO xact_unit: TWD -> USD, rate: 0.16666666666666666
2025-05-30 22:49:42,627 | DEBUG | Processing pair: USD 1 -> TWD 2 (Forex USD to TWD (Trade ID: 644349918))
2025-05-30 22:49:42,627 | DEBUG | Creating FROM xact_unit: USD -> TWD, rate: 2.0
2025-05-30 22:49:42,627 | DEBUG | Creating TO xact_unit: TWD -> USD, rate: 0.5
2025-05-30 22:49:42,628 | DEBUG | Processing pair: USD 1 -> TWD 4 (Forex USD to TWD (Trade ID: 644905177))
2025-05-30 22:49:42,628 | DEBUG | Creating FROM xact_unit: USD -> TWD, rate: 4.0
2025-05-30 22:49:42,628 | DEBUG | Creating TO xact_unit: TWD -> USD, rate: 0.25
2025-05-30 22:49:42,629 | DEBUG | Processing pair: USD 1 -> TWD 2 (Forex USD to TWD (Trade ID: 645399047))
2025-05-30 22:49:42,629 | DEBUG | Creating FROM xact_unit: USD -> TWD, rate: 2.0
2025-05-30 22:49:42,629 | DEBUG | Creating TO xact_unit: TWD -> USD, rate: 0.5
2025-05-30 22:49:42,630 | DEBUG | Processing pair: USD 1 -> TWD 6 (Forex USD to TWD (Trade ID: 646020567))
2025-05-30 22:49:42,630 | DEBUG | Creating FROM xact_unit: USD -> TWD, rate: 6.0
2025-05-30 22:49:42,630 | DEBUG | Creating TO xact_unit: TWD -> USD, rate: 0.16666666666666666
2025-05-30 22:49:42,630 | DEBUG | Processing pair: USD 1 -> TWD 2 (Forex USD to TWD (Trade ID: 646609267))
2025-05-30 22:49:42,631 | DEBUG | Creating FROM xact_unit: USD -> TWD, rate: 2.0
2025-05-30 22:49:42,631 | DEBUG | Creating TO xact_unit: TWD -> USD, rate: 0.5
2025-05-30 22:49:42,631 | DEBUG | Processing pair: USD 1 -> TWD 2 (Forex USD to TWD (Trade ID: 647125478))
2025-05-30 22:49:42,631 | DEBUG | Creating FROM xact_unit: USD -> TWD, rate: 2.0
2025-05-30 22:49:42,632 | DEBUG | Creating TO xact_unit: TWD -> USD, rate: 0.5
2025-05-30 22:49:42,632 | DEBUG | Processing pair: USD 1 -> TWD 2 (Forex USD to TWD (Trade ID: 647215909))
2025-05-30 22:49:42,632 | DEBUG | Creating FROM xact_unit: USD -> TWD, rate: 2.0
2025-05-30 22:49:42,632 | DEBUG | Creating TO xact_unit: TWD -> USD, rate: 0.5
2025-05-30 22:49:42,633 | DEBUG | Processing pair: USD 1 -> TWD 2 (Forex USD to TWD (Trade ID: 647731981))
2025-05-30 22:49:42,633 | DEBUG | Creating FROM xact_unit: USD -> TWD, rate: 2.0
2025-05-30 22:49:42,633 | DEBUG | Creating TO xact_unit: TWD -> USD, rate: 0.5
2025-05-30 22:49:42,633 | DEBUG | Processing pair: USD 1 -> TWD 6 (Forex USD to TWD (Trade ID: 648209274))
2025-05-30 22:49:42,634 | DEBUG | Creating FROM xact_unit: USD -> TWD, rate: 6.0
2025-05-30 22:49:42,634 | DEBUG | Creating TO xact_unit: TWD -> USD, rate: 0.16666666666666666
2025-05-30 22:49:42,634 | DEBUG | Processing pair: USD 1 -> TWD 2 (Forex USD to TWD (Trade ID: 648673251))
2025-05-30 22:49:42,634 | DEBUG | Creating FROM xact_unit: USD -> TWD, rate: 2.0
2025-05-30 22:49:42,635 | DEBUG | Creating TO xact_unit: TWD -> USD, rate: 0.5
2025-05-30 22:49:42,635 | DEBUG | Processing pair: USD 1 -> TWD 2 (Forex USD to TWD (Trade ID: 649113524))
2025-05-30 22:49:42,635 | DEBUG | Creating FROM xact_unit: USD -> TWD, rate: 2.0
2025-05-30 22:49:42,635 | DEBUG | Creating TO xact_unit: TWD -> USD, rate: 0.5
2025-05-30 22:49:42,636 | DEBUG | Processing pair: USD 1 -> TWD 2 (Forex USD to TWD (Trade ID: 649541772))
2025-05-30 22:49:42,636 | DEBUG | Creating FROM xact_unit: USD -> TWD, rate: 2.0
2025-05-30 22:49:42,636 | DEBUG | Creating TO xact_unit: TWD -> USD, rate: 0.5
2025-05-30 22:49:42,637 | DEBUG | Processing pair: USD 1 -> TWD 2 (Forex USD to TWD (Trade ID: 649988605))
2025-05-30 22:49:42,637 | DEBUG | Creating FROM xact_unit: USD -> TWD, rate: 2.0
2025-05-30 22:49:42,637 | DEBUG | Creating TO xact_unit: TWD -> USD, rate: 0.5
2025-05-30 22:49:42,637 | DEBUG | Processing pair: USD 1 -> TWD 8 (Forex USD to TWD (Trade ID: 650657987))
2025-05-30 22:49:42,638 | DEBUG | Creating FROM xact_unit: USD -> TWD, rate: 8.0
2025-05-30 22:49:42,639 | DEBUG | Creating TO xact_unit: TWD -> USD, rate: 0.125
2025-05-30 22:49:42,639 | DEBUG | Processing pair: USD 1 -> TWD 2 (Forex USD to TWD (Trade ID: 651120194))
2025-05-30 22:49:42,639 | DEBUG | Creating FROM xact_unit: USD -> TWD, rate: 2.0
2025-05-30 22:49:42,640 | DEBUG | Creating TO xact_unit: TWD -> USD, rate: 0.5
2025-05-30 22:49:42,640 | DEBUG | Processing pair: USD 1 -> TWD 2 (Forex USD to TWD (Trade ID: 655634368))
2025-05-30 22:49:42,640 | DEBUG | Creating FROM xact_unit: USD -> TWD, rate: 2.0
2025-05-30 22:49:42,640 | DEBUG | Creating TO xact_unit: TWD -> USD, rate: 0.5
2025-05-30 22:49:42,641 | DEBUG | Processing pair: USD 1 -> TWD 2 (Forex USD to TWD (Trade ID: 656097825))
2025-05-30 22:49:42,641 | DEBUG | Creating FROM xact_unit: USD -> TWD, rate: 2.0
2025-05-30 22:49:42,641 | DEBUG | Creating TO xact_unit: TWD -> USD, rate: 0.5
2025-05-30 22:49:42,641 | DEBUG | Processing pair: USD 1 -> TWD 2 (Forex USD to TWD (Trade ID: 656586178))
2025-05-30 22:49:42,642 | DEBUG | Creating FROM xact_unit: USD -> TWD, rate: 2.0
2025-05-30 22:49:42,642 | DEBUG | Creating TO xact_unit: TWD -> USD, rate: 0.5
2025-05-30 22:49:42,642 | DEBUG | Processing pair: USD 1 -> TWD 2 (Forex USD to TWD (Trade ID: 657170024))
2025-05-30 22:49:42,642 | DEBUG | Creating FROM xact_unit: USD -> TWD, rate: 2.0
2025-05-30 22:49:42,643 | DEBUG | Creating TO xact_unit: TWD -> USD, rate: 0.5
2025-05-30 22:49:42,643 | DEBUG | Processing pair: USD 1 -> TWD 6 (Forex USD to TWD (Trade ID: 657721192))
2025-05-30 22:49:42,643 | DEBUG | Creating FROM xact_unit: USD -> TWD, rate: 6.0
2025-05-30 22:49:42,643 | DEBUG | Creating TO xact_unit: TWD -> USD, rate: 0.16666666666666666
2025-05-30 22:49:42,644 | DEBUG | Processing pair: USD 1 -> TWD 2 (Forex USD to TWD (Trade ID: 658222939))
2025-05-30 22:49:42,644 | DEBUG | Creating FROM xact_unit: USD -> TWD, rate: 2.0
2025-05-30 22:49:42,644 | DEBUG | Creating TO xact_unit: TWD -> USD, rate: 0.5
2025-05-30 22:49:42,644 | DEBUG | Processing pair: USD 1 -> TWD 2 (Forex USD to TWD (Trade ID: 658799426))
2025-05-30 22:49:42,645 | DEBUG | Creating FROM xact_unit: USD -> TWD, rate: 2.0
2025-05-30 22:49:42,645 | DEBUG | Creating TO xact_unit: TWD -> USD, rate: 0.5
2025-05-30 22:49:42,645 | DEBUG | Processing pair: USD 1 -> TWD 2 (Forex USD to TWD (Trade ID: 659461921))
2025-05-30 22:49:42,645 | DEBUG | Creating FROM xact_unit: USD -> TWD, rate: 2.0
2025-05-30 22:49:42,645 | DEBUG | Creating TO xact_unit: TWD -> USD, rate: 0.5
2025-05-30 22:49:42,645 | DEBUG | Processing pair: USD 1 -> TWD 2 (Forex USD to TWD (Trade ID: 660141928))
2025-05-30 22:49:42,646 | DEBUG | Creating FROM xact_unit: USD -> TWD, rate: 2.0
2025-05-30 22:49:42,646 | DEBUG | Creating TO xact_unit: TWD -> USD, rate: 0.5
2025-05-30 22:49:42,646 | DEBUG | Processing pair: USD 1 -> TWD 8 (Forex USD to TWD (Trade ID: 661028921))
2025-05-30 22:49:42,646 | DEBUG | Creating FROM xact_unit: USD -> TWD, rate: 8.0
2025-05-30 22:49:42,646 | DEBUG | Creating TO xact_unit: TWD -> USD, rate: 0.125
2025-05-30 22:49:42,647 | DEBUG | Processing pair: USD 1 -> TWD 2 (Forex USD to TWD (Trade ID: 661569693))
2025-05-30 22:49:42,647 | DEBUG | Creating FROM xact_unit: USD -> TWD, rate: 2.0
2025-05-30 22:49:42,647 | DEBUG | Creating TO xact_unit: TWD -> USD, rate: 0.5
2025-05-30 22:49:42,648 | DEBUG | Processing pair: USD 1 -> TWD 2 (Forex USD to TWD (Trade ID: 662214672))
2025-05-30 22:49:42,648 | DEBUG | Creating FROM xact_unit: USD -> TWD, rate: 2.0
2025-05-30 22:49:42,648 | DEBUG | Creating TO xact_unit: TWD -> USD, rate: 0.5
2025-05-30 22:49:42,648 | DEBUG | Processing pair: USD 1 -> TWD 2 (Forex USD to TWD (Trade ID: 662950355))
2025-05-30 22:49:42,649 | DEBUG | Creating FROM xact_unit: USD -> TWD, rate: 2.0
2025-05-30 22:49:42,649 | DEBUG | Creating TO xact_unit: TWD -> USD, rate: 0.5
2025-05-30 22:49:42,649 | DEBUG | Processing pair: USD 1 -> TWD 6 (Forex USD to TWD (Trade ID: 663708528))
2025-05-30 22:49:42,650 | DEBUG | Creating FROM xact_unit: USD -> TWD, rate: 6.0
2025-05-30 22:49:42,650 | DEBUG | Creating TO xact_unit: TWD -> USD, rate: 0.16666666666666666
2025-05-30 22:49:42,650 | DEBUG | Processing pair: USD 1 -> TWD 2 (Forex USD to TWD (Trade ID: 664420661))
2025-05-30 22:49:42,651 | DEBUG | Creating FROM xact_unit: USD -> TWD, rate: 2.0
2025-05-30 22:49:42,651 | DEBUG | Creating TO xact_unit: TWD -> USD, rate: 0.5
2025-05-30 22:49:42,651 | DEBUG | Processing pair: USD 1 -> TWD 2 (Forex USD to TWD (Trade ID: 665049438))
2025-05-30 22:49:42,652 | DEBUG | Creating FROM xact_unit: USD -> TWD, rate: 2.0
2025-05-30 22:49:42,652 | DEBUG | Creating TO xact_unit: TWD -> USD, rate: 0.5
2025-05-30 22:49:42,652 | DEBUG | Processing pair: USD 1 -> TWD 2 (Forex USD to TWD (Trade ID: 665763289))
2025-05-30 22:49:42,652 | DEBUG | Creating FROM xact_unit: USD -> TWD, rate: 2.0
2025-05-30 22:49:42,653 | DEBUG | Creating TO xact_unit: TWD -> USD, rate: 0.5
2025-05-30 22:49:42,653 | DEBUG | Processing pair: USD 1 -> TWD 8 (Forex USD to TWD (Trade ID: 667159405))
2025-05-30 22:49:42,653 | DEBUG | Creating FROM xact_unit: USD -> TWD, rate: 8.0
2025-05-30 22:49:42,653 | DEBUG | Creating TO xact_unit: TWD -> USD, rate: 0.125
2025-05-30 22:49:42,654 | DEBUG | Processing pair: USD 1 -> TWD 2 (Forex USD to TWD (Trade ID: 667879427))
2025-05-30 22:49:42,654 | DEBUG | Creating FROM xact_unit: USD -> TWD, rate: 2.0
2025-05-30 22:49:42,654 | DEBUG | Creating TO xact_unit: TWD -> USD, rate: 0.5
2025-05-30 22:49:42,654 | DEBUG | Processing pair: USD 1 -> TWD 2 (Forex USD to TWD (Trade ID: 668430807))
2025-05-30 22:49:42,655 | DEBUG | Creating FROM xact_unit: USD -> TWD, rate: 2.0
2025-05-30 22:49:42,655 | DEBUG | Creating TO xact_unit: TWD -> USD, rate: 0.5
2025-05-30 22:49:42,655 | DEBUG | Processing pair: USD 1 -> TWD 2 (Forex USD to TWD (Trade ID: 669076064))
2025-05-30 22:49:42,655 | DEBUG | Creating FROM xact_unit: USD -> TWD, rate: 2.0
2025-05-30 22:49:42,655 | DEBUG | Creating TO xact_unit: TWD -> USD, rate: 0.5
2025-05-30 22:49:42,656 | DEBUG | Processing pair: USD 1 -> TWD 2 (Forex USD to TWD (Trade ID: 669704302))
2025-05-30 22:49:42,656 | DEBUG | Creating FROM xact_unit: USD -> TWD, rate: 2.0
2025-05-30 22:49:42,656 | DEBUG | Creating TO xact_unit: TWD -> USD, rate: 0.5
2025-05-30 22:49:42,656 | DEBUG | Processing pair: USD 269 -> TWD 8855 (Forex USD to TWD (Trade ID: 670421969))
2025-05-30 22:49:42,657 | DEBUG | Creating FROM xact_unit: USD -> TWD, rate: 32.9182156133829
2025-05-30 22:49:42,657 | DEBUG | Creating TO xact_unit: TWD -> USD, rate: 0.030378317334839075
2025-05-30 22:49:42,657 | DEBUG | Processing pair: USD 1 -> TWD 2 (Forex USD to TWD (Trade ID: 671107506))
2025-05-30 22:49:42,658 | DEBUG | Creating FROM xact_unit: USD -> TWD, rate: 2.0
2025-05-30 22:49:42,658 | DEBUG | Creating TO xact_unit: TWD -> USD, rate: 0.5
2025-05-30 22:49:42,658 | DEBUG | Processing pair: USD 1 -> TWD 2 (Forex USD to TWD (Trade ID: 671716369))
2025-05-30 22:49:42,658 | DEBUG | Creating FROM xact_unit: USD -> TWD, rate: 2.0
2025-05-30 22:49:42,659 | DEBUG | Creating TO xact_unit: TWD -> USD, rate: 0.5
2025-05-30 22:49:42,659 | INFO  | Dry run: Would create 1278 xact_unit records
2025-05-30 22:49:42,659 | INFO  | Verifying the fix...
2025-05-30 22:49:42,663 | INFO  | Total IB transactions: 1278
2025-05-30 22:49:42,663 | INFO  | Total xact_unit records for IB transactions: 0
2025-05-30 22:49:42,664 | WARNING | ⚠️  No xact_unit records found after fix attempt
