2025-05-29 21:41:11,437 | INFO  | ============================================================
2025-05-29 21:41:11,438 | INFO  | FIXED FOREX BULK PROCESSOR STARTING
2025-05-29 21:41:11,438 | INFO  | ============================================================
2025-05-29 21:41:11,438 | INFO  | PP XML file: D:\Projetos\Finance_data\IDE\vs_code\ib_pp_importer\portfolio_management.xml
2025-05-29 21:41:11,439 | INFO  | Transaction data directory: D:\Projetos\Finance_data\Portfolio performance\transaction data
2025-05-29 21:41:11,439 | INFO  | Debug mode: Disabled
2025-05-29 21:41:11,452 | INFO  | Tracking database initialized
2025-05-29 21:41:11,482 | INFO  | Backup created: D:\Projetos\Finance_data\IDE\vs_code\ib_pp_importer\portfolio_management_backup_20250529_214111.xml
2025-05-29 21:41:11,485 | INFO  | Found 5 IB directories: ['IB lia', 'IB marcos', 'IB marcos_ms', 'IB mariana', 'IB RRSP']
2025-05-29 21:41:11,487 | INFO  | Total IB XML files discovered: 60
2025-05-29 21:41:11,501 | INFO  | New files to process: 60 out of 60 total
2025-05-29 21:41:11,501 | INFO  | Starting bulk processing of 60 files
2025-05-29 21:41:11,502 | INFO  | Step 1: Importing PP XML to database...
2025-05-29 21:41:11,502 | INFO  | Importing PP XML to database: D:\Projetos\Finance_data\IDE\vs_code\ppxml2db\pp_databases\portfolio_management.db
2025-05-29 21:41:23,693 | INFO  | Successfully imported D:\Projetos\Finance_data\IDE\vs_code\ib_pp_importer\portfolio_management.xml to D:\Projetos\Finance_data\IDE\vs_code\ppxml2db\pp_databases\portfolio_management.db
2025-05-29 21:41:23,693 | INFO  | Step 2: Processing IB XML files and accumulating transactions...
2025-05-29 21:41:23,693 | INFO  | Progress: 1/60 - ib_rrsp_dec6.xml
2025-05-29 21:41:23,720 | INFO  | Found 0 forex transactions in ib_rrsp_dec6.xml
2025-05-29 21:41:23,731 | INFO  | Successfully processed ib_rrsp_dec6.xml: 0 transactions added
2025-05-29 21:41:23,731 | INFO  | Progress: 2/60 - ib_rrsp_jan17_25.xml
2025-05-29 21:41:23,748 | INFO  | Found 0 forex transactions in ib_rrsp_jan17_25.xml
2025-05-29 21:41:23,759 | INFO  | Successfully processed ib_rrsp_jan17_25.xml: 0 transactions added
2025-05-29 21:41:23,759 | INFO  | Progress: 3/60 - ib_rrsp_oct4.xml
2025-05-29 21:41:23,772 | INFO  | Found 2 forex transactions in ib_rrsp_oct4.xml
2025-05-29 21:41:23,785 | INFO  | Successfully processed 2 forex transactions from ib_rrsp_oct4.xml
2025-05-29 21:41:23,795 | INFO  | Successfully processed ib_rrsp_oct4.xml: 2 transactions added
2025-05-29 21:41:23,795 | INFO  | Progress: 4/60 - Lia_apr1_24.xml
2025-05-29 21:41:23,829 | INFO  | Found 19 forex transactions in Lia_apr1_24.xml
2025-05-29 21:41:23,845 | INFO  | Successfully processed 19 forex transactions from Lia_apr1_24.xml
2025-05-29 21:41:23,858 | INFO  | Successfully processed Lia_apr1_24.xml: 19 transactions added
2025-05-29 21:41:23,859 | INFO  | Progress: 5/60 - Lia_july25.xml
2025-05-29 21:41:23,875 | INFO  | Found 2 forex transactions in Lia_july25.xml
2025-05-29 21:41:23,890 | INFO  | Successfully processed 2 forex transactions from Lia_july25.xml
2025-05-29 21:41:23,904 | INFO  | Successfully processed Lia_july25.xml: 2 transactions added
2025-05-29 21:41:23,905 | INFO  | Progress: 6/60 - Lia_jun28.xml
2025-05-29 21:41:23,924 | INFO  | Found 2 forex transactions in Lia_jun28.xml
2025-05-29 21:41:23,938 | INFO  | Successfully processed 2 forex transactions from Lia_jun28.xml
2025-05-29 21:41:23,951 | INFO  | Successfully processed Lia_jun28.xml: 2 transactions added
2025-05-29 21:41:23,951 | INFO  | Progress: 7/60 - lia_april12.xml
2025-05-29 21:41:23,965 | INFO  | Found 0 forex transactions in lia_april12.xml
2025-05-29 21:41:23,976 | INFO  | Successfully processed lia_april12.xml: 0 transactions added
2025-05-29 21:41:23,977 | INFO  | Progress: 8/60 - lia_april19.xml
2025-05-29 21:41:23,990 | INFO  | Found 0 forex transactions in lia_april19.xml
2025-05-29 21:41:24,002 | INFO  | Successfully processed lia_april19.xml: 0 transactions added
2025-05-29 21:41:24,002 | INFO  | Progress: 9/60 - lia_aug30.xml
2025-05-29 21:41:24,022 | INFO  | Found 4 forex transactions in lia_aug30.xml
2025-05-29 21:41:24,035 | INFO  | Successfully processed 4 forex transactions from lia_aug30.xml
2025-05-29 21:41:24,048 | INFO  | Successfully processed lia_aug30.xml: 4 transactions added
2025-05-29 21:41:24,048 | INFO  | Progress: 10/60 - lia_dec6.xml
2025-05-29 21:41:24,071 | INFO  | Found 12 forex transactions in lia_dec6.xml
2025-05-29 21:41:24,088 | INFO  | Successfully processed 12 forex transactions from lia_dec6.xml
2025-05-29 21:41:24,100 | INFO  | Successfully processed lia_dec6.xml: 12 transactions added
2025-05-29 21:41:24,101 | INFO  | Progress: 11/60 - lia_jan17_25.xml
2025-05-29 21:41:24,118 | INFO  | Found 6 forex transactions in lia_jan17_25.xml
2025-05-29 21:41:24,133 | INFO  | Successfully processed 6 forex transactions from lia_jan17_25.xml
2025-05-29 21:41:24,144 | INFO  | Successfully processed lia_jan17_25.xml: 6 transactions added
2025-05-29 21:41:24,145 | INFO  | Progress: 12/60 - lia_mar20_25.xml
2025-05-29 21:41:24,169 | INFO  | Found 14 forex transactions in lia_mar20_25.xml
2025-05-29 21:41:24,186 | INFO  | Successfully processed 14 forex transactions from lia_mar20_25.xml
2025-05-29 21:41:24,198 | INFO  | Successfully processed lia_mar20_25.xml: 14 transactions added
2025-05-29 21:41:24,199 | INFO  | Progress: 13/60 - lia_may14.xml
2025-05-29 21:41:24,214 | INFO  | Found 6 forex transactions in lia_may14.xml
2025-05-29 21:41:24,228 | INFO  | Successfully processed 6 forex transactions from lia_may14.xml
2025-05-29 21:41:24,239 | INFO  | Successfully processed lia_may14.xml: 6 transactions added
2025-05-29 21:41:24,239 | INFO  | Progress: 14/60 - lia_oct4.xml
2025-05-29 21:41:24,255 | INFO  | Found 2 forex transactions in lia_oct4.xml
2025-05-29 21:41:24,267 | INFO  | Successfully processed 2 forex transactions from lia_oct4.xml
2025-05-29 21:41:24,279 | INFO  | Successfully processed lia_oct4.xml: 2 transactions added
2025-05-29 21:41:24,279 | INFO  | Progress: 15/60 - U3281113_U3281113_20190918_20200917_AF_952579_b40413d2b2a80ca44c10e2d27a10ddb9.xml
2025-05-29 21:41:24,321 | INFO  | Found 26 forex transactions in U3281113_U3281113_20190918_20200917_AF_952579_b40413d2b2a80ca44c10e2d27a10ddb9.xml
2025-05-29 21:41:24,337 | INFO  | Successfully processed 26 forex transactions from U3281113_U3281113_20190918_20200917_AF_952579_b40413d2b2a80ca44c10e2d27a10ddb9.xml
2025-05-29 21:41:24,350 | INFO  | Successfully processed U3281113_U3281113_20190918_20200917_AF_952579_b40413d2b2a80ca44c10e2d27a10ddb9.xml: 26 transactions added
2025-05-29 21:41:24,350 | INFO  | Progress: 16/60 - U3281113_U3281113_20200918_20210917_AF_952579_32361b98e6fc39f28adb6250c2ab9a6a.xml
2025-05-29 21:41:24,393 | INFO  | Found 14 forex transactions in U3281113_U3281113_20200918_20210917_AF_952579_32361b98e6fc39f28adb6250c2ab9a6a.xml
2025-05-29 21:41:24,409 | INFO  | Successfully processed 14 forex transactions from U3281113_U3281113_20200918_20210917_AF_952579_32361b98e6fc39f28adb6250c2ab9a6a.xml
2025-05-29 21:41:24,422 | INFO  | Successfully processed U3281113_U3281113_20200918_20210917_AF_952579_32361b98e6fc39f28adb6250c2ab9a6a.xml: 14 transactions added
2025-05-29 21:41:24,423 | INFO  | Progress: 17/60 - U3281113_U3281113_20210920_20220916_AF_952579_a9d2be1aad30e68a4f4ffbab363d2544.xml
2025-05-29 21:41:24,463 | INFO  | Found 16 forex transactions in U3281113_U3281113_20210920_20220916_AF_952579_a9d2be1aad30e68a4f4ffbab363d2544.xml
2025-05-29 21:41:24,480 | INFO  | Successfully processed 16 forex transactions from U3281113_U3281113_20210920_20220916_AF_952579_a9d2be1aad30e68a4f4ffbab363d2544.xml
2025-05-29 21:41:24,493 | INFO  | Successfully processed U3281113_U3281113_20210920_20220916_AF_952579_a9d2be1aad30e68a4f4ffbab363d2544.xml: 16 transactions added
2025-05-29 21:41:24,493 | INFO  | Progress: 18/60 - U3281113_U3281113_20220919_20230915_AF_952579_1a9b55af2d76e07d69d7d4cdea01c78d.xml
2025-05-29 21:41:24,531 | INFO  | Found 23 forex transactions in U3281113_U3281113_20220919_20230915_AF_952579_1a9b55af2d76e07d69d7d4cdea01c78d.xml
2025-05-29 21:41:24,547 | INFO  | Successfully processed 23 forex transactions from U3281113_U3281113_20220919_20230915_AF_952579_1a9b55af2d76e07d69d7d4cdea01c78d.xml
2025-05-29 21:41:24,560 | INFO  | Successfully processed U3281113_U3281113_20220919_20230915_AF_952579_1a9b55af2d76e07d69d7d4cdea01c78d.xml: 23 transactions added
2025-05-29 21:41:24,560 | INFO  | Progress: 19/60 - U3281113_U3281113_20230918_20240401_AF_952579_1a9b55af2d76e07d69d7d4cdea01c78d.xml
2025-05-29 21:41:24,592 | INFO  | Found 37 forex transactions in U3281113_U3281113_20230918_20240401_AF_952579_1a9b55af2d76e07d69d7d4cdea01c78d.xml
2025-05-29 21:41:24,599 | ERROR | Error processing transaction 551884815: No account found for IB account Marcos with currency GBP (mapped to GBX)
2025-05-29 21:41:24,600 | ERROR | Error processing transaction 552559554: No account found for IB account Marcos with currency GBP (mapped to GBX)
2025-05-29 21:41:24,613 | INFO  | Successfully processed 35 forex transactions from U3281113_U3281113_20230918_20240401_AF_952579_1a9b55af2d76e07d69d7d4cdea01c78d.xml
2025-05-29 21:41:24,614 | INFO  | Skipped 2 transactions due to errors
2025-05-29 21:41:24,626 | INFO  | Successfully processed U3281113_U3281113_20230918_20240401_AF_952579_1a9b55af2d76e07d69d7d4cdea01c78d.xml: 35 transactions added
2025-05-29 21:41:24,626 | INFO  | Progress: 20/60 - marcos_abr4_25.xml
2025-05-29 21:41:24,642 | INFO  | Found 6 forex transactions in marcos_abr4_25.xml
2025-05-29 21:41:24,657 | INFO  | Successfully processed 6 forex transactions from marcos_abr4_25.xml
2025-05-29 21:41:24,668 | INFO  | Successfully processed marcos_abr4_25.xml: 6 transactions added
2025-05-29 21:41:24,669 | INFO  | Progress: 21/60 - marcos_april12.xml
2025-05-29 21:41:24,683 | INFO  | Found 2 forex transactions in marcos_april12.xml
2025-05-29 21:41:24,695 | INFO  | Successfully processed 2 forex transactions from marcos_april12.xml
2025-05-29 21:41:24,706 | INFO  | Successfully processed marcos_april12.xml: 2 transactions added
2025-05-29 21:41:24,706 | INFO  | Progress: 22/60 - marcos_april19.xml
2025-05-29 21:41:24,719 | INFO  | Found 2 forex transactions in marcos_april19.xml
2025-05-29 21:41:24,732 | INFO  | Successfully processed 2 forex transactions from marcos_april19.xml
2025-05-29 21:41:24,742 | INFO  | Successfully processed marcos_april19.xml: 2 transactions added
2025-05-29 21:41:24,742 | INFO  | Progress: 23/60 - marcos_aug30.xml
2025-05-29 21:41:24,760 | INFO  | Found 35 forex transactions in marcos_aug30.xml
2025-05-29 21:41:24,775 | INFO  | Successfully processed 35 forex transactions from marcos_aug30.xml
2025-05-29 21:41:24,786 | INFO  | Successfully processed marcos_aug30.xml: 35 transactions added
2025-05-29 21:41:24,786 | INFO  | Progress: 24/60 - marcos_dec6.xml
2025-05-29 21:41:24,805 | INFO  | Found 49 forex transactions in marcos_dec6.xml
2025-05-29 21:41:24,821 | INFO  | Successfully processed 49 forex transactions from marcos_dec6.xml
2025-05-29 21:41:24,831 | INFO  | Successfully processed marcos_dec6.xml: 49 transactions added
2025-05-29 21:41:24,832 | INFO  | Progress: 25/60 - marcos_jan17_25.xml
2025-05-29 21:41:24,851 | INFO  | Found 62 forex transactions in marcos_jan17_25.xml
2025-05-29 21:41:24,869 | INFO  | Successfully processed 62 forex transactions from marcos_jan17_25.xml
2025-05-29 21:41:24,880 | INFO  | Successfully processed marcos_jan17_25.xml: 62 transactions added
2025-05-29 21:41:24,880 | INFO  | Progress: 26/60 - marcos_july25.xml
2025-05-29 21:41:24,896 | INFO  | Found 21 forex transactions in marcos_july25.xml
2025-05-29 21:41:24,913 | INFO  | Successfully processed 21 forex transactions from marcos_july25.xml
2025-05-29 21:41:24,924 | INFO  | Successfully processed marcos_july25.xml: 21 transactions added
2025-05-29 21:41:24,924 | INFO  | Progress: 27/60 - marcos_june28.xml
2025-05-29 21:41:24,943 | INFO  | Found 11 forex transactions in marcos_june28.xml
2025-05-29 21:41:24,956 | INFO  | Successfully processed 11 forex transactions from marcos_june28.xml
2025-05-29 21:41:24,967 | INFO  | Successfully processed marcos_june28.xml: 11 transactions added
2025-05-29 21:41:24,968 | INFO  | Progress: 28/60 - marcos_mar20_25.xml
2025-05-29 21:41:24,990 | INFO  | Found 69 forex transactions in marcos_mar20_25.xml
2025-05-29 21:41:25,007 | INFO  | Successfully processed 69 forex transactions from marcos_mar20_25.xml
2025-05-29 21:41:25,020 | INFO  | Successfully processed marcos_mar20_25.xml: 69 transactions added
2025-05-29 21:41:25,020 | INFO  | Progress: 29/60 - marcos_may14.xml
2025-05-29 21:41:25,037 | INFO  | Found 8 forex transactions in marcos_may14.xml
2025-05-29 21:41:25,050 | INFO  | Successfully processed 8 forex transactions from marcos_may14.xml
2025-05-29 21:41:25,062 | INFO  | Successfully processed marcos_may14.xml: 8 transactions added
2025-05-29 21:41:25,062 | INFO  | Progress: 30/60 - marcos_oct4.xml
2025-05-29 21:41:25,081 | INFO  | Found 28 forex transactions in marcos_oct4.xml
2025-05-29 21:41:25,097 | INFO  | Successfully processed 28 forex transactions from marcos_oct4.xml
2025-05-29 21:41:25,108 | INFO  | Successfully processed marcos_oct4.xml: 28 transactions added
2025-05-29 21:41:25,109 | INFO  | Progress: 31/60 - PP_report_fromJune14_2021_to_June10_2022.xml
2025-05-29 21:41:25,140 | INFO  | Found 0 forex transactions in PP_report_fromJune14_2021_to_June10_2022.xml
2025-05-29 21:41:25,151 | INFO  | Successfully processed PP_report_fromJune14_2021_to_June10_2022.xml: 0 transactions added
2025-05-29 21:41:25,151 | INFO  | Progress: 32/60 - PP_report_from_June12_2023_to_April1_2024.xml
2025-05-29 21:41:25,184 | INFO  | Found 27 forex transactions in PP_report_from_June12_2023_to_April1_2024.xml
2025-05-29 21:41:25,189 | ERROR | Error processing transaction 552450937: No account found for IB account U3129083 with currency GBP (mapped to GBX)
2025-05-29 21:41:25,189 | ERROR | Error processing transaction 553277914: No account found for IB account U3129083 with currency GBP (mapped to GBX)
2025-05-29 21:41:25,202 | INFO  | Successfully processed 25 forex transactions from PP_report_from_June12_2023_to_April1_2024.xml
2025-05-29 21:41:25,202 | INFO  | Skipped 2 transactions due to errors
2025-05-29 21:41:25,214 | INFO  | Successfully processed PP_report_from_June12_2023_to_April1_2024.xml: 25 transactions added
2025-05-29 21:41:25,214 | INFO  | Progress: 33/60 - PP_report_from_June13_2019_to_June12_2020.xml
2025-05-29 21:41:25,241 | INFO  | Found 16 forex transactions in PP_report_from_June13_2019_to_June12_2020.xml
2025-05-29 21:41:25,256 | INFO  | Successfully processed 16 forex transactions from PP_report_from_June13_2019_to_June12_2020.xml
2025-05-29 21:41:25,268 | INFO  | Successfully processed PP_report_from_June13_2019_to_June12_2020.xml: 16 transactions added
2025-05-29 21:41:25,268 | INFO  | Progress: 34/60 - PP_report_from_June13_2022_to_June9_2023.xml
2025-05-29 21:41:25,296 | INFO  | Found 3 forex transactions in PP_report_from_June13_2022_to_June9_2023.xml
2025-05-29 21:41:25,309 | INFO  | Successfully processed 3 forex transactions from PP_report_from_June13_2022_to_June9_2023.xml
2025-05-29 21:41:25,321 | INFO  | Successfully processed PP_report_from_June13_2022_to_June9_2023.xml: 3 transactions added
2025-05-29 21:41:25,321 | INFO  | Progress: 35/60 - PP_report_from_June15_2020_to_June11_2021.xml
2025-05-29 21:41:25,352 | INFO  | Found 5 forex transactions in PP_report_from_June15_2020_to_June11_2021.xml
2025-05-29 21:41:25,365 | INFO  | Successfully processed 5 forex transactions from PP_report_from_June15_2020_to_June11_2021.xml
2025-05-29 21:41:25,377 | INFO  | Successfully processed PP_report_from_June15_2020_to_June11_2021.xml: 5 transactions added
2025-05-29 21:41:25,377 | INFO  | Progress: 36/60 - marcos_ms_abr1.xml
2025-05-29 21:41:25,392 | INFO  | Found 1 forex transactions in marcos_ms_abr1.xml
2025-05-29 21:41:25,408 | INFO  | Successfully processed 1 forex transactions from marcos_ms_abr1.xml
2025-05-29 21:41:25,421 | INFO  | Successfully processed marcos_ms_abr1.xml: 1 transactions added
2025-05-29 21:41:25,421 | INFO  | Progress: 37/60 - marcos_ms_abr19.xml
2025-05-29 21:41:25,436 | INFO  | Found 0 forex transactions in marcos_ms_abr19.xml
2025-05-29 21:41:25,448 | INFO  | Successfully processed marcos_ms_abr19.xml: 0 transactions added
2025-05-29 21:41:25,448 | INFO  | Progress: 38/60 - marcos_ms_aug27.xml
2025-05-29 21:41:25,463 | INFO  | Found 9 forex transactions in marcos_ms_aug27.xml
2025-05-29 21:41:25,477 | INFO  | Successfully processed 9 forex transactions from marcos_ms_aug27.xml
2025-05-29 21:41:25,488 | INFO  | Successfully processed marcos_ms_aug27.xml: 9 transactions added
2025-05-29 21:41:25,488 | INFO  | Progress: 39/60 - marcos_ms_dec6.xml
2025-05-29 21:41:25,506 | INFO  | Found 15 forex transactions in marcos_ms_dec6.xml
2025-05-29 21:41:25,522 | INFO  | Successfully processed 15 forex transactions from marcos_ms_dec6.xml
2025-05-29 21:41:25,533 | INFO  | Successfully processed marcos_ms_dec6.xml: 15 transactions added
2025-05-29 21:41:25,533 | INFO  | Progress: 40/60 - marcos_ms_jan17_25.xml
2025-05-29 21:41:25,550 | INFO  | Found 5 forex transactions in marcos_ms_jan17_25.xml
2025-05-29 21:41:25,563 | INFO  | Successfully processed 5 forex transactions from marcos_ms_jan17_25.xml
2025-05-29 21:41:25,574 | INFO  | Successfully processed marcos_ms_jan17_25.xml: 5 transactions added
2025-05-29 21:41:25,574 | INFO  | Progress: 41/60 - marcos_ms_july25.xml
2025-05-29 21:41:25,592 | INFO  | Found 17 forex transactions in marcos_ms_july25.xml
2025-05-29 21:41:25,606 | INFO  | Successfully processed 17 forex transactions from marcos_ms_july25.xml
2025-05-29 21:41:25,619 | INFO  | Successfully processed marcos_ms_july25.xml: 17 transactions added
2025-05-29 21:41:25,619 | INFO  | Progress: 42/60 - marcos_ms_june28.xml
2025-05-29 21:41:25,636 | INFO  | Found 8 forex transactions in marcos_ms_june28.xml
2025-05-29 21:41:25,650 | INFO  | Successfully processed 8 forex transactions from marcos_ms_june28.xml
2025-05-29 21:41:25,661 | INFO  | Successfully processed marcos_ms_june28.xml: 8 transactions added
2025-05-29 21:41:25,661 | INFO  | Progress: 43/60 - marcos_ms_mar21_25.xml
2025-05-29 21:41:25,678 | INFO  | Found 2 forex transactions in marcos_ms_mar21_25.xml
2025-05-29 21:41:25,691 | INFO  | Successfully processed 2 forex transactions from marcos_ms_mar21_25.xml
2025-05-29 21:41:25,702 | INFO  | Successfully processed marcos_ms_mar21_25.xml: 2 transactions added
2025-05-29 21:41:25,702 | INFO  | Progress: 44/60 - marcos_ms_may14.xml
2025-05-29 21:41:25,718 | INFO  | Found 3 forex transactions in marcos_ms_may14.xml
2025-05-29 21:41:25,731 | INFO  | Successfully processed 3 forex transactions from marcos_ms_may14.xml
2025-05-29 21:41:25,742 | INFO  | Successfully processed marcos_ms_may14.xml: 3 transactions added
2025-05-29 21:41:25,742 | INFO  | Progress: 45/60 - marcos_ms_oct4.xml
2025-05-29 21:41:25,757 | INFO  | Found 3 forex transactions in marcos_ms_oct4.xml
2025-05-29 21:41:25,769 | INFO  | Successfully processed 3 forex transactions from marcos_ms_oct4.xml
2025-05-29 21:41:25,779 | INFO  | Successfully processed marcos_ms_oct4.xml: 3 transactions added
2025-05-29 21:41:25,780 | INFO  | Progress: 46/60 - mariana_apr1_24.xml
2025-05-29 21:41:25,802 | INFO  | Found 24 forex transactions in mariana_apr1_24.xml
2025-05-29 21:41:25,805 | ERROR | Error processing transaction 551887203: No account found for IB account Mariana with currency GBP (mapped to GBX)
2025-05-29 21:41:25,807 | ERROR | Error processing transaction 551887195: No account found for IB account Mariana with currency GBP (mapped to GBX)
2025-05-29 21:41:25,808 | ERROR | Error processing transaction 555292565: No account found for IB account Mariana with currency GBP (mapped to GBX)
2025-05-29 21:41:25,808 | ERROR | Error processing transaction 555292460: No account found for IB account Mariana with currency GBP (mapped to GBX)
2025-05-29 21:41:25,808 | ERROR | Error processing transaction 556568359: No account found for IB account Mariana with currency GBP (mapped to GBX)
2025-05-29 21:41:25,818 | INFO  | Successfully processed 19 forex transactions from mariana_apr1_24.xml
2025-05-29 21:41:25,819 | INFO  | Skipped 5 transactions due to errors
2025-05-29 21:41:25,829 | INFO  | Successfully processed mariana_apr1_24.xml: 19 transactions added
2025-05-29 21:41:25,830 | INFO  | Progress: 47/60 - mariana_april12.xml
2025-05-29 21:41:25,843 | INFO  | Found 3 forex transactions in mariana_april12.xml
2025-05-29 21:41:25,847 | ERROR | Error processing transaction 563181341: No account found for IB account Mariana with currency GBP (mapped to GBX)
2025-05-29 21:41:25,856 | INFO  | Successfully processed 2 forex transactions from mariana_april12.xml
2025-05-29 21:41:25,856 | INFO  | Skipped 1 transactions due to errors
2025-05-29 21:41:25,866 | INFO  | Successfully processed mariana_april12.xml: 2 transactions added
2025-05-29 21:41:25,866 | INFO  | Progress: 48/60 - mariana_april19.xml
2025-05-29 21:41:25,878 | INFO  | Found 0 forex transactions in mariana_april19.xml
2025-05-29 21:41:25,890 | INFO  | Successfully processed mariana_april19.xml: 0 transactions added
2025-05-29 21:41:25,890 | INFO  | Progress: 49/60 - mariana_aug30.xml
2025-05-29 21:41:25,906 | INFO  | Found 4 forex transactions in mariana_aug30.xml
2025-05-29 21:41:25,919 | INFO  | Successfully processed 4 forex transactions from mariana_aug30.xml
2025-05-29 21:41:25,930 | INFO  | Successfully processed mariana_aug30.xml: 4 transactions added
2025-05-29 21:41:25,931 | INFO  | Progress: 50/60 - mariana_dec6.xml
2025-05-29 21:41:25,948 | INFO  | Found 8 forex transactions in mariana_dec6.xml
2025-05-29 21:41:25,963 | INFO  | Successfully processed 8 forex transactions from mariana_dec6.xml
2025-05-29 21:41:25,975 | INFO  | Successfully processed mariana_dec6.xml: 8 transactions added
2025-05-29 21:41:25,976 | INFO  | Progress: 51/60 - mariana_jan17_25.xml
2025-05-29 21:41:25,993 | INFO  | Found 2 forex transactions in mariana_jan17_25.xml
2025-05-29 21:41:26,006 | INFO  | Successfully processed 2 forex transactions from mariana_jan17_25.xml
2025-05-29 21:41:26,018 | INFO  | Successfully processed mariana_jan17_25.xml: 2 transactions added
2025-05-29 21:41:26,018 | INFO  | Progress: 52/60 - mariana_jan5_24.xml
2025-05-29 21:41:26,059 | INFO  | Found 19 forex transactions in mariana_jan5_24.xml
2025-05-29 21:41:26,074 | INFO  | Successfully processed 19 forex transactions from mariana_jan5_24.xml
2025-05-29 21:41:26,088 | INFO  | Successfully processed mariana_jan5_24.xml: 19 transactions added
2025-05-29 21:41:26,088 | INFO  | Progress: 53/60 - mariana_jan6_23.xml
2025-05-29 21:41:26,116 | INFO  | Found 14 forex transactions in mariana_jan6_23.xml
2025-05-29 21:41:26,130 | INFO  | Successfully processed 14 forex transactions from mariana_jan6_23.xml
2025-05-29 21:41:26,142 | INFO  | Successfully processed mariana_jan6_23.xml: 14 transactions added
2025-05-29 21:41:26,143 | INFO  | Progress: 54/60 - mariana_jan7_22.xml
2025-05-29 21:41:26,169 | INFO  | Found 4 forex transactions in mariana_jan7_22.xml
2025-05-29 21:41:26,181 | INFO  | Successfully processed 4 forex transactions from mariana_jan7_22.xml
2025-05-29 21:41:26,191 | INFO  | Successfully processed mariana_jan7_22.xml: 4 transactions added
2025-05-29 21:41:26,192 | INFO  | Progress: 55/60 - mariana_jan8_21.xml
2025-05-29 21:41:26,223 | INFO  | Found 5 forex transactions in mariana_jan8_21.xml
2025-05-29 21:41:26,236 | INFO  | Successfully processed 5 forex transactions from mariana_jan8_21.xml
2025-05-29 21:41:26,247 | INFO  | Successfully processed mariana_jan8_21.xml: 5 transactions added
2025-05-29 21:41:26,247 | INFO  | Progress: 56/60 - mariana_july25.xml
2025-05-29 21:41:26,262 | INFO  | Found 4 forex transactions in mariana_july25.xml
2025-05-29 21:41:26,274 | INFO  | Successfully processed 4 forex transactions from mariana_july25.xml
2025-05-29 21:41:26,285 | INFO  | Successfully processed mariana_july25.xml: 4 transactions added
2025-05-29 21:41:26,285 | INFO  | Progress: 57/60 - mariana_june28.xml
2025-05-29 21:41:26,306 | INFO  | Found 7 forex transactions in mariana_june28.xml
2025-05-29 21:41:26,320 | INFO  | Successfully processed 7 forex transactions from mariana_june28.xml
2025-05-29 21:41:26,332 | INFO  | Successfully processed mariana_june28.xml: 7 transactions added
2025-05-29 21:41:26,333 | INFO  | Progress: 58/60 - mariana_mar20_25.xml
2025-05-29 21:41:26,354 | INFO  | Found 5 forex transactions in mariana_mar20_25.xml
2025-05-29 21:41:26,367 | INFO  | Successfully processed 5 forex transactions from mariana_mar20_25.xml
2025-05-29 21:41:26,379 | INFO  | Successfully processed mariana_mar20_25.xml: 5 transactions added
2025-05-29 21:41:26,379 | INFO  | Progress: 59/60 - mariana_may14.xml
2025-05-29 21:41:26,395 | INFO  | Found 2 forex transactions in mariana_may14.xml
2025-05-29 21:41:26,407 | INFO  | Successfully processed 2 forex transactions from mariana_may14.xml
2025-05-29 21:41:26,417 | INFO  | Successfully processed mariana_may14.xml: 2 transactions added
2025-05-29 21:41:26,417 | INFO  | Progress: 60/60 - mariana_oct4.xml
2025-05-29 21:41:26,434 | INFO  | Found 4 forex transactions in mariana_oct4.xml
2025-05-29 21:41:26,447 | INFO  | Successfully processed 4 forex transactions from mariana_oct4.xml
2025-05-29 21:41:26,457 | INFO  | Successfully processed mariana_oct4.xml: 4 transactions added
2025-05-29 21:41:26,457 | INFO  | Step 3: Exporting final accumulated database to PP XML...
2025-05-29 21:41:26,458 | INFO  | Exporting database to PP XML: D:\Projetos\Finance_data\IDE\vs_code\ib_pp_importer\portfolio_management.xml
2025-05-29 21:41:31,836 | INFO  | Successfully exported database to D:\Projetos\Finance_data\IDE\vs_code\ib_pp_importer\portfolio_management.xml
2025-05-29 21:41:31,837 | INFO  | Successfully exported final PP XML with all accumulated transactions
2025-05-29 21:41:31,837 | INFO  | ============================================================
2025-05-29 21:41:31,837 | INFO  | BULK PROCESSING COMPLETE
2025-05-29 21:41:31,837 | INFO  | ============================================================
2025-05-29 21:41:31,837 | INFO  | Total files processed: 60
2025-05-29 21:41:31,837 | INFO  | Successful: 60
2025-05-29 21:41:31,838 | INFO  | Errors: 0
2025-05-29 21:41:31,838 | INFO  | Total forex transactions added: 687
2025-05-29 21:41:31,838 | INFO  | Processing time: 20.3 seconds
2025-05-29 21:41:31,838 | INFO  | All files processed successfully
2025-05-29 22:12:40,112 | INFO  | ============================================================
2025-05-29 22:12:40,113 | INFO  | FIXED FOREX BULK PROCESSOR STARTING
2025-05-29 22:12:40,113 | INFO  | ============================================================
2025-05-29 22:12:40,113 | INFO  | PP XML file: D:\Projetos\Finance_data\IDE\vs_code\ib_pp_importer\portfolio_management.xml
2025-05-29 22:12:40,113 | INFO  | Transaction data directory: D:\Projetos\Finance_data\Portfolio performance\transaction data
2025-05-29 22:12:40,114 | INFO  | Debug mode: Disabled
2025-05-29 22:12:40,116 | INFO  | Tracking database initialized
2025-05-29 22:12:40,142 | INFO  | Backup created: D:\Projetos\Finance_data\IDE\vs_code\ib_pp_importer\portfolio_management_backup_20250529_221240.xml
2025-05-29 22:12:40,143 | INFO  | Found 5 IB directories: ['IB lia', 'IB marcos', 'IB marcos_ms', 'IB mariana', 'IB RRSP']
2025-05-29 22:12:40,144 | INFO  | Total IB XML files discovered: 60
2025-05-29 22:12:40,155 | INFO  | New files to process: 0 out of 60 total
2025-05-29 22:12:40,156 | INFO  | All files have already been processed. Nothing to do.
2025-05-29 22:20:25,972 | INFO  | ============================================================
2025-05-29 22:20:25,972 | INFO  | FIXED FOREX BULK PROCESSOR STARTING
2025-05-29 22:20:25,972 | INFO  | ============================================================
2025-05-29 22:20:25,972 | INFO  | PP XML file: D:\Projetos\Finance_data\IDE\vs_code\ib_pp_importer\portfolio_management.xml
2025-05-29 22:20:25,973 | INFO  | Transaction data directory: D:\Projetos\Finance_data\Portfolio performance\transaction data
2025-05-29 22:20:25,973 | INFO  | Debug mode: Disabled
2025-05-29 22:20:25,974 | INFO  | Tracking database initialized
2025-05-29 22:20:26,007 | INFO  | Backup created: D:\Projetos\Finance_data\IDE\vs_code\ib_pp_importer\portfolio_management_backup_20250529_222025.xml
2025-05-29 22:20:26,008 | INFO  | Found 5 IB directories: ['IB lia', 'IB marcos', 'IB marcos_ms', 'IB mariana', 'IB RRSP']
2025-05-29 22:20:26,010 | INFO  | Total IB XML files discovered: 60
2025-05-29 22:20:26,031 | INFO  | New files to process: 60 out of 60 total
2025-05-29 22:20:26,031 | INFO  | Starting bulk processing of 60 files
2025-05-29 22:20:26,032 | INFO  | Step 1: Importing PP XML to database...
2025-05-29 22:20:26,032 | INFO  | Importing PP XML to database: D:\Projetos\Finance_data\IDE\vs_code\ppxml2db\pp_databases\portfolio_management.db
2025-05-29 22:20:38,110 | INFO  | Successfully imported D:\Projetos\Finance_data\IDE\vs_code\ib_pp_importer\portfolio_management.xml to D:\Projetos\Finance_data\IDE\vs_code\ppxml2db\pp_databases\portfolio_management.db
2025-05-29 22:20:38,111 | INFO  | Step 2: Processing IB XML files and accumulating transactions...
2025-05-29 22:20:38,111 | INFO  | Progress: 1/60 - ib_rrsp_dec6.xml
2025-05-29 22:20:38,122 | INFO  | Found 0 forex transactions in ib_rrsp_dec6.xml
2025-05-29 22:20:38,135 | INFO  | Successfully processed ib_rrsp_dec6.xml: 0 transactions added
2025-05-29 22:20:38,135 | INFO  | Progress: 2/60 - ib_rrsp_jan17_25.xml
2025-05-29 22:20:38,141 | INFO  | Found 0 forex transactions in ib_rrsp_jan17_25.xml
2025-05-29 22:20:38,156 | INFO  | Successfully processed ib_rrsp_jan17_25.xml: 0 transactions added
2025-05-29 22:20:38,156 | INFO  | Progress: 3/60 - ib_rrsp_oct4.xml
2025-05-29 22:20:38,160 | INFO  | Found 2 forex transactions in ib_rrsp_oct4.xml
2025-05-29 22:20:38,179 | INFO  | Successfully processed 2 forex transactions from ib_rrsp_oct4.xml
2025-05-29 22:20:38,194 | INFO  | Successfully processed ib_rrsp_oct4.xml: 2 transactions added
2025-05-29 22:20:38,195 | INFO  | Progress: 4/60 - Lia_apr1_24.xml
2025-05-29 22:20:38,224 | INFO  | Found 19 forex transactions in Lia_apr1_24.xml
2025-05-29 22:20:38,244 | INFO  | Successfully processed 19 forex transactions from Lia_apr1_24.xml
2025-05-29 22:20:38,258 | INFO  | Successfully processed Lia_apr1_24.xml: 19 transactions added
2025-05-29 22:20:38,258 | INFO  | Progress: 5/60 - Lia_july25.xml
2025-05-29 22:20:38,265 | INFO  | Found 2 forex transactions in Lia_july25.xml
2025-05-29 22:20:38,294 | INFO  | Successfully processed 2 forex transactions from Lia_july25.xml
2025-05-29 22:20:38,311 | INFO  | Successfully processed Lia_july25.xml: 2 transactions added
2025-05-29 22:20:38,311 | INFO  | Progress: 6/60 - Lia_jun28.xml
2025-05-29 22:20:38,320 | INFO  | Found 2 forex transactions in Lia_jun28.xml
2025-05-29 22:20:38,345 | INFO  | Successfully processed 2 forex transactions from Lia_jun28.xml
2025-05-29 22:20:38,364 | INFO  | Successfully processed Lia_jun28.xml: 2 transactions added
2025-05-29 22:20:38,365 | INFO  | Progress: 7/60 - lia_april12.xml
2025-05-29 22:20:38,372 | INFO  | Found 0 forex transactions in lia_april12.xml
2025-05-29 22:20:38,386 | INFO  | Successfully processed lia_april12.xml: 0 transactions added
2025-05-29 22:20:38,386 | INFO  | Progress: 8/60 - lia_april19.xml
2025-05-29 22:20:38,388 | INFO  | Found 0 forex transactions in lia_april19.xml
2025-05-29 22:20:38,401 | INFO  | Successfully processed lia_april19.xml: 0 transactions added
2025-05-29 22:20:38,401 | INFO  | Progress: 9/60 - lia_aug30.xml
2025-05-29 22:20:38,406 | INFO  | Found 4 forex transactions in lia_aug30.xml
2025-05-29 22:20:38,420 | INFO  | Successfully processed 4 forex transactions from lia_aug30.xml
2025-05-29 22:20:38,431 | INFO  | Successfully processed lia_aug30.xml: 4 transactions added
2025-05-29 22:20:38,431 | INFO  | Progress: 10/60 - lia_dec6.xml
2025-05-29 22:20:38,438 | INFO  | Found 12 forex transactions in lia_dec6.xml
2025-05-29 22:20:38,456 | INFO  | Successfully processed 12 forex transactions from lia_dec6.xml
2025-05-29 22:20:38,467 | INFO  | Successfully processed lia_dec6.xml: 12 transactions added
2025-05-29 22:20:38,467 | INFO  | Progress: 11/60 - lia_jan17_25.xml
2025-05-29 22:20:38,473 | INFO  | Found 6 forex transactions in lia_jan17_25.xml
2025-05-29 22:20:38,487 | INFO  | Successfully processed 6 forex transactions from lia_jan17_25.xml
2025-05-29 22:20:38,497 | INFO  | Successfully processed lia_jan17_25.xml: 6 transactions added
2025-05-29 22:20:38,498 | INFO  | Progress: 12/60 - lia_mar20_25.xml
2025-05-29 22:20:38,504 | INFO  | Found 14 forex transactions in lia_mar20_25.xml
2025-05-29 22:20:38,522 | INFO  | Successfully processed 14 forex transactions from lia_mar20_25.xml
2025-05-29 22:20:38,534 | INFO  | Successfully processed lia_mar20_25.xml: 14 transactions added
2025-05-29 22:20:38,534 | INFO  | Progress: 13/60 - lia_may14.xml
2025-05-29 22:20:38,540 | INFO  | Found 6 forex transactions in lia_may14.xml
2025-05-29 22:20:38,555 | INFO  | Successfully processed 6 forex transactions from lia_may14.xml
2025-05-29 22:20:38,570 | INFO  | Successfully processed lia_may14.xml: 6 transactions added
2025-05-29 22:20:38,571 | INFO  | Progress: 14/60 - lia_oct4.xml
2025-05-29 22:20:38,578 | INFO  | Found 2 forex transactions in lia_oct4.xml
2025-05-29 22:20:38,591 | INFO  | Successfully processed 2 forex transactions from lia_oct4.xml
2025-05-29 22:20:38,602 | INFO  | Successfully processed lia_oct4.xml: 2 transactions added
2025-05-29 22:20:38,602 | INFO  | Progress: 15/60 - U3281113_U3281113_20190918_20200917_AF_952579_b40413d2b2a80ca44c10e2d27a10ddb9.xml
2025-05-29 22:20:38,632 | INFO  | Found 26 forex transactions in U3281113_U3281113_20190918_20200917_AF_952579_b40413d2b2a80ca44c10e2d27a10ddb9.xml
2025-05-29 22:20:38,649 | INFO  | Successfully processed 26 forex transactions from U3281113_U3281113_20190918_20200917_AF_952579_b40413d2b2a80ca44c10e2d27a10ddb9.xml
2025-05-29 22:20:38,662 | INFO  | Successfully processed U3281113_U3281113_20190918_20200917_AF_952579_b40413d2b2a80ca44c10e2d27a10ddb9.xml: 26 transactions added
2025-05-29 22:20:38,662 | INFO  | Progress: 16/60 - U3281113_U3281113_20200918_20210917_AF_952579_32361b98e6fc39f28adb6250c2ab9a6a.xml
2025-05-29 22:20:38,694 | INFO  | Found 14 forex transactions in U3281113_U3281113_20200918_20210917_AF_952579_32361b98e6fc39f28adb6250c2ab9a6a.xml
2025-05-29 22:20:38,709 | INFO  | Successfully processed 14 forex transactions from U3281113_U3281113_20200918_20210917_AF_952579_32361b98e6fc39f28adb6250c2ab9a6a.xml
2025-05-29 22:20:38,721 | INFO  | Successfully processed U3281113_U3281113_20200918_20210917_AF_952579_32361b98e6fc39f28adb6250c2ab9a6a.xml: 14 transactions added
2025-05-29 22:20:38,721 | INFO  | Progress: 17/60 - U3281113_U3281113_20210920_20220916_AF_952579_a9d2be1aad30e68a4f4ffbab363d2544.xml
2025-05-29 22:20:38,748 | INFO  | Found 16 forex transactions in U3281113_U3281113_20210920_20220916_AF_952579_a9d2be1aad30e68a4f4ffbab363d2544.xml
2025-05-29 22:20:38,766 | INFO  | Successfully processed 16 forex transactions from U3281113_U3281113_20210920_20220916_AF_952579_a9d2be1aad30e68a4f4ffbab363d2544.xml
2025-05-29 22:20:38,778 | INFO  | Successfully processed U3281113_U3281113_20210920_20220916_AF_952579_a9d2be1aad30e68a4f4ffbab363d2544.xml: 16 transactions added
2025-05-29 22:20:38,779 | INFO  | Progress: 18/60 - U3281113_U3281113_20220919_20230915_AF_952579_1a9b55af2d76e07d69d7d4cdea01c78d.xml
2025-05-29 22:20:38,810 | INFO  | Found 23 forex transactions in U3281113_U3281113_20220919_20230915_AF_952579_1a9b55af2d76e07d69d7d4cdea01c78d.xml
2025-05-29 22:20:38,828 | INFO  | Successfully processed 23 forex transactions from U3281113_U3281113_20220919_20230915_AF_952579_1a9b55af2d76e07d69d7d4cdea01c78d.xml
2025-05-29 22:20:38,840 | INFO  | Successfully processed U3281113_U3281113_20220919_20230915_AF_952579_1a9b55af2d76e07d69d7d4cdea01c78d.xml: 23 transactions added
2025-05-29 22:20:38,840 | INFO  | Progress: 19/60 - U3281113_U3281113_20230918_20240401_AF_952579_1a9b55af2d76e07d69d7d4cdea01c78d.xml
2025-05-29 22:20:38,865 | INFO  | Found 37 forex transactions in U3281113_U3281113_20230918_20240401_AF_952579_1a9b55af2d76e07d69d7d4cdea01c78d.xml
2025-05-29 22:20:38,889 | INFO  | Successfully processed 37 forex transactions from U3281113_U3281113_20230918_20240401_AF_952579_1a9b55af2d76e07d69d7d4cdea01c78d.xml
2025-05-29 22:20:38,903 | INFO  | Successfully processed U3281113_U3281113_20230918_20240401_AF_952579_1a9b55af2d76e07d69d7d4cdea01c78d.xml: 37 transactions added
2025-05-29 22:20:38,903 | INFO  | Progress: 20/60 - marcos_abr4_25.xml
2025-05-29 22:20:38,912 | INFO  | Found 6 forex transactions in marcos_abr4_25.xml
2025-05-29 22:20:38,926 | INFO  | Successfully processed 6 forex transactions from marcos_abr4_25.xml
2025-05-29 22:20:38,938 | INFO  | Successfully processed marcos_abr4_25.xml: 6 transactions added
2025-05-29 22:20:38,938 | INFO  | Progress: 21/60 - marcos_april12.xml
2025-05-29 22:20:38,944 | INFO  | Found 2 forex transactions in marcos_april12.xml
2025-05-29 22:20:38,958 | INFO  | Successfully processed 2 forex transactions from marcos_april12.xml
2025-05-29 22:20:38,969 | INFO  | Successfully processed marcos_april12.xml: 2 transactions added
2025-05-29 22:20:38,970 | INFO  | Progress: 22/60 - marcos_april19.xml
2025-05-29 22:20:38,976 | INFO  | Found 2 forex transactions in marcos_april19.xml
2025-05-29 22:20:38,991 | INFO  | Successfully processed 2 forex transactions from marcos_april19.xml
2025-05-29 22:20:39,004 | INFO  | Successfully processed marcos_april19.xml: 2 transactions added
2025-05-29 22:20:39,004 | INFO  | Progress: 23/60 - marcos_aug30.xml
2025-05-29 22:20:39,018 | INFO  | Found 35 forex transactions in marcos_aug30.xml
2025-05-29 22:20:39,040 | INFO  | Successfully processed 35 forex transactions from marcos_aug30.xml
2025-05-29 22:20:39,051 | INFO  | Successfully processed marcos_aug30.xml: 35 transactions added
2025-05-29 22:20:39,052 | INFO  | Progress: 24/60 - marcos_dec6.xml
2025-05-29 22:20:39,062 | INFO  | Found 49 forex transactions in marcos_dec6.xml
2025-05-29 22:20:39,083 | INFO  | Successfully processed 49 forex transactions from marcos_dec6.xml
2025-05-29 22:20:39,094 | INFO  | Successfully processed marcos_dec6.xml: 49 transactions added
2025-05-29 22:20:39,094 | INFO  | Progress: 25/60 - marcos_jan17_25.xml
2025-05-29 22:20:39,106 | INFO  | Found 62 forex transactions in marcos_jan17_25.xml
2025-05-29 22:20:39,131 | INFO  | Successfully processed 62 forex transactions from marcos_jan17_25.xml
2025-05-29 22:20:39,142 | INFO  | Successfully processed marcos_jan17_25.xml: 62 transactions added
2025-05-29 22:20:39,142 | INFO  | Progress: 26/60 - marcos_july25.xml
2025-05-29 22:20:39,150 | INFO  | Found 21 forex transactions in marcos_july25.xml
2025-05-29 22:20:39,170 | INFO  | Successfully processed 21 forex transactions from marcos_july25.xml
2025-05-29 22:20:39,182 | INFO  | Successfully processed marcos_july25.xml: 21 transactions added
2025-05-29 22:20:39,182 | INFO  | Progress: 27/60 - marcos_june28.xml
2025-05-29 22:20:39,192 | INFO  | Found 11 forex transactions in marcos_june28.xml
2025-05-29 22:20:39,214 | INFO  | Successfully processed 11 forex transactions from marcos_june28.xml
2025-05-29 22:20:39,226 | INFO  | Successfully processed marcos_june28.xml: 11 transactions added
2025-05-29 22:20:39,227 | INFO  | Progress: 28/60 - marcos_mar20_25.xml
2025-05-29 22:20:39,239 | INFO  | Found 69 forex transactions in marcos_mar20_25.xml
2025-05-29 22:20:39,259 | INFO  | Successfully processed 69 forex transactions from marcos_mar20_25.xml
2025-05-29 22:20:39,270 | INFO  | Successfully processed marcos_mar20_25.xml: 69 transactions added
2025-05-29 22:20:39,270 | INFO  | Progress: 29/60 - marcos_may14.xml
2025-05-29 22:20:39,276 | INFO  | Found 8 forex transactions in marcos_may14.xml
2025-05-29 22:20:39,290 | INFO  | Successfully processed 8 forex transactions from marcos_may14.xml
2025-05-29 22:20:39,300 | INFO  | Successfully processed marcos_may14.xml: 8 transactions added
2025-05-29 22:20:39,300 | INFO  | Progress: 30/60 - marcos_oct4.xml
2025-05-29 22:20:39,307 | INFO  | Found 28 forex transactions in marcos_oct4.xml
2025-05-29 22:20:39,323 | INFO  | Successfully processed 28 forex transactions from marcos_oct4.xml
2025-05-29 22:20:39,333 | INFO  | Successfully processed marcos_oct4.xml: 28 transactions added
2025-05-29 22:20:39,333 | INFO  | Progress: 31/60 - PP_report_fromJune14_2021_to_June10_2022.xml
2025-05-29 22:20:39,352 | INFO  | Found 0 forex transactions in PP_report_fromJune14_2021_to_June10_2022.xml
2025-05-29 22:20:39,363 | INFO  | Successfully processed PP_report_fromJune14_2021_to_June10_2022.xml: 0 transactions added
2025-05-29 22:20:39,363 | INFO  | Progress: 32/60 - PP_report_from_June12_2023_to_April1_2024.xml
2025-05-29 22:20:39,379 | INFO  | Found 27 forex transactions in PP_report_from_June12_2023_to_April1_2024.xml
2025-05-29 22:20:39,382 | ERROR | Error processing transaction 521469713: No account found for IB account U3129083 with currency CNH (mapped to CNY)
2025-05-29 22:20:39,385 | ERROR | Error processing transaction 522069828: No account found for IB account U3129083 with currency CNH (mapped to CNY)
2025-05-29 22:20:39,395 | INFO  | Successfully processed 25 forex transactions from PP_report_from_June12_2023_to_April1_2024.xml
2025-05-29 22:20:39,395 | INFO  | Skipped 2 transactions due to errors
2025-05-29 22:20:39,405 | INFO  | Successfully processed PP_report_from_June12_2023_to_April1_2024.xml: 25 transactions added
2025-05-29 22:20:39,406 | INFO  | Progress: 33/60 - PP_report_from_June13_2019_to_June12_2020.xml
2025-05-29 22:20:39,424 | INFO  | Found 16 forex transactions in PP_report_from_June13_2019_to_June12_2020.xml
2025-05-29 22:20:39,439 | INFO  | Successfully processed 16 forex transactions from PP_report_from_June13_2019_to_June12_2020.xml
2025-05-29 22:20:39,450 | INFO  | Successfully processed PP_report_from_June13_2019_to_June12_2020.xml: 16 transactions added
2025-05-29 22:20:39,450 | INFO  | Progress: 34/60 - PP_report_from_June13_2022_to_June9_2023.xml
2025-05-29 22:20:39,468 | INFO  | Found 3 forex transactions in PP_report_from_June13_2022_to_June9_2023.xml
2025-05-29 22:20:39,481 | INFO  | Successfully processed 3 forex transactions from PP_report_from_June13_2022_to_June9_2023.xml
2025-05-29 22:20:39,492 | INFO  | Successfully processed PP_report_from_June13_2022_to_June9_2023.xml: 3 transactions added
2025-05-29 22:20:39,492 | INFO  | Progress: 35/60 - PP_report_from_June15_2020_to_June11_2021.xml
2025-05-29 22:20:39,509 | INFO  | Found 5 forex transactions in PP_report_from_June15_2020_to_June11_2021.xml
2025-05-29 22:20:39,521 | INFO  | Successfully processed 5 forex transactions from PP_report_from_June15_2020_to_June11_2021.xml
2025-05-29 22:20:39,532 | INFO  | Successfully processed PP_report_from_June15_2020_to_June11_2021.xml: 5 transactions added
2025-05-29 22:20:39,533 | INFO  | Progress: 36/60 - marcos_ms_abr1.xml
2025-05-29 22:20:39,537 | INFO  | Found 1 forex transactions in marcos_ms_abr1.xml
2025-05-29 22:20:39,549 | INFO  | Successfully processed 1 forex transactions from marcos_ms_abr1.xml
2025-05-29 22:20:39,561 | INFO  | Successfully processed marcos_ms_abr1.xml: 1 transactions added
2025-05-29 22:20:39,561 | INFO  | Progress: 37/60 - marcos_ms_abr19.xml
2025-05-29 22:20:39,565 | INFO  | Found 0 forex transactions in marcos_ms_abr19.xml
2025-05-29 22:20:39,575 | INFO  | Successfully processed marcos_ms_abr19.xml: 0 transactions added
2025-05-29 22:20:39,576 | INFO  | Progress: 38/60 - marcos_ms_aug27.xml
2025-05-29 22:20:39,579 | INFO  | Found 9 forex transactions in marcos_ms_aug27.xml
2025-05-29 22:20:39,592 | INFO  | Successfully processed 9 forex transactions from marcos_ms_aug27.xml
2025-05-29 22:20:39,603 | INFO  | Successfully processed marcos_ms_aug27.xml: 9 transactions added
2025-05-29 22:20:39,604 | INFO  | Progress: 39/60 - marcos_ms_dec6.xml
2025-05-29 22:20:39,610 | INFO  | Found 15 forex transactions in marcos_ms_dec6.xml
2025-05-29 22:20:39,625 | INFO  | Successfully processed 15 forex transactions from marcos_ms_dec6.xml
2025-05-29 22:20:39,639 | INFO  | Successfully processed marcos_ms_dec6.xml: 15 transactions added
2025-05-29 22:20:39,639 | INFO  | Progress: 40/60 - marcos_ms_jan17_25.xml
2025-05-29 22:20:39,644 | INFO  | Found 5 forex transactions in marcos_ms_jan17_25.xml
2025-05-29 22:20:39,656 | INFO  | Successfully processed 5 forex transactions from marcos_ms_jan17_25.xml
2025-05-29 22:20:39,667 | INFO  | Successfully processed marcos_ms_jan17_25.xml: 5 transactions added
2025-05-29 22:20:39,667 | INFO  | Progress: 41/60 - marcos_ms_july25.xml
2025-05-29 22:20:39,674 | INFO  | Found 17 forex transactions in marcos_ms_july25.xml
2025-05-29 22:20:39,690 | INFO  | Successfully processed 17 forex transactions from marcos_ms_july25.xml
2025-05-29 22:20:39,700 | INFO  | Successfully processed marcos_ms_july25.xml: 17 transactions added
2025-05-29 22:20:39,700 | INFO  | Progress: 42/60 - marcos_ms_june28.xml
2025-05-29 22:20:39,705 | INFO  | Found 8 forex transactions in marcos_ms_june28.xml
2025-05-29 22:20:39,720 | INFO  | Successfully processed 8 forex transactions from marcos_ms_june28.xml
2025-05-29 22:20:39,731 | INFO  | Successfully processed marcos_ms_june28.xml: 8 transactions added
2025-05-29 22:20:39,732 | INFO  | Progress: 43/60 - marcos_ms_mar21_25.xml
2025-05-29 22:20:39,738 | INFO  | Found 2 forex transactions in marcos_ms_mar21_25.xml
2025-05-29 22:20:39,750 | INFO  | Successfully processed 2 forex transactions from marcos_ms_mar21_25.xml
2025-05-29 22:20:39,762 | INFO  | Successfully processed marcos_ms_mar21_25.xml: 2 transactions added
2025-05-29 22:20:39,763 | INFO  | Progress: 44/60 - marcos_ms_may14.xml
2025-05-29 22:20:39,768 | INFO  | Found 3 forex transactions in marcos_ms_may14.xml
2025-05-29 22:20:39,779 | INFO  | Successfully processed 3 forex transactions from marcos_ms_may14.xml
2025-05-29 22:20:39,789 | INFO  | Successfully processed marcos_ms_may14.xml: 3 transactions added
2025-05-29 22:20:39,789 | INFO  | Progress: 45/60 - marcos_ms_oct4.xml
2025-05-29 22:20:39,794 | INFO  | Found 3 forex transactions in marcos_ms_oct4.xml
2025-05-29 22:20:39,808 | INFO  | Successfully processed 3 forex transactions from marcos_ms_oct4.xml
2025-05-29 22:20:39,818 | INFO  | Successfully processed marcos_ms_oct4.xml: 3 transactions added
2025-05-29 22:20:39,818 | INFO  | Progress: 46/60 - mariana_apr1_24.xml
2025-05-29 22:20:39,826 | INFO  | Found 24 forex transactions in mariana_apr1_24.xml
2025-05-29 22:20:39,843 | INFO  | Successfully processed 24 forex transactions from mariana_apr1_24.xml
2025-05-29 22:20:39,854 | INFO  | Successfully processed mariana_apr1_24.xml: 24 transactions added
2025-05-29 22:20:39,854 | INFO  | Progress: 47/60 - mariana_april12.xml
2025-05-29 22:20:39,858 | INFO  | Found 3 forex transactions in mariana_april12.xml
2025-05-29 22:20:39,869 | INFO  | Successfully processed 3 forex transactions from mariana_april12.xml
2025-05-29 22:20:39,881 | INFO  | Successfully processed mariana_april12.xml: 3 transactions added
2025-05-29 22:20:39,881 | INFO  | Progress: 48/60 - mariana_april19.xml
2025-05-29 22:20:39,886 | INFO  | Found 0 forex transactions in mariana_april19.xml
2025-05-29 22:20:39,899 | INFO  | Successfully processed mariana_april19.xml: 0 transactions added
2025-05-29 22:20:39,900 | INFO  | Progress: 49/60 - mariana_aug30.xml
2025-05-29 22:20:39,906 | INFO  | Found 4 forex transactions in mariana_aug30.xml
2025-05-29 22:20:39,921 | INFO  | Successfully processed 4 forex transactions from mariana_aug30.xml
2025-05-29 22:20:39,933 | INFO  | Successfully processed mariana_aug30.xml: 4 transactions added
2025-05-29 22:20:39,933 | INFO  | Progress: 50/60 - mariana_dec6.xml
2025-05-29 22:20:39,939 | INFO  | Found 8 forex transactions in mariana_dec6.xml
2025-05-29 22:20:39,954 | INFO  | Successfully processed 8 forex transactions from mariana_dec6.xml
2025-05-29 22:20:39,965 | INFO  | Successfully processed mariana_dec6.xml: 8 transactions added
2025-05-29 22:20:39,965 | INFO  | Progress: 51/60 - mariana_jan17_25.xml
2025-05-29 22:20:39,970 | INFO  | Found 2 forex transactions in mariana_jan17_25.xml
2025-05-29 22:20:39,982 | INFO  | Successfully processed 2 forex transactions from mariana_jan17_25.xml
2025-05-29 22:20:39,993 | INFO  | Successfully processed mariana_jan17_25.xml: 2 transactions added
2025-05-29 22:20:39,994 | INFO  | Progress: 52/60 - mariana_jan5_24.xml
2025-05-29 22:20:40,014 | INFO  | Found 19 forex transactions in mariana_jan5_24.xml
2025-05-29 22:20:40,032 | INFO  | Successfully processed 19 forex transactions from mariana_jan5_24.xml
2025-05-29 22:20:40,043 | INFO  | Successfully processed mariana_jan5_24.xml: 19 transactions added
2025-05-29 22:20:40,044 | INFO  | Progress: 53/60 - mariana_jan6_23.xml
2025-05-29 22:20:40,061 | INFO  | Found 14 forex transactions in mariana_jan6_23.xml
2025-05-29 22:20:40,077 | INFO  | Successfully processed 14 forex transactions from mariana_jan6_23.xml
2025-05-29 22:20:40,090 | INFO  | Successfully processed mariana_jan6_23.xml: 14 transactions added
2025-05-29 22:20:40,090 | INFO  | Progress: 54/60 - mariana_jan7_22.xml
2025-05-29 22:20:40,107 | INFO  | Found 4 forex transactions in mariana_jan7_22.xml
2025-05-29 22:20:40,120 | INFO  | Successfully processed 4 forex transactions from mariana_jan7_22.xml
2025-05-29 22:20:40,131 | INFO  | Successfully processed mariana_jan7_22.xml: 4 transactions added
2025-05-29 22:20:40,132 | INFO  | Progress: 55/60 - mariana_jan8_21.xml
2025-05-29 22:20:40,151 | INFO  | Found 5 forex transactions in mariana_jan8_21.xml
2025-05-29 22:20:40,164 | INFO  | Successfully processed 5 forex transactions from mariana_jan8_21.xml
2025-05-29 22:20:40,176 | INFO  | Successfully processed mariana_jan8_21.xml: 5 transactions added
2025-05-29 22:20:40,176 | INFO  | Progress: 56/60 - mariana_july25.xml
2025-05-29 22:20:40,181 | INFO  | Found 4 forex transactions in mariana_july25.xml
2025-05-29 22:20:40,195 | INFO  | Successfully processed 4 forex transactions from mariana_july25.xml
2025-05-29 22:20:40,206 | INFO  | Successfully processed mariana_july25.xml: 4 transactions added
2025-05-29 22:20:40,206 | INFO  | Progress: 57/60 - mariana_june28.xml
2025-05-29 22:20:40,213 | INFO  | Found 7 forex transactions in mariana_june28.xml
2025-05-29 22:20:40,231 | INFO  | Successfully processed 7 forex transactions from mariana_june28.xml
2025-05-29 22:20:40,242 | INFO  | Successfully processed mariana_june28.xml: 7 transactions added
2025-05-29 22:20:40,242 | INFO  | Progress: 58/60 - mariana_mar20_25.xml
2025-05-29 22:20:40,249 | INFO  | Found 5 forex transactions in mariana_mar20_25.xml
2025-05-29 22:20:40,265 | INFO  | Successfully processed 5 forex transactions from mariana_mar20_25.xml
2025-05-29 22:20:40,276 | INFO  | Successfully processed mariana_mar20_25.xml: 5 transactions added
2025-05-29 22:20:40,277 | INFO  | Progress: 59/60 - mariana_may14.xml
2025-05-29 22:20:40,282 | INFO  | Found 2 forex transactions in mariana_may14.xml
2025-05-29 22:20:40,305 | INFO  | Successfully processed 2 forex transactions from mariana_may14.xml
2025-05-29 22:20:40,321 | INFO  | Successfully processed mariana_may14.xml: 2 transactions added
2025-05-29 22:20:40,321 | INFO  | Progress: 60/60 - mariana_oct4.xml
2025-05-29 22:20:40,328 | INFO  | Found 4 forex transactions in mariana_oct4.xml
2025-05-29 22:20:40,345 | INFO  | Successfully processed 4 forex transactions from mariana_oct4.xml
2025-05-29 22:20:40,356 | INFO  | Successfully processed mariana_oct4.xml: 4 transactions added
2025-05-29 22:20:40,356 | INFO  | Step 3: Exporting final accumulated database to PP XML...
2025-05-29 22:20:40,357 | INFO  | Exporting database to PP XML: D:\Projetos\Finance_data\IDE\vs_code\ib_pp_importer\portfolio_management.xml
2025-05-29 22:20:46,222 | INFO  | Successfully exported database to D:\Projetos\Finance_data\IDE\vs_code\ib_pp_importer\portfolio_management.xml
2025-05-29 22:20:46,223 | INFO  | Successfully exported final PP XML with all accumulated transactions
2025-05-29 22:20:46,223 | INFO  | ============================================================
2025-05-29 22:20:46,223 | INFO  | BULK PROCESSING COMPLETE
2025-05-29 22:20:46,223 | INFO  | ============================================================
2025-05-29 22:20:46,223 | INFO  | Total files processed: 60
2025-05-29 22:20:46,223 | INFO  | Successful: 60
2025-05-29 22:20:46,223 | INFO  | Errors: 0
2025-05-29 22:20:46,223 | INFO  | Total forex transactions added: 695
2025-05-29 22:20:46,223 | INFO  | Processing time: 20.2 seconds
2025-05-29 22:20:46,224 | INFO  | All files processed successfully
2025-05-29 23:06:40,213 | INFO  | ============================================================
2025-05-29 23:06:40,214 | INFO  | FIXED FOREX BULK PROCESSOR STARTING
2025-05-29 23:06:40,214 | INFO  | ============================================================
2025-05-29 23:06:40,215 | INFO  | PP XML file: D:\Projetos\Finance_data\IDE\vs_code\ib_pp_importer\portfolio_management.xml
2025-05-29 23:06:40,215 | INFO  | Transaction data directory: D:\Projetos\Finance_data\Portfolio performance\transaction data
2025-05-29 23:06:40,216 | INFO  | Debug mode: Disabled
2025-05-29 23:06:40,218 | INFO  | Tracking database initialized
2025-05-29 23:06:40,279 | INFO  | Backup created: D:\Projetos\Finance_data\IDE\vs_code\ib_pp_importer\portfolio_management_backup_20250529_230640.xml
2025-05-29 23:06:40,280 | INFO  | Found 5 IB directories: ['IB lia', 'IB marcos', 'IB marcos_ms', 'IB mariana', 'IB RRSP']
2025-05-29 23:06:40,281 | INFO  | Total IB XML files discovered: 60
2025-05-29 23:06:40,296 | INFO  | New files to process: 0 out of 60 total
2025-05-29 23:06:40,297 | INFO  | All files have already been processed. Nothing to do.
2025-05-29 23:09:02,477 | INFO  | ============================================================
2025-05-29 23:09:02,477 | INFO  | FIXED FOREX BULK PROCESSOR STARTING
2025-05-29 23:09:02,477 | INFO  | ============================================================
2025-05-29 23:09:02,478 | INFO  | PP XML file: D:\Projetos\Finance_data\IDE\vs_code\ib_pp_importer\portfolio_management.xml
2025-05-29 23:09:02,478 | INFO  | Transaction data directory: D:\Projetos\Finance_data\Portfolio performance\transaction data
2025-05-29 23:09:02,478 | INFO  | Debug mode: Disabled
2025-05-29 23:09:02,479 | INFO  | Tracking database initialized
2025-05-29 23:09:02,507 | INFO  | Backup created: D:\Projetos\Finance_data\IDE\vs_code\ib_pp_importer\portfolio_management_backup_20250529_230902.xml
2025-05-29 23:09:02,508 | INFO  | Found 5 IB directories: ['IB lia', 'IB marcos', 'IB marcos_ms', 'IB mariana', 'IB RRSP']
2025-05-29 23:09:02,509 | INFO  | Total IB XML files discovered: 60
2025-05-29 23:09:02,520 | INFO  | New files to process: 60 out of 60 total
2025-05-29 23:09:02,520 | INFO  | Starting bulk processing of 60 files
2025-05-29 23:09:02,521 | INFO  | Step 1: Importing PP XML to database...
2025-05-29 23:09:02,521 | INFO  | Importing PP XML to database: D:\Projetos\Finance_data\IDE\vs_code\ppxml2db\pp_databases\portfolio_management.db
2025-05-29 23:09:15,582 | INFO  | Successfully imported D:\Projetos\Finance_data\IDE\vs_code\ib_pp_importer\portfolio_management.xml to D:\Projetos\Finance_data\IDE\vs_code\ppxml2db\pp_databases\portfolio_management.db
2025-05-29 23:09:15,583 | INFO  | Step 2: Processing IB XML files and accumulating transactions...
2025-05-29 23:09:15,583 | INFO  | Progress: 1/60 - ib_rrsp_dec6.xml
2025-05-29 23:09:15,594 | INFO  | Found 0 forex transactions in ib_rrsp_dec6.xml
2025-05-29 23:09:15,608 | INFO  | Successfully processed ib_rrsp_dec6.xml: 0 transactions added
2025-05-29 23:09:15,609 | INFO  | Progress: 2/60 - ib_rrsp_jan17_25.xml
2025-05-29 23:09:15,617 | INFO  | Found 0 forex transactions in ib_rrsp_jan17_25.xml
2025-05-29 23:09:15,636 | INFO  | Successfully processed ib_rrsp_jan17_25.xml: 0 transactions added
2025-05-29 23:09:15,637 | INFO  | Progress: 3/60 - ib_rrsp_oct4.xml
2025-05-29 23:09:15,643 | INFO  | Found 2 forex transactions in ib_rrsp_oct4.xml
2025-05-29 23:09:15,650 | INFO  | Successfully processed 0 forex transactions from ib_rrsp_oct4.xml
2025-05-29 23:09:15,651 | INFO  | Skipped 2 transactions due to errors or duplicates
2025-05-29 23:09:15,665 | INFO  | Successfully processed ib_rrsp_oct4.xml: 0 transactions added
2025-05-29 23:09:15,665 | INFO  | Progress: 4/60 - Lia_apr1_24.xml
2025-05-29 23:09:15,688 | INFO  | Found 19 forex transactions in Lia_apr1_24.xml
2025-05-29 23:09:15,702 | INFO  | Successfully processed 0 forex transactions from Lia_apr1_24.xml
2025-05-29 23:09:15,703 | INFO  | Skipped 19 transactions due to errors or duplicates
2025-05-29 23:09:15,717 | INFO  | Successfully processed Lia_apr1_24.xml: 0 transactions added
2025-05-29 23:09:15,717 | INFO  | Progress: 5/60 - Lia_july25.xml
2025-05-29 23:09:15,721 | INFO  | Found 2 forex transactions in Lia_july25.xml
2025-05-29 23:09:15,726 | INFO  | Successfully processed 0 forex transactions from Lia_july25.xml
2025-05-29 23:09:15,726 | INFO  | Skipped 2 transactions due to errors or duplicates
2025-05-29 23:09:15,740 | INFO  | Successfully processed Lia_july25.xml: 0 transactions added
2025-05-29 23:09:15,740 | INFO  | Progress: 6/60 - Lia_jun28.xml
2025-05-29 23:09:15,745 | INFO  | Found 2 forex transactions in Lia_jun28.xml
2025-05-29 23:09:15,753 | INFO  | Successfully processed 0 forex transactions from Lia_jun28.xml
2025-05-29 23:09:15,753 | INFO  | Skipped 2 transactions due to errors or duplicates
2025-05-29 23:09:15,765 | INFO  | Successfully processed Lia_jun28.xml: 0 transactions added
2025-05-29 23:09:15,766 | INFO  | Progress: 7/60 - lia_april12.xml
2025-05-29 23:09:15,768 | INFO  | Found 0 forex transactions in lia_april12.xml
2025-05-29 23:09:15,781 | INFO  | Successfully processed lia_april12.xml: 0 transactions added
2025-05-29 23:09:15,781 | INFO  | Progress: 8/60 - lia_april19.xml
2025-05-29 23:09:15,786 | INFO  | Found 0 forex transactions in lia_april19.xml
2025-05-29 23:09:15,798 | INFO  | Successfully processed lia_april19.xml: 0 transactions added
2025-05-29 23:09:15,799 | INFO  | Progress: 9/60 - lia_aug30.xml
2025-05-29 23:09:15,802 | INFO  | Found 4 forex transactions in lia_aug30.xml
2025-05-29 23:09:15,815 | INFO  | Successfully processed 0 forex transactions from lia_aug30.xml
2025-05-29 23:09:15,815 | INFO  | Skipped 4 transactions due to errors or duplicates
2025-05-29 23:09:15,831 | INFO  | Successfully processed lia_aug30.xml: 0 transactions added
2025-05-29 23:09:15,831 | INFO  | Progress: 10/60 - lia_dec6.xml
2025-05-29 23:09:15,838 | INFO  | Found 12 forex transactions in lia_dec6.xml
2025-05-29 23:09:15,857 | INFO  | Successfully processed 0 forex transactions from lia_dec6.xml
2025-05-29 23:09:15,857 | INFO  | Skipped 12 transactions due to errors or duplicates
2025-05-29 23:09:15,872 | INFO  | Successfully processed lia_dec6.xml: 0 transactions added
2025-05-29 23:09:15,872 | INFO  | Progress: 11/60 - lia_jan17_25.xml
2025-05-29 23:09:15,880 | INFO  | Found 6 forex transactions in lia_jan17_25.xml
2025-05-29 23:09:15,892 | INFO  | Successfully processed 0 forex transactions from lia_jan17_25.xml
2025-05-29 23:09:15,893 | INFO  | Skipped 6 transactions due to errors or duplicates
2025-05-29 23:09:15,909 | INFO  | Successfully processed lia_jan17_25.xml: 0 transactions added
2025-05-29 23:09:15,910 | INFO  | Progress: 12/60 - lia_mar20_25.xml
2025-05-29 23:09:15,921 | INFO  | Found 14 forex transactions in lia_mar20_25.xml
2025-05-29 23:09:15,940 | INFO  | Successfully processed 0 forex transactions from lia_mar20_25.xml
2025-05-29 23:09:15,941 | INFO  | Skipped 14 transactions due to errors or duplicates
2025-05-29 23:09:15,952 | INFO  | Successfully processed lia_mar20_25.xml: 0 transactions added
2025-05-29 23:09:15,953 | INFO  | Progress: 13/60 - lia_may14.xml
2025-05-29 23:09:15,957 | INFO  | Found 6 forex transactions in lia_may14.xml
2025-05-29 23:09:15,967 | INFO  | Successfully processed 0 forex transactions from lia_may14.xml
2025-05-29 23:09:15,967 | INFO  | Skipped 6 transactions due to errors or duplicates
2025-05-29 23:09:15,978 | INFO  | Successfully processed lia_may14.xml: 0 transactions added
2025-05-29 23:09:15,978 | INFO  | Progress: 14/60 - lia_oct4.xml
2025-05-29 23:09:15,983 | INFO  | Found 2 forex transactions in lia_oct4.xml
2025-05-29 23:09:15,990 | INFO  | Successfully processed 0 forex transactions from lia_oct4.xml
2025-05-29 23:09:15,990 | INFO  | Skipped 2 transactions due to errors or duplicates
2025-05-29 23:09:16,002 | INFO  | Successfully processed lia_oct4.xml: 0 transactions added
2025-05-29 23:09:16,002 | INFO  | Progress: 15/60 - U3281113_U3281113_20190918_20200917_AF_952579_b40413d2b2a80ca44c10e2d27a10ddb9.xml
2025-05-29 23:09:16,033 | INFO  | Found 26 forex transactions in U3281113_U3281113_20190918_20200917_AF_952579_b40413d2b2a80ca44c10e2d27a10ddb9.xml
2025-05-29 23:09:16,055 | INFO  | Successfully processed 0 forex transactions from U3281113_U3281113_20190918_20200917_AF_952579_b40413d2b2a80ca44c10e2d27a10ddb9.xml
2025-05-29 23:09:16,055 | INFO  | Skipped 26 transactions due to errors or duplicates
2025-05-29 23:09:16,071 | INFO  | Successfully processed U3281113_U3281113_20190918_20200917_AF_952579_b40413d2b2a80ca44c10e2d27a10ddb9.xml: 0 transactions added
2025-05-29 23:09:16,071 | INFO  | Progress: 16/60 - U3281113_U3281113_20200918_20210917_AF_952579_32361b98e6fc39f28adb6250c2ab9a6a.xml
2025-05-29 23:09:16,122 | INFO  | Found 14 forex transactions in U3281113_U3281113_20200918_20210917_AF_952579_32361b98e6fc39f28adb6250c2ab9a6a.xml
2025-05-29 23:09:16,137 | INFO  | Successfully processed 0 forex transactions from U3281113_U3281113_20200918_20210917_AF_952579_32361b98e6fc39f28adb6250c2ab9a6a.xml
2025-05-29 23:09:16,138 | INFO  | Skipped 14 transactions due to errors or duplicates
2025-05-29 23:09:16,154 | INFO  | Successfully processed U3281113_U3281113_20200918_20210917_AF_952579_32361b98e6fc39f28adb6250c2ab9a6a.xml: 0 transactions added
2025-05-29 23:09:16,155 | INFO  | Progress: 17/60 - U3281113_U3281113_20210920_20220916_AF_952579_a9d2be1aad30e68a4f4ffbab363d2544.xml
2025-05-29 23:09:16,197 | INFO  | Found 16 forex transactions in U3281113_U3281113_20210920_20220916_AF_952579_a9d2be1aad30e68a4f4ffbab363d2544.xml
2025-05-29 23:09:16,214 | INFO  | Successfully processed 0 forex transactions from U3281113_U3281113_20210920_20220916_AF_952579_a9d2be1aad30e68a4f4ffbab363d2544.xml
2025-05-29 23:09:16,214 | INFO  | Skipped 16 transactions due to errors or duplicates
2025-05-29 23:09:16,231 | INFO  | Successfully processed U3281113_U3281113_20210920_20220916_AF_952579_a9d2be1aad30e68a4f4ffbab363d2544.xml: 0 transactions added
2025-05-29 23:09:16,231 | INFO  | Progress: 18/60 - U3281113_U3281113_20220919_20230915_AF_952579_1a9b55af2d76e07d69d7d4cdea01c78d.xml
2025-05-29 23:09:16,264 | INFO  | Found 23 forex transactions in U3281113_U3281113_20220919_20230915_AF_952579_1a9b55af2d76e07d69d7d4cdea01c78d.xml
2025-05-29 23:09:16,282 | INFO  | Successfully processed 0 forex transactions from U3281113_U3281113_20220919_20230915_AF_952579_1a9b55af2d76e07d69d7d4cdea01c78d.xml
2025-05-29 23:09:16,282 | INFO  | Skipped 23 transactions due to errors or duplicates
2025-05-29 23:09:16,297 | INFO  | Successfully processed U3281113_U3281113_20220919_20230915_AF_952579_1a9b55af2d76e07d69d7d4cdea01c78d.xml: 0 transactions added
2025-05-29 23:09:16,297 | INFO  | Progress: 19/60 - U3281113_U3281113_20230918_20240401_AF_952579_1a9b55af2d76e07d69d7d4cdea01c78d.xml
2025-05-29 23:09:16,317 | INFO  | Found 37 forex transactions in U3281113_U3281113_20230918_20240401_AF_952579_1a9b55af2d76e07d69d7d4cdea01c78d.xml
2025-05-29 23:09:16,350 | INFO  | Successfully processed 0 forex transactions from U3281113_U3281113_20230918_20240401_AF_952579_1a9b55af2d76e07d69d7d4cdea01c78d.xml
2025-05-29 23:09:16,350 | INFO  | Skipped 37 transactions due to errors or duplicates
2025-05-29 23:09:16,363 | INFO  | Successfully processed U3281113_U3281113_20230918_20240401_AF_952579_1a9b55af2d76e07d69d7d4cdea01c78d.xml: 0 transactions added
2025-05-29 23:09:16,364 | INFO  | Progress: 20/60 - marcos_abr4_25.xml
2025-05-29 23:09:16,369 | INFO  | Found 6 forex transactions in marcos_abr4_25.xml
2025-05-29 23:09:16,379 | INFO  | Successfully processed 0 forex transactions from marcos_abr4_25.xml
2025-05-29 23:09:16,379 | INFO  | Skipped 6 transactions due to errors or duplicates
2025-05-29 23:09:16,391 | INFO  | Successfully processed marcos_abr4_25.xml: 0 transactions added
2025-05-29 23:09:16,391 | INFO  | Progress: 21/60 - marcos_april12.xml
2025-05-29 23:09:16,397 | INFO  | Found 2 forex transactions in marcos_april12.xml
2025-05-29 23:09:16,402 | INFO  | Successfully processed 0 forex transactions from marcos_april12.xml
2025-05-29 23:09:16,402 | INFO  | Skipped 2 transactions due to errors or duplicates
2025-05-29 23:09:16,417 | INFO  | Successfully processed marcos_april12.xml: 0 transactions added
2025-05-29 23:09:16,418 | INFO  | Progress: 22/60 - marcos_april19.xml
2025-05-29 23:09:16,423 | INFO  | Found 2 forex transactions in marcos_april19.xml
2025-05-29 23:09:16,429 | INFO  | Successfully processed 0 forex transactions from marcos_april19.xml
2025-05-29 23:09:16,430 | INFO  | Skipped 2 transactions due to errors or duplicates
2025-05-29 23:09:16,442 | INFO  | Successfully processed marcos_april19.xml: 0 transactions added
2025-05-29 23:09:16,442 | INFO  | Progress: 23/60 - marcos_aug30.xml
2025-05-29 23:09:16,449 | INFO  | Found 35 forex transactions in marcos_aug30.xml
2025-05-29 23:09:16,480 | INFO  | Successfully processed 0 forex transactions from marcos_aug30.xml
2025-05-29 23:09:16,480 | INFO  | Skipped 35 transactions due to errors or duplicates
2025-05-29 23:09:16,494 | INFO  | Successfully processed marcos_aug30.xml: 0 transactions added
2025-05-29 23:09:16,494 | INFO  | Progress: 24/60 - marcos_dec6.xml
2025-05-29 23:09:16,505 | INFO  | Found 49 forex transactions in marcos_dec6.xml
2025-05-29 23:09:16,546 | INFO  | Successfully processed 0 forex transactions from marcos_dec6.xml
2025-05-29 23:09:16,546 | INFO  | Skipped 49 transactions due to errors or duplicates
2025-05-29 23:09:16,559 | INFO  | Successfully processed marcos_dec6.xml: 0 transactions added
2025-05-29 23:09:16,560 | INFO  | Progress: 25/60 - marcos_jan17_25.xml
2025-05-29 23:09:16,568 | INFO  | Found 62 forex transactions in marcos_jan17_25.xml
2025-05-29 23:09:16,611 | INFO  | Successfully processed 0 forex transactions from marcos_jan17_25.xml
2025-05-29 23:09:16,611 | INFO  | Skipped 62 transactions due to errors or duplicates
2025-05-29 23:09:16,622 | INFO  | Successfully processed marcos_jan17_25.xml: 0 transactions added
2025-05-29 23:09:16,623 | INFO  | Progress: 26/60 - marcos_july25.xml
2025-05-29 23:09:16,631 | INFO  | Found 21 forex transactions in marcos_july25.xml
2025-05-29 23:09:16,665 | INFO  | Successfully processed 0 forex transactions from marcos_july25.xml
2025-05-29 23:09:16,665 | INFO  | Skipped 21 transactions due to errors or duplicates
2025-05-29 23:09:16,680 | INFO  | Successfully processed marcos_july25.xml: 0 transactions added
2025-05-29 23:09:16,681 | INFO  | Progress: 27/60 - marcos_june28.xml
2025-05-29 23:09:16,688 | INFO  | Found 11 forex transactions in marcos_june28.xml
2025-05-29 23:09:16,704 | INFO  | Successfully processed 0 forex transactions from marcos_june28.xml
2025-05-29 23:09:16,704 | INFO  | Skipped 11 transactions due to errors or duplicates
2025-05-29 23:09:16,716 | INFO  | Successfully processed marcos_june28.xml: 0 transactions added
2025-05-29 23:09:16,716 | INFO  | Progress: 28/60 - marcos_mar20_25.xml
2025-05-29 23:09:16,725 | INFO  | Found 69 forex transactions in marcos_mar20_25.xml
2025-05-29 23:09:16,766 | INFO  | Successfully processed 0 forex transactions from marcos_mar20_25.xml
2025-05-29 23:09:16,766 | INFO  | Skipped 69 transactions due to errors or duplicates
2025-05-29 23:09:16,777 | INFO  | Successfully processed marcos_mar20_25.xml: 0 transactions added
2025-05-29 23:09:16,777 | INFO  | Progress: 29/60 - marcos_may14.xml
2025-05-29 23:09:16,781 | INFO  | Found 8 forex transactions in marcos_may14.xml
2025-05-29 23:09:16,791 | INFO  | Successfully processed 0 forex transactions from marcos_may14.xml
2025-05-29 23:09:16,791 | INFO  | Skipped 8 transactions due to errors or duplicates
2025-05-29 23:09:16,803 | INFO  | Successfully processed marcos_may14.xml: 0 transactions added
2025-05-29 23:09:16,803 | INFO  | Progress: 30/60 - marcos_oct4.xml
2025-05-29 23:09:16,810 | INFO  | Found 28 forex transactions in marcos_oct4.xml
2025-05-29 23:09:16,831 | INFO  | Successfully processed 0 forex transactions from marcos_oct4.xml
2025-05-29 23:09:16,831 | INFO  | Skipped 28 transactions due to errors or duplicates
2025-05-29 23:09:16,842 | INFO  | Successfully processed marcos_oct4.xml: 0 transactions added
2025-05-29 23:09:16,843 | INFO  | Progress: 31/60 - PP_report_fromJune14_2021_to_June10_2022.xml
2025-05-29 23:09:16,859 | INFO  | Found 0 forex transactions in PP_report_fromJune14_2021_to_June10_2022.xml
2025-05-29 23:09:16,870 | INFO  | Successfully processed PP_report_fromJune14_2021_to_June10_2022.xml: 0 transactions added
2025-05-29 23:09:16,871 | INFO  | Progress: 32/60 - PP_report_from_June12_2023_to_April1_2024.xml
2025-05-29 23:09:16,887 | INFO  | Found 27 forex transactions in PP_report_from_June12_2023_to_April1_2024.xml
2025-05-29 23:09:16,904 | INFO  | Successfully processed 0 forex transactions from PP_report_from_June12_2023_to_April1_2024.xml
2025-05-29 23:09:16,904 | INFO  | Skipped 27 transactions due to errors or duplicates
2025-05-29 23:09:16,915 | INFO  | Successfully processed PP_report_from_June12_2023_to_April1_2024.xml: 0 transactions added
2025-05-29 23:09:16,916 | INFO  | Progress: 33/60 - PP_report_from_June13_2019_to_June12_2020.xml
2025-05-29 23:09:16,934 | INFO  | Found 16 forex transactions in PP_report_from_June13_2019_to_June12_2020.xml
2025-05-29 23:09:16,945 | INFO  | Successfully processed 0 forex transactions from PP_report_from_June13_2019_to_June12_2020.xml
2025-05-29 23:09:16,946 | INFO  | Skipped 16 transactions due to errors or duplicates
2025-05-29 23:09:16,957 | INFO  | Successfully processed PP_report_from_June13_2019_to_June12_2020.xml: 0 transactions added
2025-05-29 23:09:16,958 | INFO  | Progress: 34/60 - PP_report_from_June13_2022_to_June9_2023.xml
2025-05-29 23:09:16,974 | INFO  | Found 3 forex transactions in PP_report_from_June13_2022_to_June9_2023.xml
2025-05-29 23:09:16,979 | INFO  | Successfully processed 0 forex transactions from PP_report_from_June13_2022_to_June9_2023.xml
2025-05-29 23:09:16,979 | INFO  | Skipped 3 transactions due to errors or duplicates
2025-05-29 23:09:16,994 | INFO  | Successfully processed PP_report_from_June13_2022_to_June9_2023.xml: 0 transactions added
2025-05-29 23:09:16,994 | INFO  | Progress: 35/60 - PP_report_from_June15_2020_to_June11_2021.xml
2025-05-29 23:09:17,013 | INFO  | Found 5 forex transactions in PP_report_from_June15_2020_to_June11_2021.xml
2025-05-29 23:09:17,020 | INFO  | Successfully processed 0 forex transactions from PP_report_from_June15_2020_to_June11_2021.xml
2025-05-29 23:09:17,020 | INFO  | Skipped 5 transactions due to errors or duplicates
2025-05-29 23:09:17,032 | INFO  | Successfully processed PP_report_from_June15_2020_to_June11_2021.xml: 0 transactions added
2025-05-29 23:09:17,032 | INFO  | Progress: 36/60 - marcos_ms_abr1.xml
2025-05-29 23:09:17,035 | INFO  | Found 1 forex transactions in marcos_ms_abr1.xml
2025-05-29 23:09:17,041 | INFO  | Successfully processed 0 forex transactions from marcos_ms_abr1.xml
2025-05-29 23:09:17,042 | INFO  | Skipped 1 transactions due to errors or duplicates
2025-05-29 23:09:17,054 | INFO  | Successfully processed marcos_ms_abr1.xml: 0 transactions added
2025-05-29 23:09:17,054 | INFO  | Progress: 37/60 - marcos_ms_abr19.xml
2025-05-29 23:09:17,058 | INFO  | Found 0 forex transactions in marcos_ms_abr19.xml
2025-05-29 23:09:17,072 | INFO  | Successfully processed marcos_ms_abr19.xml: 0 transactions added
2025-05-29 23:09:17,073 | INFO  | Progress: 38/60 - marcos_ms_aug27.xml
2025-05-29 23:09:17,079 | INFO  | Found 9 forex transactions in marcos_ms_aug27.xml
2025-05-29 23:09:17,092 | INFO  | Successfully processed 0 forex transactions from marcos_ms_aug27.xml
2025-05-29 23:09:17,092 | INFO  | Skipped 9 transactions due to errors or duplicates
2025-05-29 23:09:17,105 | INFO  | Successfully processed marcos_ms_aug27.xml: 0 transactions added
2025-05-29 23:09:17,106 | INFO  | Progress: 39/60 - marcos_ms_dec6.xml
2025-05-29 23:09:17,111 | INFO  | Found 15 forex transactions in marcos_ms_dec6.xml
2025-05-29 23:09:17,129 | INFO  | Successfully processed 0 forex transactions from marcos_ms_dec6.xml
2025-05-29 23:09:17,129 | INFO  | Skipped 15 transactions due to errors or duplicates
2025-05-29 23:09:17,142 | INFO  | Successfully processed marcos_ms_dec6.xml: 0 transactions added
2025-05-29 23:09:17,143 | INFO  | Progress: 40/60 - marcos_ms_jan17_25.xml
2025-05-29 23:09:17,148 | INFO  | Found 5 forex transactions in marcos_ms_jan17_25.xml
2025-05-29 23:09:17,156 | INFO  | Successfully processed 0 forex transactions from marcos_ms_jan17_25.xml
2025-05-29 23:09:17,156 | INFO  | Skipped 5 transactions due to errors or duplicates
2025-05-29 23:09:17,168 | INFO  | Successfully processed marcos_ms_jan17_25.xml: 0 transactions added
2025-05-29 23:09:17,168 | INFO  | Progress: 41/60 - marcos_ms_july25.xml
2025-05-29 23:09:17,172 | INFO  | Found 17 forex transactions in marcos_ms_july25.xml
2025-05-29 23:09:17,188 | INFO  | Successfully processed 0 forex transactions from marcos_ms_july25.xml
2025-05-29 23:09:17,188 | INFO  | Skipped 17 transactions due to errors or duplicates
2025-05-29 23:09:17,199 | INFO  | Successfully processed marcos_ms_july25.xml: 0 transactions added
2025-05-29 23:09:17,200 | INFO  | Progress: 42/60 - marcos_ms_june28.xml
2025-05-29 23:09:17,205 | INFO  | Found 8 forex transactions in marcos_ms_june28.xml
2025-05-29 23:09:17,216 | INFO  | Successfully processed 0 forex transactions from marcos_ms_june28.xml
2025-05-29 23:09:17,217 | INFO  | Skipped 8 transactions due to errors or duplicates
2025-05-29 23:09:17,233 | INFO  | Successfully processed marcos_ms_june28.xml: 0 transactions added
2025-05-29 23:09:17,234 | INFO  | Progress: 43/60 - marcos_ms_mar21_25.xml
2025-05-29 23:09:17,251 | INFO  | Found 2 forex transactions in marcos_ms_mar21_25.xml
2025-05-29 23:09:17,256 | INFO  | Successfully processed 0 forex transactions from marcos_ms_mar21_25.xml
2025-05-29 23:09:17,257 | INFO  | Skipped 2 transactions due to errors or duplicates
2025-05-29 23:09:17,268 | INFO  | Successfully processed marcos_ms_mar21_25.xml: 0 transactions added
2025-05-29 23:09:17,270 | INFO  | Progress: 44/60 - marcos_ms_may14.xml
2025-05-29 23:09:17,278 | INFO  | Found 3 forex transactions in marcos_ms_may14.xml
2025-05-29 23:09:17,283 | INFO  | Successfully processed 0 forex transactions from marcos_ms_may14.xml
2025-05-29 23:09:17,283 | INFO  | Skipped 3 transactions due to errors or duplicates
2025-05-29 23:09:17,295 | INFO  | Successfully processed marcos_ms_may14.xml: 0 transactions added
2025-05-29 23:09:17,296 | INFO  | Progress: 45/60 - marcos_ms_oct4.xml
2025-05-29 23:09:17,299 | INFO  | Found 3 forex transactions in marcos_ms_oct4.xml
2025-05-29 23:09:17,304 | INFO  | Successfully processed 0 forex transactions from marcos_ms_oct4.xml
2025-05-29 23:09:17,304 | INFO  | Skipped 3 transactions due to errors or duplicates
2025-05-29 23:09:17,319 | INFO  | Successfully processed marcos_ms_oct4.xml: 0 transactions added
2025-05-29 23:09:17,319 | INFO  | Progress: 46/60 - mariana_apr1_24.xml
2025-05-29 23:09:17,329 | INFO  | Found 24 forex transactions in mariana_apr1_24.xml
2025-05-29 23:09:17,359 | INFO  | Successfully processed 0 forex transactions from mariana_apr1_24.xml
2025-05-29 23:09:17,359 | INFO  | Skipped 24 transactions due to errors or duplicates
2025-05-29 23:09:17,370 | INFO  | Successfully processed mariana_apr1_24.xml: 0 transactions added
2025-05-29 23:09:17,372 | INFO  | Progress: 47/60 - mariana_april12.xml
2025-05-29 23:09:17,376 | INFO  | Found 3 forex transactions in mariana_april12.xml
2025-05-29 23:09:17,381 | INFO  | Successfully processed 0 forex transactions from mariana_april12.xml
2025-05-29 23:09:17,381 | INFO  | Skipped 3 transactions due to errors or duplicates
2025-05-29 23:09:17,394 | INFO  | Successfully processed mariana_april12.xml: 0 transactions added
2025-05-29 23:09:17,394 | INFO  | Progress: 48/60 - mariana_april19.xml
2025-05-29 23:09:17,397 | INFO  | Found 0 forex transactions in mariana_april19.xml
2025-05-29 23:09:17,407 | INFO  | Successfully processed mariana_april19.xml: 0 transactions added
2025-05-29 23:09:17,409 | INFO  | Progress: 49/60 - mariana_aug30.xml
2025-05-29 23:09:17,413 | INFO  | Found 4 forex transactions in mariana_aug30.xml
2025-05-29 23:09:17,423 | INFO  | Successfully processed 0 forex transactions from mariana_aug30.xml
2025-05-29 23:09:17,423 | INFO  | Skipped 4 transactions due to errors or duplicates
2025-05-29 23:09:17,435 | INFO  | Successfully processed mariana_aug30.xml: 0 transactions added
2025-05-29 23:09:17,435 | INFO  | Progress: 50/60 - mariana_dec6.xml
2025-05-29 23:09:17,446 | INFO  | Found 8 forex transactions in mariana_dec6.xml
2025-05-29 23:09:17,459 | INFO  | Successfully processed 0 forex transactions from mariana_dec6.xml
2025-05-29 23:09:17,459 | INFO  | Skipped 8 transactions due to errors or duplicates
2025-05-29 23:09:17,475 | INFO  | Successfully processed mariana_dec6.xml: 0 transactions added
2025-05-29 23:09:17,476 | INFO  | Progress: 51/60 - mariana_jan17_25.xml
2025-05-29 23:09:17,481 | INFO  | Found 2 forex transactions in mariana_jan17_25.xml
2025-05-29 23:09:17,487 | INFO  | Successfully processed 0 forex transactions from mariana_jan17_25.xml
2025-05-29 23:09:17,487 | INFO  | Skipped 2 transactions due to errors or duplicates
2025-05-29 23:09:17,500 | INFO  | Successfully processed mariana_jan17_25.xml: 0 transactions added
2025-05-29 23:09:17,500 | INFO  | Progress: 52/60 - mariana_jan5_24.xml
2025-05-29 23:09:17,519 | INFO  | Found 19 forex transactions in mariana_jan5_24.xml
2025-05-29 23:09:17,531 | INFO  | Successfully processed 0 forex transactions from mariana_jan5_24.xml
2025-05-29 23:09:17,531 | INFO  | Skipped 19 transactions due to errors or duplicates
2025-05-29 23:09:17,544 | INFO  | Successfully processed mariana_jan5_24.xml: 0 transactions added
2025-05-29 23:09:17,544 | INFO  | Progress: 53/60 - mariana_jan6_23.xml
2025-05-29 23:09:17,561 | INFO  | Found 14 forex transactions in mariana_jan6_23.xml
2025-05-29 23:09:17,574 | INFO  | Successfully processed 0 forex transactions from mariana_jan6_23.xml
2025-05-29 23:09:17,574 | INFO  | Skipped 14 transactions due to errors or duplicates
2025-05-29 23:09:17,587 | INFO  | Successfully processed mariana_jan6_23.xml: 0 transactions added
2025-05-29 23:09:17,587 | INFO  | Progress: 54/60 - mariana_jan7_22.xml
2025-05-29 23:09:17,604 | INFO  | Found 4 forex transactions in mariana_jan7_22.xml
2025-05-29 23:09:17,610 | INFO  | Successfully processed 0 forex transactions from mariana_jan7_22.xml
2025-05-29 23:09:17,610 | INFO  | Skipped 4 transactions due to errors or duplicates
2025-05-29 23:09:17,622 | INFO  | Successfully processed mariana_jan7_22.xml: 0 transactions added
2025-05-29 23:09:17,622 | INFO  | Progress: 55/60 - mariana_jan8_21.xml
2025-05-29 23:09:17,642 | INFO  | Found 5 forex transactions in mariana_jan8_21.xml
2025-05-29 23:09:17,648 | INFO  | Successfully processed 0 forex transactions from mariana_jan8_21.xml
2025-05-29 23:09:17,648 | INFO  | Skipped 5 transactions due to errors or duplicates
2025-05-29 23:09:17,660 | INFO  | Successfully processed mariana_jan8_21.xml: 0 transactions added
2025-05-29 23:09:17,660 | INFO  | Progress: 56/60 - mariana_july25.xml
2025-05-29 23:09:17,664 | INFO  | Found 4 forex transactions in mariana_july25.xml
2025-05-29 23:09:17,669 | INFO  | Successfully processed 0 forex transactions from mariana_july25.xml
2025-05-29 23:09:17,670 | INFO  | Skipped 4 transactions due to errors or duplicates
2025-05-29 23:09:17,680 | INFO  | Successfully processed mariana_july25.xml: 0 transactions added
2025-05-29 23:09:17,680 | INFO  | Progress: 57/60 - mariana_june28.xml
2025-05-29 23:09:17,685 | INFO  | Found 7 forex transactions in mariana_june28.xml
2025-05-29 23:09:17,692 | INFO  | Successfully processed 0 forex transactions from mariana_june28.xml
2025-05-29 23:09:17,692 | INFO  | Skipped 7 transactions due to errors or duplicates
2025-05-29 23:09:17,704 | INFO  | Successfully processed mariana_june28.xml: 0 transactions added
2025-05-29 23:09:17,704 | INFO  | Progress: 58/60 - mariana_mar20_25.xml
2025-05-29 23:09:17,711 | INFO  | Found 5 forex transactions in mariana_mar20_25.xml
2025-05-29 23:09:17,720 | INFO  | Successfully processed 0 forex transactions from mariana_mar20_25.xml
2025-05-29 23:09:17,721 | INFO  | Skipped 5 transactions due to errors or duplicates
2025-05-29 23:09:17,732 | INFO  | Successfully processed mariana_mar20_25.xml: 0 transactions added
2025-05-29 23:09:17,732 | INFO  | Progress: 59/60 - mariana_may14.xml
2025-05-29 23:09:17,736 | INFO  | Found 2 forex transactions in mariana_may14.xml
2025-05-29 23:09:17,741 | INFO  | Successfully processed 0 forex transactions from mariana_may14.xml
2025-05-29 23:09:17,741 | INFO  | Skipped 2 transactions due to errors or duplicates
2025-05-29 23:09:17,752 | INFO  | Successfully processed mariana_may14.xml: 0 transactions added
2025-05-29 23:09:17,752 | INFO  | Progress: 60/60 - mariana_oct4.xml
2025-05-29 23:09:17,756 | INFO  | Found 4 forex transactions in mariana_oct4.xml
2025-05-29 23:09:17,764 | INFO  | Successfully processed 0 forex transactions from mariana_oct4.xml
2025-05-29 23:09:17,764 | INFO  | Skipped 4 transactions due to errors or duplicates
2025-05-29 23:09:17,775 | INFO  | Successfully processed mariana_oct4.xml: 0 transactions added
2025-05-29 23:09:17,775 | INFO  | Step 3: Exporting final accumulated database to PP XML...
2025-05-29 23:09:17,775 | INFO  | Exporting database to PP XML: D:\Projetos\Finance_data\IDE\vs_code\ib_pp_importer\portfolio_management.xml
2025-05-29 23:09:23,965 | INFO  | Successfully exported database to D:\Projetos\Finance_data\IDE\vs_code\ib_pp_importer\portfolio_management.xml
2025-05-29 23:09:23,965 | INFO  | Successfully exported final PP XML with all accumulated transactions
2025-05-29 23:09:23,965 | INFO  | ============================================================
2025-05-29 23:09:23,965 | INFO  | BULK PROCESSING COMPLETE
2025-05-29 23:09:23,966 | INFO  | ============================================================
2025-05-29 23:09:23,966 | INFO  | Total files processed: 60
2025-05-29 23:09:23,966 | INFO  | Successful: 60
2025-05-29 23:09:23,966 | INFO  | Errors: 0
2025-05-29 23:09:23,967 | INFO  | Total forex transactions added: 0
2025-05-29 23:09:23,968 | INFO  | Processing time: 21.4 seconds
2025-05-29 23:09:23,968 | INFO  | All files processed successfully
2025-05-29 23:31:15,317 | INFO  | ============================================================
2025-05-29 23:31:15,318 | INFO  | FIXED FOREX BULK PROCESSOR STARTING
2025-05-29 23:31:15,318 | INFO  | ============================================================
2025-05-29 23:31:15,318 | INFO  | PP XML file: D:\Projetos\Finance_data\IDE\vs_code\ib_pp_importer\portfolio_management.xml
2025-05-29 23:31:15,318 | INFO  | Transaction data directory: D:\Projetos\Finance_data\Portfolio performance\transaction data
2025-05-29 23:31:15,318 | INFO  | Debug mode: Disabled
2025-05-29 23:31:15,319 | INFO  | Tracking database initialized
2025-05-29 23:31:15,346 | INFO  | Backup created: D:\Projetos\Finance_data\IDE\vs_code\ib_pp_importer\portfolio_management_backup_20250529_233115.xml
2025-05-29 23:31:15,346 | INFO  | Found 5 IB directories: ['IB lia', 'IB marcos', 'IB marcos_ms', 'IB mariana', 'IB RRSP']
2025-05-29 23:31:15,348 | INFO  | Total IB XML files discovered: 60
2025-05-29 23:31:15,359 | INFO  | New files to process: 0 out of 60 total
2025-05-29 23:31:15,359 | INFO  | All files have already been processed. Nothing to do.
2025-05-29 23:31:29,343 | INFO  | ============================================================
2025-05-29 23:31:29,343 | INFO  | FIXED FOREX BULK PROCESSOR STARTING
2025-05-29 23:31:29,344 | INFO  | ============================================================
2025-05-29 23:31:29,344 | INFO  | PP XML file: D:\Projetos\Finance_data\IDE\vs_code\ib_pp_importer\portfolio_management.xml
2025-05-29 23:31:29,344 | INFO  | Transaction data directory: D:\Projetos\Finance_data\Portfolio performance\transaction data
2025-05-29 23:31:29,344 | INFO  | Debug mode: Disabled
2025-05-29 23:31:29,345 | INFO  | Tracking database initialized
2025-05-29 23:31:29,369 | INFO  | Backup created: D:\Projetos\Finance_data\IDE\vs_code\ib_pp_importer\portfolio_management_backup_20250529_233129.xml
2025-05-29 23:31:29,370 | INFO  | Found 5 IB directories: ['IB lia', 'IB marcos', 'IB marcos_ms', 'IB mariana', 'IB RRSP']
2025-05-29 23:31:29,371 | INFO  | Total IB XML files discovered: 60
2025-05-29 23:31:29,383 | INFO  | New files to process: 60 out of 60 total
2025-05-29 23:31:29,384 | INFO  | Starting bulk processing of 60 files
2025-05-29 23:31:29,384 | INFO  | Step 1: Importing PP XML to database...
2025-05-29 23:31:29,385 | INFO  | Importing PP XML to database: D:\Projetos\Finance_data\IDE\vs_code\ppxml2db\pp_databases\portfolio_management.db
2025-05-29 23:31:41,212 | INFO  | Successfully imported D:\Projetos\Finance_data\IDE\vs_code\ib_pp_importer\portfolio_management.xml to D:\Projetos\Finance_data\IDE\vs_code\ppxml2db\pp_databases\portfolio_management.db
2025-05-29 23:31:41,213 | INFO  | Step 2: Processing IB XML files and accumulating transactions...
2025-05-29 23:31:41,213 | INFO  | Progress: 1/60 - ib_rrsp_dec6.xml
2025-05-29 23:31:41,218 | INFO  | Found 0 forex transactions in ib_rrsp_dec6.xml
2025-05-29 23:31:41,229 | INFO  | Successfully processed ib_rrsp_dec6.xml: 0 transactions added
2025-05-29 23:31:41,229 | INFO  | Progress: 2/60 - ib_rrsp_jan17_25.xml
2025-05-29 23:31:41,233 | INFO  | Found 0 forex transactions in ib_rrsp_jan17_25.xml
2025-05-29 23:31:41,246 | INFO  | Successfully processed ib_rrsp_jan17_25.xml: 0 transactions added
2025-05-29 23:31:41,246 | INFO  | Progress: 3/60 - ib_rrsp_oct4.xml
2025-05-29 23:31:41,248 | INFO  | Found 2 forex transactions in ib_rrsp_oct4.xml
2025-05-29 23:31:41,264 | INFO  | Successfully processed 2 forex transactions from ib_rrsp_oct4.xml
2025-05-29 23:31:41,276 | INFO  | Successfully processed ib_rrsp_oct4.xml: 2 transactions added
2025-05-29 23:31:41,277 | INFO  | Progress: 4/60 - Lia_apr1_24.xml
2025-05-29 23:31:41,296 | INFO  | Found 19 forex transactions in Lia_apr1_24.xml
2025-05-29 23:31:41,320 | INFO  | Successfully processed 19 forex transactions from Lia_apr1_24.xml
2025-05-29 23:31:41,335 | INFO  | Successfully processed Lia_apr1_24.xml: 19 transactions added
2025-05-29 23:31:41,335 | INFO  | Progress: 5/60 - Lia_july25.xml
2025-05-29 23:31:41,342 | INFO  | Found 2 forex transactions in Lia_july25.xml
2025-05-29 23:31:41,359 | INFO  | Successfully processed 2 forex transactions from Lia_july25.xml
2025-05-29 23:31:41,373 | INFO  | Successfully processed Lia_july25.xml: 2 transactions added
2025-05-29 23:31:41,373 | INFO  | Progress: 6/60 - Lia_jun28.xml
2025-05-29 23:31:41,380 | INFO  | Found 2 forex transactions in Lia_jun28.xml
2025-05-29 23:31:41,393 | INFO  | Successfully processed 2 forex transactions from Lia_jun28.xml
2025-05-29 23:31:41,406 | INFO  | Successfully processed Lia_jun28.xml: 2 transactions added
2025-05-29 23:31:41,407 | INFO  | Progress: 7/60 - lia_april12.xml
2025-05-29 23:31:41,410 | INFO  | Found 0 forex transactions in lia_april12.xml
2025-05-29 23:31:41,422 | INFO  | Successfully processed lia_april12.xml: 0 transactions added
2025-05-29 23:31:41,423 | INFO  | Progress: 8/60 - lia_april19.xml
2025-05-29 23:31:41,424 | INFO  | Found 0 forex transactions in lia_april19.xml
2025-05-29 23:31:41,437 | INFO  | Successfully processed lia_april19.xml: 0 transactions added
2025-05-29 23:31:41,437 | INFO  | Progress: 9/60 - lia_aug30.xml
2025-05-29 23:31:41,442 | INFO  | Found 4 forex transactions in lia_aug30.xml
2025-05-29 23:31:41,457 | INFO  | Successfully processed 4 forex transactions from lia_aug30.xml
2025-05-29 23:31:41,471 | INFO  | Successfully processed lia_aug30.xml: 4 transactions added
2025-05-29 23:31:41,471 | INFO  | Progress: 10/60 - lia_dec6.xml
2025-05-29 23:31:41,480 | INFO  | Found 12 forex transactions in lia_dec6.xml
2025-05-29 23:31:41,497 | INFO  | Successfully processed 12 forex transactions from lia_dec6.xml
2025-05-29 23:31:41,508 | INFO  | Successfully processed lia_dec6.xml: 12 transactions added
2025-05-29 23:31:41,509 | INFO  | Progress: 11/60 - lia_jan17_25.xml
2025-05-29 23:31:41,514 | INFO  | Found 6 forex transactions in lia_jan17_25.xml
2025-05-29 23:31:41,531 | INFO  | Successfully processed 6 forex transactions from lia_jan17_25.xml
2025-05-29 23:31:41,544 | INFO  | Successfully processed lia_jan17_25.xml: 6 transactions added
2025-05-29 23:31:41,544 | INFO  | Progress: 12/60 - lia_mar20_25.xml
2025-05-29 23:31:41,553 | INFO  | Found 14 forex transactions in lia_mar20_25.xml
2025-05-29 23:31:41,579 | INFO  | Successfully processed 14 forex transactions from lia_mar20_25.xml
2025-05-29 23:31:41,594 | INFO  | Successfully processed lia_mar20_25.xml: 14 transactions added
2025-05-29 23:31:41,594 | INFO  | Progress: 13/60 - lia_may14.xml
2025-05-29 23:31:41,601 | INFO  | Found 6 forex transactions in lia_may14.xml
2025-05-29 23:31:41,624 | INFO  | Successfully processed 6 forex transactions from lia_may14.xml
2025-05-29 23:31:41,642 | INFO  | Successfully processed lia_may14.xml: 6 transactions added
2025-05-29 23:31:41,642 | INFO  | Progress: 14/60 - lia_oct4.xml
2025-05-29 23:31:41,653 | INFO  | Found 2 forex transactions in lia_oct4.xml
2025-05-29 23:31:41,677 | INFO  | Successfully processed 2 forex transactions from lia_oct4.xml
2025-05-29 23:31:41,695 | INFO  | Successfully processed lia_oct4.xml: 2 transactions added
2025-05-29 23:31:41,695 | INFO  | Progress: 15/60 - U3281113_U3281113_20190918_20200917_AF_952579_b40413d2b2a80ca44c10e2d27a10ddb9.xml
2025-05-29 23:31:41,760 | INFO  | Found 26 forex transactions in U3281113_U3281113_20190918_20200917_AF_952579_b40413d2b2a80ca44c10e2d27a10ddb9.xml
2025-05-29 23:31:41,813 | INFO  | Successfully processed 26 forex transactions from U3281113_U3281113_20190918_20200917_AF_952579_b40413d2b2a80ca44c10e2d27a10ddb9.xml
2025-05-29 23:31:41,836 | INFO  | Successfully processed U3281113_U3281113_20190918_20200917_AF_952579_b40413d2b2a80ca44c10e2d27a10ddb9.xml: 26 transactions added
2025-05-29 23:31:41,837 | INFO  | Progress: 16/60 - U3281113_U3281113_20200918_20210917_AF_952579_32361b98e6fc39f28adb6250c2ab9a6a.xml
2025-05-29 23:31:41,904 | INFO  | Found 14 forex transactions in U3281113_U3281113_20200918_20210917_AF_952579_32361b98e6fc39f28adb6250c2ab9a6a.xml
2025-05-29 23:31:41,940 | INFO  | Successfully processed 14 forex transactions from U3281113_U3281113_20200918_20210917_AF_952579_32361b98e6fc39f28adb6250c2ab9a6a.xml
2025-05-29 23:31:41,964 | INFO  | Successfully processed U3281113_U3281113_20200918_20210917_AF_952579_32361b98e6fc39f28adb6250c2ab9a6a.xml: 14 transactions added
2025-05-29 23:31:41,965 | INFO  | Progress: 17/60 - U3281113_U3281113_20210920_20220916_AF_952579_a9d2be1aad30e68a4f4ffbab363d2544.xml
2025-05-29 23:31:42,036 | INFO  | Found 16 forex transactions in U3281113_U3281113_20210920_20220916_AF_952579_a9d2be1aad30e68a4f4ffbab363d2544.xml
2025-05-29 23:31:42,083 | INFO  | Successfully processed 16 forex transactions from U3281113_U3281113_20210920_20220916_AF_952579_a9d2be1aad30e68a4f4ffbab363d2544.xml
2025-05-29 23:31:42,104 | INFO  | Successfully processed U3281113_U3281113_20210920_20220916_AF_952579_a9d2be1aad30e68a4f4ffbab363d2544.xml: 16 transactions added
2025-05-29 23:31:42,105 | INFO  | Progress: 18/60 - U3281113_U3281113_20220919_20230915_AF_952579_1a9b55af2d76e07d69d7d4cdea01c78d.xml
2025-05-29 23:31:42,178 | INFO  | Found 23 forex transactions in U3281113_U3281113_20220919_20230915_AF_952579_1a9b55af2d76e07d69d7d4cdea01c78d.xml
2025-05-29 23:31:42,233 | INFO  | Successfully processed 23 forex transactions from U3281113_U3281113_20220919_20230915_AF_952579_1a9b55af2d76e07d69d7d4cdea01c78d.xml
2025-05-29 23:31:42,255 | INFO  | Successfully processed U3281113_U3281113_20220919_20230915_AF_952579_1a9b55af2d76e07d69d7d4cdea01c78d.xml: 23 transactions added
2025-05-29 23:31:42,257 | INFO  | Progress: 19/60 - U3281113_U3281113_20230918_20240401_AF_952579_1a9b55af2d76e07d69d7d4cdea01c78d.xml
2025-05-29 23:31:42,319 | INFO  | Found 37 forex transactions in U3281113_U3281113_20230918_20240401_AF_952579_1a9b55af2d76e07d69d7d4cdea01c78d.xml
2025-05-29 23:31:42,374 | INFO  | Successfully processed 37 forex transactions from U3281113_U3281113_20230918_20240401_AF_952579_1a9b55af2d76e07d69d7d4cdea01c78d.xml
2025-05-29 23:31:42,394 | INFO  | Successfully processed U3281113_U3281113_20230918_20240401_AF_952579_1a9b55af2d76e07d69d7d4cdea01c78d.xml: 37 transactions added
2025-05-29 23:31:42,394 | INFO  | Progress: 20/60 - marcos_abr4_25.xml
2025-05-29 23:31:42,408 | INFO  | Found 6 forex transactions in marcos_abr4_25.xml
2025-05-29 23:31:42,440 | INFO  | Successfully processed 6 forex transactions from marcos_abr4_25.xml
2025-05-29 23:31:42,459 | INFO  | Successfully processed marcos_abr4_25.xml: 6 transactions added
2025-05-29 23:31:42,459 | INFO  | Progress: 21/60 - marcos_april12.xml
2025-05-29 23:31:42,470 | INFO  | Found 2 forex transactions in marcos_april12.xml
2025-05-29 23:31:42,496 | INFO  | Successfully processed 2 forex transactions from marcos_april12.xml
2025-05-29 23:31:42,514 | INFO  | Successfully processed marcos_april12.xml: 2 transactions added
2025-05-29 23:31:42,515 | INFO  | Progress: 22/60 - marcos_april19.xml
2025-05-29 23:31:42,524 | INFO  | Found 2 forex transactions in marcos_april19.xml
2025-05-29 23:31:42,551 | INFO  | Successfully processed 2 forex transactions from marcos_april19.xml
2025-05-29 23:31:42,568 | INFO  | Successfully processed marcos_april19.xml: 2 transactions added
2025-05-29 23:31:42,569 | INFO  | Progress: 23/60 - marcos_aug30.xml
2025-05-29 23:31:42,588 | INFO  | Found 35 forex transactions in marcos_aug30.xml
2025-05-29 23:31:42,656 | INFO  | Successfully processed 35 forex transactions from marcos_aug30.xml
2025-05-29 23:31:42,674 | INFO  | Successfully processed marcos_aug30.xml: 35 transactions added
2025-05-29 23:31:42,674 | INFO  | Progress: 24/60 - marcos_dec6.xml
2025-05-29 23:31:42,697 | INFO  | Found 49 forex transactions in marcos_dec6.xml
2025-05-29 23:31:42,766 | INFO  | Successfully processed 48 forex transactions from marcos_dec6.xml
2025-05-29 23:31:42,768 | INFO  | Skipped 1 transactions due to errors or duplicates
2025-05-29 23:31:42,786 | INFO  | Successfully processed marcos_dec6.xml: 48 transactions added
2025-05-29 23:31:42,786 | INFO  | Progress: 25/60 - marcos_jan17_25.xml
2025-05-29 23:31:42,807 | INFO  | Found 62 forex transactions in marcos_jan17_25.xml
2025-05-29 23:31:42,891 | INFO  | Successfully processed 35 forex transactions from marcos_jan17_25.xml
2025-05-29 23:31:42,891 | INFO  | Skipped 27 transactions due to errors or duplicates
2025-05-29 23:31:42,909 | INFO  | Successfully processed marcos_jan17_25.xml: 35 transactions added
2025-05-29 23:31:42,910 | INFO  | Progress: 26/60 - marcos_july25.xml
2025-05-29 23:31:42,924 | INFO  | Found 21 forex transactions in marcos_july25.xml
2025-05-29 23:31:42,977 | INFO  | Successfully processed 21 forex transactions from marcos_july25.xml
2025-05-29 23:31:42,995 | INFO  | Successfully processed marcos_july25.xml: 21 transactions added
2025-05-29 23:31:42,996 | INFO  | Progress: 27/60 - marcos_june28.xml
2025-05-29 23:31:43,015 | INFO  | Found 11 forex transactions in marcos_june28.xml
2025-05-29 23:31:43,053 | INFO  | Successfully processed 11 forex transactions from marcos_june28.xml
2025-05-29 23:31:43,070 | INFO  | Successfully processed marcos_june28.xml: 11 transactions added
2025-05-29 23:31:43,071 | INFO  | Progress: 28/60 - marcos_mar20_25.xml
2025-05-29 23:31:43,100 | INFO  | Found 69 forex transactions in marcos_mar20_25.xml
2025-05-29 23:31:43,201 | INFO  | Successfully processed 39 forex transactions from marcos_mar20_25.xml
2025-05-29 23:31:43,201 | INFO  | Skipped 30 transactions due to errors or duplicates
2025-05-29 23:31:43,219 | INFO  | Successfully processed marcos_mar20_25.xml: 39 transactions added
2025-05-29 23:31:43,220 | INFO  | Progress: 29/60 - marcos_may14.xml
2025-05-29 23:31:43,233 | INFO  | Found 8 forex transactions in marcos_may14.xml
2025-05-29 23:31:43,273 | INFO  | Successfully processed 8 forex transactions from marcos_may14.xml
2025-05-29 23:31:43,293 | INFO  | Successfully processed marcos_may14.xml: 8 transactions added
2025-05-29 23:31:43,293 | INFO  | Progress: 30/60 - marcos_oct4.xml
2025-05-29 23:31:43,310 | INFO  | Found 28 forex transactions in marcos_oct4.xml
2025-05-29 23:31:43,373 | INFO  | Successfully processed 28 forex transactions from marcos_oct4.xml
2025-05-29 23:31:43,391 | INFO  | Successfully processed marcos_oct4.xml: 28 transactions added
2025-05-29 23:31:43,392 | INFO  | Progress: 31/60 - PP_report_fromJune14_2021_to_June10_2022.xml
2025-05-29 23:31:43,444 | INFO  | Found 0 forex transactions in PP_report_fromJune14_2021_to_June10_2022.xml
2025-05-29 23:31:43,464 | INFO  | Successfully processed PP_report_fromJune14_2021_to_June10_2022.xml: 0 transactions added
2025-05-29 23:31:43,464 | INFO  | Progress: 32/60 - PP_report_from_June12_2023_to_April1_2024.xml
2025-05-29 23:31:43,512 | INFO  | Found 27 forex transactions in PP_report_from_June12_2023_to_April1_2024.xml
2025-05-29 23:31:43,571 | INFO  | Successfully processed 27 forex transactions from PP_report_from_June12_2023_to_April1_2024.xml
2025-05-29 23:31:43,590 | INFO  | Successfully processed PP_report_from_June12_2023_to_April1_2024.xml: 27 transactions added
2025-05-29 23:31:43,591 | INFO  | Progress: 33/60 - PP_report_from_June13_2019_to_June12_2020.xml
2025-05-29 23:31:43,650 | INFO  | Found 16 forex transactions in PP_report_from_June13_2019_to_June12_2020.xml
2025-05-29 23:31:43,701 | INFO  | Successfully processed 16 forex transactions from PP_report_from_June13_2019_to_June12_2020.xml
2025-05-29 23:31:43,721 | INFO  | Successfully processed PP_report_from_June13_2019_to_June12_2020.xml: 16 transactions added
2025-05-29 23:31:43,722 | INFO  | Progress: 34/60 - PP_report_from_June13_2022_to_June9_2023.xml
2025-05-29 23:31:43,775 | INFO  | Found 3 forex transactions in PP_report_from_June13_2022_to_June9_2023.xml
2025-05-29 23:31:43,805 | INFO  | Successfully processed 3 forex transactions from PP_report_from_June13_2022_to_June9_2023.xml
2025-05-29 23:31:43,826 | INFO  | Successfully processed PP_report_from_June13_2022_to_June9_2023.xml: 3 transactions added
2025-05-29 23:31:43,826 | INFO  | Progress: 35/60 - PP_report_from_June15_2020_to_June11_2021.xml
2025-05-29 23:31:43,882 | INFO  | Found 5 forex transactions in PP_report_from_June15_2020_to_June11_2021.xml
2025-05-29 23:31:43,915 | INFO  | Successfully processed 5 forex transactions from PP_report_from_June15_2020_to_June11_2021.xml
2025-05-29 23:31:43,937 | INFO  | Successfully processed PP_report_from_June15_2020_to_June11_2021.xml: 5 transactions added
2025-05-29 23:31:43,938 | INFO  | Progress: 36/60 - marcos_ms_abr1.xml
2025-05-29 23:31:43,947 | INFO  | Found 1 forex transactions in marcos_ms_abr1.xml
2025-05-29 23:31:43,971 | INFO  | Successfully processed 1 forex transactions from marcos_ms_abr1.xml
2025-05-29 23:31:43,989 | INFO  | Successfully processed marcos_ms_abr1.xml: 1 transactions added
2025-05-29 23:31:43,989 | INFO  | Progress: 37/60 - marcos_ms_abr19.xml
2025-05-29 23:31:43,999 | INFO  | Found 0 forex transactions in marcos_ms_abr19.xml
2025-05-29 23:31:44,019 | INFO  | Successfully processed marcos_ms_abr19.xml: 0 transactions added
2025-05-29 23:31:44,020 | INFO  | Progress: 38/60 - marcos_ms_aug27.xml
2025-05-29 23:31:44,033 | INFO  | Found 9 forex transactions in marcos_ms_aug27.xml
2025-05-29 23:31:44,076 | INFO  | Successfully processed 9 forex transactions from marcos_ms_aug27.xml
2025-05-29 23:31:44,094 | INFO  | Successfully processed marcos_ms_aug27.xml: 9 transactions added
2025-05-29 23:31:44,095 | INFO  | Progress: 39/60 - marcos_ms_dec6.xml
2025-05-29 23:31:44,108 | INFO  | Found 15 forex transactions in marcos_ms_dec6.xml
2025-05-29 23:31:44,156 | INFO  | Successfully processed 15 forex transactions from marcos_ms_dec6.xml
2025-05-29 23:31:44,173 | INFO  | Successfully processed marcos_ms_dec6.xml: 15 transactions added
2025-05-29 23:31:44,174 | INFO  | Progress: 40/60 - marcos_ms_jan17_25.xml
2025-05-29 23:31:44,191 | INFO  | Found 5 forex transactions in marcos_ms_jan17_25.xml
2025-05-29 23:31:44,224 | INFO  | Successfully processed 5 forex transactions from marcos_ms_jan17_25.xml
2025-05-29 23:31:44,241 | INFO  | Successfully processed marcos_ms_jan17_25.xml: 5 transactions added
2025-05-29 23:31:44,241 | INFO  | Progress: 41/60 - marcos_ms_july25.xml
2025-05-29 23:31:44,248 | INFO  | Found 17 forex transactions in marcos_ms_july25.xml
2025-05-29 23:31:44,281 | INFO  | Successfully processed 17 forex transactions from marcos_ms_july25.xml
2025-05-29 23:31:44,296 | INFO  | Successfully processed marcos_ms_july25.xml: 17 transactions added
2025-05-29 23:31:44,297 | INFO  | Progress: 42/60 - marcos_ms_june28.xml
2025-05-29 23:31:44,311 | INFO  | Found 8 forex transactions in marcos_ms_june28.xml
2025-05-29 23:31:44,351 | INFO  | Successfully processed 8 forex transactions from marcos_ms_june28.xml
2025-05-29 23:31:44,369 | INFO  | Successfully processed marcos_ms_june28.xml: 8 transactions added
2025-05-29 23:31:44,370 | INFO  | Progress: 43/60 - marcos_ms_mar21_25.xml
2025-05-29 23:31:44,389 | INFO  | Found 2 forex transactions in marcos_ms_mar21_25.xml
2025-05-29 23:31:44,415 | INFO  | Successfully processed 2 forex transactions from marcos_ms_mar21_25.xml
2025-05-29 23:31:44,433 | INFO  | Successfully processed marcos_ms_mar21_25.xml: 2 transactions added
2025-05-29 23:31:44,434 | INFO  | Progress: 44/60 - marcos_ms_may14.xml
2025-05-29 23:31:44,445 | INFO  | Found 3 forex transactions in marcos_ms_may14.xml
2025-05-29 23:31:44,475 | INFO  | Successfully processed 3 forex transactions from marcos_ms_may14.xml
2025-05-29 23:31:44,493 | INFO  | Successfully processed marcos_ms_may14.xml: 3 transactions added
2025-05-29 23:31:44,493 | INFO  | Progress: 45/60 - marcos_ms_oct4.xml
2025-05-29 23:31:44,502 | INFO  | Found 3 forex transactions in marcos_ms_oct4.xml
2025-05-29 23:31:44,529 | INFO  | Successfully processed 3 forex transactions from marcos_ms_oct4.xml
2025-05-29 23:31:44,547 | INFO  | Successfully processed marcos_ms_oct4.xml: 3 transactions added
2025-05-29 23:31:44,548 | INFO  | Progress: 46/60 - mariana_apr1_24.xml
2025-05-29 23:31:44,563 | INFO  | Found 24 forex transactions in mariana_apr1_24.xml
2025-05-29 23:31:44,595 | INFO  | Successfully processed 24 forex transactions from mariana_apr1_24.xml
2025-05-29 23:31:44,608 | INFO  | Successfully processed mariana_apr1_24.xml: 24 transactions added
2025-05-29 23:31:44,608 | INFO  | Progress: 47/60 - mariana_april12.xml
2025-05-29 23:31:44,614 | INFO  | Found 3 forex transactions in mariana_april12.xml
2025-05-29 23:31:44,636 | INFO  | Successfully processed 3 forex transactions from mariana_april12.xml
2025-05-29 23:31:44,653 | INFO  | Successfully processed mariana_april12.xml: 3 transactions added
2025-05-29 23:31:44,654 | INFO  | Progress: 48/60 - mariana_april19.xml
2025-05-29 23:31:44,661 | INFO  | Found 0 forex transactions in mariana_april19.xml
2025-05-29 23:31:44,676 | INFO  | Successfully processed mariana_april19.xml: 0 transactions added
2025-05-29 23:31:44,676 | INFO  | Progress: 49/60 - mariana_aug30.xml
2025-05-29 23:31:44,686 | INFO  | Found 4 forex transactions in mariana_aug30.xml
2025-05-29 23:31:44,719 | INFO  | Successfully processed 4 forex transactions from mariana_aug30.xml
2025-05-29 23:31:44,735 | INFO  | Successfully processed mariana_aug30.xml: 4 transactions added
2025-05-29 23:31:44,736 | INFO  | Progress: 50/60 - mariana_dec6.xml
2025-05-29 23:31:44,751 | INFO  | Found 8 forex transactions in mariana_dec6.xml
2025-05-29 23:31:44,779 | INFO  | Successfully processed 8 forex transactions from mariana_dec6.xml
2025-05-29 23:31:44,792 | INFO  | Successfully processed mariana_dec6.xml: 8 transactions added
2025-05-29 23:31:44,793 | INFO  | Progress: 51/60 - mariana_jan17_25.xml
2025-05-29 23:31:44,804 | INFO  | Found 2 forex transactions in mariana_jan17_25.xml
2025-05-29 23:31:44,833 | INFO  | Successfully processed 2 forex transactions from mariana_jan17_25.xml
2025-05-29 23:31:44,854 | INFO  | Successfully processed mariana_jan17_25.xml: 2 transactions added
2025-05-29 23:31:44,855 | INFO  | Progress: 52/60 - mariana_jan5_24.xml
2025-05-29 23:31:44,888 | INFO  | Found 19 forex transactions in mariana_jan5_24.xml
2025-05-29 23:31:44,921 | INFO  | Successfully processed 19 forex transactions from mariana_jan5_24.xml
2025-05-29 23:31:44,938 | INFO  | Successfully processed mariana_jan5_24.xml: 19 transactions added
2025-05-29 23:31:44,939 | INFO  | Progress: 53/60 - mariana_jan6_23.xml
2025-05-29 23:31:44,961 | INFO  | Found 14 forex transactions in mariana_jan6_23.xml
2025-05-29 23:31:44,989 | INFO  | Successfully processed 14 forex transactions from mariana_jan6_23.xml
2025-05-29 23:31:45,006 | INFO  | Successfully processed mariana_jan6_23.xml: 14 transactions added
2025-05-29 23:31:45,007 | INFO  | Progress: 54/60 - mariana_jan7_22.xml
2025-05-29 23:31:45,033 | INFO  | Found 4 forex transactions in mariana_jan7_22.xml
2025-05-29 23:31:45,055 | INFO  | Successfully processed 4 forex transactions from mariana_jan7_22.xml
2025-05-29 23:31:45,074 | INFO  | Successfully processed mariana_jan7_22.xml: 4 transactions added
2025-05-29 23:31:45,074 | INFO  | Progress: 55/60 - mariana_jan8_21.xml
2025-05-29 23:31:45,112 | INFO  | Found 5 forex transactions in mariana_jan8_21.xml
2025-05-29 23:31:45,134 | INFO  | Successfully processed 5 forex transactions from mariana_jan8_21.xml
2025-05-29 23:31:45,150 | INFO  | Successfully processed mariana_jan8_21.xml: 5 transactions added
2025-05-29 23:31:45,150 | INFO  | Progress: 56/60 - mariana_july25.xml
2025-05-29 23:31:45,161 | INFO  | Found 4 forex transactions in mariana_july25.xml
2025-05-29 23:31:45,186 | INFO  | Successfully processed 4 forex transactions from mariana_july25.xml
2025-05-29 23:31:45,202 | INFO  | Successfully processed mariana_july25.xml: 4 transactions added
2025-05-29 23:31:45,202 | INFO  | Progress: 57/60 - mariana_june28.xml
2025-05-29 23:31:45,216 | INFO  | Found 7 forex transactions in mariana_june28.xml
2025-05-29 23:31:45,247 | INFO  | Successfully processed 7 forex transactions from mariana_june28.xml
2025-05-29 23:31:45,264 | INFO  | Successfully processed mariana_june28.xml: 7 transactions added
2025-05-29 23:31:45,265 | INFO  | Progress: 58/60 - mariana_mar20_25.xml
2025-05-29 23:31:45,281 | INFO  | Found 5 forex transactions in mariana_mar20_25.xml
2025-05-29 23:31:45,306 | INFO  | Successfully processed 5 forex transactions from mariana_mar20_25.xml
2025-05-29 23:31:45,322 | INFO  | Successfully processed mariana_mar20_25.xml: 5 transactions added
2025-05-29 23:31:45,322 | INFO  | Progress: 59/60 - mariana_may14.xml
2025-05-29 23:31:45,333 | INFO  | Found 2 forex transactions in mariana_may14.xml
2025-05-29 23:31:45,359 | INFO  | Successfully processed 2 forex transactions from mariana_may14.xml
2025-05-29 23:31:45,379 | INFO  | Successfully processed mariana_may14.xml: 2 transactions added
2025-05-29 23:31:45,380 | INFO  | Progress: 60/60 - mariana_oct4.xml
2025-05-29 23:31:45,391 | INFO  | Found 4 forex transactions in mariana_oct4.xml
2025-05-29 23:31:45,425 | INFO  | Successfully processed 4 forex transactions from mariana_oct4.xml
2025-05-29 23:31:45,443 | INFO  | Successfully processed mariana_oct4.xml: 4 transactions added
2025-05-29 23:31:45,444 | INFO  | Step 3: Exporting final accumulated database to PP XML...
2025-05-29 23:31:45,444 | INFO  | Exporting database to PP XML: D:\Projetos\Finance_data\IDE\vs_code\ib_pp_importer\portfolio_management.xml
2025-05-29 23:31:50,957 | INFO  | Successfully exported database to D:\Projetos\Finance_data\IDE\vs_code\ib_pp_importer\portfolio_management.xml
2025-05-29 23:31:50,957 | INFO  | Successfully exported final PP XML with all accumulated transactions
2025-05-29 23:31:50,958 | INFO  | ============================================================
2025-05-29 23:31:50,958 | INFO  | BULK PROCESSING COMPLETE
2025-05-29 23:31:50,958 | INFO  | ============================================================
2025-05-29 23:31:50,959 | INFO  | Total files processed: 60
2025-05-29 23:31:50,959 | INFO  | Successful: 60
2025-05-29 23:31:50,959 | INFO  | Errors: 0
2025-05-29 23:31:50,959 | INFO  | Total forex transactions added: 639
2025-05-29 23:31:50,960 | INFO  | Processing time: 21.6 seconds
2025-05-29 23:31:50,960 | INFO  | All files processed successfully
2025-05-29 23:34:53,580 | INFO  | ============================================================
2025-05-29 23:34:53,580 | INFO  | FIXED FOREX BULK PROCESSOR STARTING
2025-05-29 23:34:53,580 | INFO  | ============================================================
2025-05-29 23:34:53,580 | INFO  | PP XML file: D:\Projetos\Finance_data\IDE\vs_code\ib_pp_importer\portfolio_management.xml
2025-05-29 23:34:53,580 | INFO  | Transaction data directory: D:\Projetos\Finance_data\Portfolio performance\transaction data
2025-05-29 23:34:53,581 | INFO  | Debug mode: Disabled
2025-05-29 23:34:53,582 | INFO  | Tracking database initialized
2025-05-29 23:34:53,608 | INFO  | Backup created: D:\Projetos\Finance_data\IDE\vs_code\ib_pp_importer\portfolio_management_backup_20250529_233453.xml
2025-05-29 23:34:53,609 | INFO  | Found 5 IB directories: ['IB lia', 'IB marcos', 'IB marcos_ms', 'IB mariana', 'IB RRSP']
2025-05-29 23:34:53,610 | INFO  | Total IB XML files discovered: 60
2025-05-29 23:34:53,621 | INFO  | New files to process: 60 out of 60 total
2025-05-29 23:34:53,621 | INFO  | Starting bulk processing of 60 files
2025-05-29 23:34:53,621 | INFO  | Step 1: Importing PP XML to database...
2025-05-29 23:34:53,622 | INFO  | Importing PP XML to database: D:\Projetos\Finance_data\IDE\vs_code\ppxml2db\pp_databases\portfolio_management.db
2025-05-29 23:35:05,138 | INFO  | Successfully imported D:\Projetos\Finance_data\IDE\vs_code\ib_pp_importer\portfolio_management.xml to D:\Projetos\Finance_data\IDE\vs_code\ppxml2db\pp_databases\portfolio_management.db
2025-05-29 23:35:05,138 | INFO  | Step 2: Processing IB XML files and accumulating transactions...
2025-05-29 23:35:05,138 | INFO  | Progress: 1/60 - ib_rrsp_dec6.xml
2025-05-29 23:35:05,144 | INFO  | Found 0 forex transactions in ib_rrsp_dec6.xml
2025-05-29 23:35:05,155 | INFO  | Successfully processed ib_rrsp_dec6.xml: 0 transactions added
2025-05-29 23:35:05,155 | INFO  | Progress: 2/60 - ib_rrsp_jan17_25.xml
2025-05-29 23:35:05,158 | INFO  | Found 0 forex transactions in ib_rrsp_jan17_25.xml
2025-05-29 23:35:05,169 | INFO  | Successfully processed ib_rrsp_jan17_25.xml: 0 transactions added
2025-05-29 23:35:05,169 | INFO  | Progress: 3/60 - ib_rrsp_oct4.xml
2025-05-29 23:35:05,171 | INFO  | Found 2 forex transactions in ib_rrsp_oct4.xml
2025-05-29 23:35:05,176 | INFO  | Successfully processed 0 forex transactions from ib_rrsp_oct4.xml
2025-05-29 23:35:05,176 | INFO  | Skipped 2 transactions due to errors or duplicates
2025-05-29 23:35:05,188 | INFO  | Successfully processed ib_rrsp_oct4.xml: 0 transactions added
2025-05-29 23:35:05,188 | INFO  | Progress: 4/60 - Lia_apr1_24.xml
2025-05-29 23:35:05,213 | INFO  | Found 19 forex transactions in Lia_apr1_24.xml
2025-05-29 23:35:05,224 | INFO  | Successfully processed 0 forex transactions from Lia_apr1_24.xml
2025-05-29 23:35:05,225 | INFO  | Skipped 19 transactions due to errors or duplicates
2025-05-29 23:35:05,239 | INFO  | Successfully processed Lia_apr1_24.xml: 0 transactions added
2025-05-29 23:35:05,240 | INFO  | Progress: 5/60 - Lia_july25.xml
2025-05-29 23:35:05,243 | INFO  | Found 2 forex transactions in Lia_july25.xml
2025-05-29 23:35:05,247 | INFO  | Successfully processed 0 forex transactions from Lia_july25.xml
2025-05-29 23:35:05,248 | INFO  | Skipped 2 transactions due to errors or duplicates
2025-05-29 23:35:05,260 | INFO  | Successfully processed Lia_july25.xml: 0 transactions added
2025-05-29 23:35:05,261 | INFO  | Progress: 6/60 - Lia_jun28.xml
2025-05-29 23:35:05,265 | INFO  | Found 2 forex transactions in Lia_jun28.xml
2025-05-29 23:35:05,269 | INFO  | Successfully processed 0 forex transactions from Lia_jun28.xml
2025-05-29 23:35:05,269 | INFO  | Skipped 2 transactions due to errors or duplicates
2025-05-29 23:35:05,281 | INFO  | Successfully processed Lia_jun28.xml: 0 transactions added
2025-05-29 23:35:05,281 | INFO  | Progress: 7/60 - lia_april12.xml
2025-05-29 23:35:05,283 | INFO  | Found 0 forex transactions in lia_april12.xml
2025-05-29 23:35:05,297 | INFO  | Successfully processed lia_april12.xml: 0 transactions added
2025-05-29 23:35:05,298 | INFO  | Progress: 8/60 - lia_april19.xml
2025-05-29 23:35:05,301 | INFO  | Found 0 forex transactions in lia_april19.xml
2025-05-29 23:35:05,314 | INFO  | Successfully processed lia_april19.xml: 0 transactions added
2025-05-29 23:35:05,314 | INFO  | Progress: 9/60 - lia_aug30.xml
2025-05-29 23:35:05,319 | INFO  | Found 4 forex transactions in lia_aug30.xml
2025-05-29 23:35:05,328 | INFO  | Successfully processed 0 forex transactions from lia_aug30.xml
2025-05-29 23:35:05,329 | INFO  | Skipped 4 transactions due to errors or duplicates
2025-05-29 23:35:05,342 | INFO  | Successfully processed lia_aug30.xml: 0 transactions added
2025-05-29 23:35:05,343 | INFO  | Progress: 10/60 - lia_dec6.xml
2025-05-29 23:35:05,350 | INFO  | Found 12 forex transactions in lia_dec6.xml
2025-05-29 23:35:05,359 | INFO  | Successfully processed 0 forex transactions from lia_dec6.xml
2025-05-29 23:35:05,359 | INFO  | Skipped 12 transactions due to errors or duplicates
2025-05-29 23:35:05,370 | INFO  | Successfully processed lia_dec6.xml: 0 transactions added
2025-05-29 23:35:05,371 | INFO  | Progress: 11/60 - lia_jan17_25.xml
2025-05-29 23:35:05,374 | INFO  | Found 6 forex transactions in lia_jan17_25.xml
2025-05-29 23:35:05,379 | INFO  | Successfully processed 0 forex transactions from lia_jan17_25.xml
2025-05-29 23:35:05,379 | INFO  | Skipped 6 transactions due to errors or duplicates
2025-05-29 23:35:05,390 | INFO  | Successfully processed lia_jan17_25.xml: 0 transactions added
2025-05-29 23:35:05,390 | INFO  | Progress: 12/60 - lia_mar20_25.xml
2025-05-29 23:35:05,395 | INFO  | Found 14 forex transactions in lia_mar20_25.xml
2025-05-29 23:35:05,403 | INFO  | Successfully processed 0 forex transactions from lia_mar20_25.xml
2025-05-29 23:35:05,404 | INFO  | Skipped 14 transactions due to errors or duplicates
2025-05-29 23:35:05,415 | INFO  | Successfully processed lia_mar20_25.xml: 0 transactions added
2025-05-29 23:35:05,415 | INFO  | Progress: 13/60 - lia_may14.xml
2025-05-29 23:35:05,417 | INFO  | Found 6 forex transactions in lia_may14.xml
2025-05-29 23:35:05,422 | INFO  | Successfully processed 0 forex transactions from lia_may14.xml
2025-05-29 23:35:05,423 | INFO  | Skipped 6 transactions due to errors or duplicates
2025-05-29 23:35:05,434 | INFO  | Successfully processed lia_may14.xml: 0 transactions added
2025-05-29 23:35:05,434 | INFO  | Progress: 14/60 - lia_oct4.xml
2025-05-29 23:35:05,437 | INFO  | Found 2 forex transactions in lia_oct4.xml
2025-05-29 23:35:05,440 | INFO  | Successfully processed 0 forex transactions from lia_oct4.xml
2025-05-29 23:35:05,440 | INFO  | Skipped 2 transactions due to errors or duplicates
2025-05-29 23:35:05,452 | INFO  | Successfully processed lia_oct4.xml: 0 transactions added
2025-05-29 23:35:05,452 | INFO  | Progress: 15/60 - U3281113_U3281113_20190918_20200917_AF_952579_b40413d2b2a80ca44c10e2d27a10ddb9.xml
2025-05-29 23:35:05,482 | INFO  | Found 26 forex transactions in U3281113_U3281113_20190918_20200917_AF_952579_b40413d2b2a80ca44c10e2d27a10ddb9.xml
2025-05-29 23:35:05,496 | INFO  | Successfully processed 0 forex transactions from U3281113_U3281113_20190918_20200917_AF_952579_b40413d2b2a80ca44c10e2d27a10ddb9.xml
2025-05-29 23:35:05,497 | INFO  | Skipped 26 transactions due to errors or duplicates
2025-05-29 23:35:05,512 | INFO  | Successfully processed U3281113_U3281113_20190918_20200917_AF_952579_b40413d2b2a80ca44c10e2d27a10ddb9.xml: 0 transactions added
2025-05-29 23:35:05,512 | INFO  | Progress: 16/60 - U3281113_U3281113_20200918_20210917_AF_952579_32361b98e6fc39f28adb6250c2ab9a6a.xml
2025-05-29 23:35:05,544 | INFO  | Found 14 forex transactions in U3281113_U3281113_20200918_20210917_AF_952579_32361b98e6fc39f28adb6250c2ab9a6a.xml
2025-05-29 23:35:05,553 | INFO  | Successfully processed 0 forex transactions from U3281113_U3281113_20200918_20210917_AF_952579_32361b98e6fc39f28adb6250c2ab9a6a.xml
2025-05-29 23:35:05,553 | INFO  | Skipped 14 transactions due to errors or duplicates
2025-05-29 23:35:05,568 | INFO  | Successfully processed U3281113_U3281113_20200918_20210917_AF_952579_32361b98e6fc39f28adb6250c2ab9a6a.xml: 0 transactions added
2025-05-29 23:35:05,569 | INFO  | Progress: 17/60 - U3281113_U3281113_20210920_20220916_AF_952579_a9d2be1aad30e68a4f4ffbab363d2544.xml
2025-05-29 23:35:05,592 | INFO  | Found 16 forex transactions in U3281113_U3281113_20210920_20220916_AF_952579_a9d2be1aad30e68a4f4ffbab363d2544.xml
2025-05-29 23:35:05,602 | INFO  | Successfully processed 0 forex transactions from U3281113_U3281113_20210920_20220916_AF_952579_a9d2be1aad30e68a4f4ffbab363d2544.xml
2025-05-29 23:35:05,602 | INFO  | Skipped 16 transactions due to errors or duplicates
2025-05-29 23:35:05,615 | INFO  | Successfully processed U3281113_U3281113_20210920_20220916_AF_952579_a9d2be1aad30e68a4f4ffbab363d2544.xml: 0 transactions added
2025-05-29 23:35:05,616 | INFO  | Progress: 18/60 - U3281113_U3281113_20220919_20230915_AF_952579_1a9b55af2d76e07d69d7d4cdea01c78d.xml
2025-05-29 23:35:05,642 | INFO  | Found 23 forex transactions in U3281113_U3281113_20220919_20230915_AF_952579_1a9b55af2d76e07d69d7d4cdea01c78d.xml
2025-05-29 23:35:05,655 | INFO  | Successfully processed 0 forex transactions from U3281113_U3281113_20220919_20230915_AF_952579_1a9b55af2d76e07d69d7d4cdea01c78d.xml
2025-05-29 23:35:05,656 | INFO  | Skipped 23 transactions due to errors or duplicates
2025-05-29 23:35:05,669 | INFO  | Successfully processed U3281113_U3281113_20220919_20230915_AF_952579_1a9b55af2d76e07d69d7d4cdea01c78d.xml: 0 transactions added
2025-05-29 23:35:05,669 | INFO  | Progress: 19/60 - U3281113_U3281113_20230918_20240401_AF_952579_1a9b55af2d76e07d69d7d4cdea01c78d.xml
2025-05-29 23:35:05,721 | INFO  | Found 37 forex transactions in U3281113_U3281113_20230918_20240401_AF_952579_1a9b55af2d76e07d69d7d4cdea01c78d.xml
2025-05-29 23:35:05,740 | INFO  | Successfully processed 0 forex transactions from U3281113_U3281113_20230918_20240401_AF_952579_1a9b55af2d76e07d69d7d4cdea01c78d.xml
2025-05-29 23:35:05,741 | INFO  | Skipped 37 transactions due to errors or duplicates
2025-05-29 23:35:05,754 | INFO  | Successfully processed U3281113_U3281113_20230918_20240401_AF_952579_1a9b55af2d76e07d69d7d4cdea01c78d.xml: 0 transactions added
2025-05-29 23:35:05,754 | INFO  | Progress: 20/60 - marcos_abr4_25.xml
2025-05-29 23:35:05,758 | INFO  | Found 6 forex transactions in marcos_abr4_25.xml
2025-05-29 23:35:05,764 | INFO  | Successfully processed 0 forex transactions from marcos_abr4_25.xml
2025-05-29 23:35:05,764 | INFO  | Skipped 6 transactions due to errors or duplicates
2025-05-29 23:35:05,775 | INFO  | Successfully processed marcos_abr4_25.xml: 0 transactions added
2025-05-29 23:35:05,776 | INFO  | Progress: 21/60 - marcos_april12.xml
2025-05-29 23:35:05,778 | INFO  | Found 2 forex transactions in marcos_april12.xml
2025-05-29 23:35:05,782 | INFO  | Successfully processed 0 forex transactions from marcos_april12.xml
2025-05-29 23:35:05,782 | INFO  | Skipped 2 transactions due to errors or duplicates
2025-05-29 23:35:05,793 | INFO  | Successfully processed marcos_april12.xml: 0 transactions added
2025-05-29 23:35:05,794 | INFO  | Progress: 22/60 - marcos_april19.xml
2025-05-29 23:35:05,796 | INFO  | Found 2 forex transactions in marcos_april19.xml
2025-05-29 23:35:05,800 | INFO  | Successfully processed 0 forex transactions from marcos_april19.xml
2025-05-29 23:35:05,800 | INFO  | Skipped 2 transactions due to errors or duplicates
2025-05-29 23:35:05,811 | INFO  | Successfully processed marcos_april19.xml: 0 transactions added
2025-05-29 23:35:05,812 | INFO  | Progress: 23/60 - marcos_aug30.xml
2025-05-29 23:35:05,817 | INFO  | Found 35 forex transactions in marcos_aug30.xml
2025-05-29 23:35:05,835 | INFO  | Successfully processed 0 forex transactions from marcos_aug30.xml
2025-05-29 23:35:05,835 | INFO  | Skipped 35 transactions due to errors or duplicates
2025-05-29 23:35:05,847 | INFO  | Successfully processed marcos_aug30.xml: 0 transactions added
2025-05-29 23:35:05,848 | INFO  | Progress: 24/60 - marcos_dec6.xml
2025-05-29 23:35:05,855 | INFO  | Found 49 forex transactions in marcos_dec6.xml
2025-05-29 23:35:05,892 | INFO  | Successfully processed 0 forex transactions from marcos_dec6.xml
2025-05-29 23:35:05,892 | INFO  | Skipped 49 transactions due to errors or duplicates
2025-05-29 23:35:05,907 | INFO  | Successfully processed marcos_dec6.xml: 0 transactions added
2025-05-29 23:35:05,907 | INFO  | Progress: 25/60 - marcos_jan17_25.xml
2025-05-29 23:35:05,918 | INFO  | Found 62 forex transactions in marcos_jan17_25.xml
2025-05-29 23:35:05,946 | INFO  | Successfully processed 0 forex transactions from marcos_jan17_25.xml
2025-05-29 23:35:05,946 | INFO  | Skipped 62 transactions due to errors or duplicates
2025-05-29 23:35:05,957 | INFO  | Successfully processed marcos_jan17_25.xml: 0 transactions added
2025-05-29 23:35:05,957 | INFO  | Progress: 26/60 - marcos_july25.xml
2025-05-29 23:35:05,961 | INFO  | Found 21 forex transactions in marcos_july25.xml
2025-05-29 23:35:05,972 | INFO  | Successfully processed 0 forex transactions from marcos_july25.xml
2025-05-29 23:35:05,973 | INFO  | Skipped 21 transactions due to errors or duplicates
2025-05-29 23:35:05,984 | INFO  | Successfully processed marcos_july25.xml: 0 transactions added
2025-05-29 23:35:05,985 | INFO  | Progress: 27/60 - marcos_june28.xml
2025-05-29 23:35:05,993 | INFO  | Found 11 forex transactions in marcos_june28.xml
2025-05-29 23:35:06,000 | INFO  | Successfully processed 0 forex transactions from marcos_june28.xml
2025-05-29 23:35:06,001 | INFO  | Skipped 11 transactions due to errors or duplicates
2025-05-29 23:35:06,012 | INFO  | Successfully processed marcos_june28.xml: 0 transactions added
2025-05-29 23:35:06,013 | INFO  | Progress: 28/60 - marcos_mar20_25.xml
2025-05-29 23:35:06,023 | INFO  | Found 69 forex transactions in marcos_mar20_25.xml
2025-05-29 23:35:06,053 | INFO  | Successfully processed 0 forex transactions from marcos_mar20_25.xml
2025-05-29 23:35:06,053 | INFO  | Skipped 69 transactions due to errors or duplicates
2025-05-29 23:35:06,064 | INFO  | Successfully processed marcos_mar20_25.xml: 0 transactions added
2025-05-29 23:35:06,065 | INFO  | Progress: 29/60 - marcos_may14.xml
2025-05-29 23:35:06,068 | INFO  | Found 8 forex transactions in marcos_may14.xml
2025-05-29 23:35:06,074 | INFO  | Successfully processed 0 forex transactions from marcos_may14.xml
2025-05-29 23:35:06,074 | INFO  | Skipped 8 transactions due to errors or duplicates
2025-05-29 23:35:06,086 | INFO  | Successfully processed marcos_may14.xml: 0 transactions added
2025-05-29 23:35:06,086 | INFO  | Progress: 30/60 - marcos_oct4.xml
2025-05-29 23:35:06,092 | INFO  | Found 28 forex transactions in marcos_oct4.xml
2025-05-29 23:35:06,109 | INFO  | Successfully processed 0 forex transactions from marcos_oct4.xml
2025-05-29 23:35:06,110 | INFO  | Skipped 28 transactions due to errors or duplicates
2025-05-29 23:35:06,121 | INFO  | Successfully processed marcos_oct4.xml: 0 transactions added
2025-05-29 23:35:06,122 | INFO  | Progress: 31/60 - PP_report_fromJune14_2021_to_June10_2022.xml
2025-05-29 23:35:06,143 | INFO  | Found 0 forex transactions in PP_report_fromJune14_2021_to_June10_2022.xml
2025-05-29 23:35:06,156 | INFO  | Successfully processed PP_report_fromJune14_2021_to_June10_2022.xml: 0 transactions added
2025-05-29 23:35:06,156 | INFO  | Progress: 32/60 - PP_report_from_June12_2023_to_April1_2024.xml
2025-05-29 23:35:06,173 | INFO  | Found 27 forex transactions in PP_report_from_June12_2023_to_April1_2024.xml
2025-05-29 23:35:06,187 | INFO  | Successfully processed 0 forex transactions from PP_report_from_June12_2023_to_April1_2024.xml
2025-05-29 23:35:06,187 | INFO  | Skipped 27 transactions due to errors or duplicates
2025-05-29 23:35:06,199 | INFO  | Successfully processed PP_report_from_June12_2023_to_April1_2024.xml: 0 transactions added
2025-05-29 23:35:06,200 | INFO  | Progress: 33/60 - PP_report_from_June13_2019_to_June12_2020.xml
2025-05-29 23:35:06,219 | INFO  | Found 16 forex transactions in PP_report_from_June13_2019_to_June12_2020.xml
2025-05-29 23:35:06,229 | INFO  | Successfully processed 0 forex transactions from PP_report_from_June13_2019_to_June12_2020.xml
2025-05-29 23:35:06,230 | INFO  | Skipped 16 transactions due to errors or duplicates
2025-05-29 23:35:06,242 | INFO  | Successfully processed PP_report_from_June13_2019_to_June12_2020.xml: 0 transactions added
2025-05-29 23:35:06,243 | INFO  | Progress: 34/60 - PP_report_from_June13_2022_to_June9_2023.xml
2025-05-29 23:35:06,265 | INFO  | Found 3 forex transactions in PP_report_from_June13_2022_to_June9_2023.xml
2025-05-29 23:35:06,270 | INFO  | Successfully processed 0 forex transactions from PP_report_from_June13_2022_to_June9_2023.xml
2025-05-29 23:35:06,270 | INFO  | Skipped 3 transactions due to errors or duplicates
2025-05-29 23:35:06,283 | INFO  | Successfully processed PP_report_from_June13_2022_to_June9_2023.xml: 0 transactions added
2025-05-29 23:35:06,283 | INFO  | Progress: 35/60 - PP_report_from_June15_2020_to_June11_2021.xml
2025-05-29 23:35:06,304 | INFO  | Found 5 forex transactions in PP_report_from_June15_2020_to_June11_2021.xml
2025-05-29 23:35:06,311 | INFO  | Successfully processed 0 forex transactions from PP_report_from_June15_2020_to_June11_2021.xml
2025-05-29 23:35:06,312 | INFO  | Skipped 5 transactions due to errors or duplicates
2025-05-29 23:35:06,327 | INFO  | Successfully processed PP_report_from_June15_2020_to_June11_2021.xml: 0 transactions added
2025-05-29 23:35:06,328 | INFO  | Progress: 36/60 - marcos_ms_abr1.xml
2025-05-29 23:35:06,333 | INFO  | Found 1 forex transactions in marcos_ms_abr1.xml
2025-05-29 23:35:06,339 | INFO  | Successfully processed 0 forex transactions from marcos_ms_abr1.xml
2025-05-29 23:35:06,339 | INFO  | Skipped 1 transactions due to errors or duplicates
2025-05-29 23:35:06,352 | INFO  | Successfully processed marcos_ms_abr1.xml: 0 transactions added
2025-05-29 23:35:06,353 | INFO  | Progress: 37/60 - marcos_ms_abr19.xml
2025-05-29 23:35:06,357 | INFO  | Found 0 forex transactions in marcos_ms_abr19.xml
2025-05-29 23:35:06,369 | INFO  | Successfully processed marcos_ms_abr19.xml: 0 transactions added
2025-05-29 23:35:06,369 | INFO  | Progress: 38/60 - marcos_ms_aug27.xml
2025-05-29 23:35:06,374 | INFO  | Found 9 forex transactions in marcos_ms_aug27.xml
2025-05-29 23:35:06,382 | INFO  | Successfully processed 0 forex transactions from marcos_ms_aug27.xml
2025-05-29 23:35:06,382 | INFO  | Skipped 9 transactions due to errors or duplicates
2025-05-29 23:35:06,394 | INFO  | Successfully processed marcos_ms_aug27.xml: 0 transactions added
2025-05-29 23:35:06,395 | INFO  | Progress: 39/60 - marcos_ms_dec6.xml
2025-05-29 23:35:06,401 | INFO  | Found 15 forex transactions in marcos_ms_dec6.xml
2025-05-29 23:35:06,410 | INFO  | Successfully processed 0 forex transactions from marcos_ms_dec6.xml
2025-05-29 23:35:06,411 | INFO  | Skipped 15 transactions due to errors or duplicates
2025-05-29 23:35:06,422 | INFO  | Successfully processed marcos_ms_dec6.xml: 0 transactions added
2025-05-29 23:35:06,422 | INFO  | Progress: 40/60 - marcos_ms_jan17_25.xml
2025-05-29 23:35:06,427 | INFO  | Found 5 forex transactions in marcos_ms_jan17_25.xml
2025-05-29 23:35:06,432 | INFO  | Successfully processed 0 forex transactions from marcos_ms_jan17_25.xml
2025-05-29 23:35:06,433 | INFO  | Skipped 5 transactions due to errors or duplicates
2025-05-29 23:35:06,444 | INFO  | Successfully processed marcos_ms_jan17_25.xml: 0 transactions added
2025-05-29 23:35:06,445 | INFO  | Progress: 41/60 - marcos_ms_july25.xml
2025-05-29 23:35:06,450 | INFO  | Found 17 forex transactions in marcos_ms_july25.xml
2025-05-29 23:35:06,460 | INFO  | Successfully processed 0 forex transactions from marcos_ms_july25.xml
2025-05-29 23:35:06,460 | INFO  | Skipped 17 transactions due to errors or duplicates
2025-05-29 23:35:06,471 | INFO  | Successfully processed marcos_ms_july25.xml: 0 transactions added
2025-05-29 23:35:06,471 | INFO  | Progress: 42/60 - marcos_ms_june28.xml
2025-05-29 23:35:06,476 | INFO  | Found 8 forex transactions in marcos_ms_june28.xml
2025-05-29 23:35:06,482 | INFO  | Successfully processed 0 forex transactions from marcos_ms_june28.xml
2025-05-29 23:35:06,482 | INFO  | Skipped 8 transactions due to errors or duplicates
2025-05-29 23:35:06,494 | INFO  | Successfully processed marcos_ms_june28.xml: 0 transactions added
2025-05-29 23:35:06,494 | INFO  | Progress: 43/60 - marcos_ms_mar21_25.xml
2025-05-29 23:35:06,503 | INFO  | Found 2 forex transactions in marcos_ms_mar21_25.xml
2025-05-29 23:35:06,507 | INFO  | Successfully processed 0 forex transactions from marcos_ms_mar21_25.xml
2025-05-29 23:35:06,507 | INFO  | Skipped 2 transactions due to errors or duplicates
2025-05-29 23:35:06,519 | INFO  | Successfully processed marcos_ms_mar21_25.xml: 0 transactions added
2025-05-29 23:35:06,519 | INFO  | Progress: 44/60 - marcos_ms_may14.xml
2025-05-29 23:35:06,524 | INFO  | Found 3 forex transactions in marcos_ms_may14.xml
2025-05-29 23:35:06,529 | INFO  | Successfully processed 0 forex transactions from marcos_ms_may14.xml
2025-05-29 23:35:06,529 | INFO  | Skipped 3 transactions due to errors or duplicates
2025-05-29 23:35:06,542 | INFO  | Successfully processed marcos_ms_may14.xml: 0 transactions added
2025-05-29 23:35:06,542 | INFO  | Progress: 45/60 - marcos_ms_oct4.xml
2025-05-29 23:35:06,549 | INFO  | Found 3 forex transactions in marcos_ms_oct4.xml
2025-05-29 23:35:06,555 | INFO  | Successfully processed 0 forex transactions from marcos_ms_oct4.xml
2025-05-29 23:35:06,555 | INFO  | Skipped 3 transactions due to errors or duplicates
2025-05-29 23:35:06,567 | INFO  | Successfully processed marcos_ms_oct4.xml: 0 transactions added
2025-05-29 23:35:06,567 | INFO  | Progress: 46/60 - mariana_apr1_24.xml
2025-05-29 23:35:06,575 | INFO  | Found 24 forex transactions in mariana_apr1_24.xml
2025-05-29 23:35:06,588 | INFO  | Successfully processed 0 forex transactions from mariana_apr1_24.xml
2025-05-29 23:35:06,589 | INFO  | Skipped 24 transactions due to errors or duplicates
2025-05-29 23:35:06,602 | INFO  | Successfully processed mariana_apr1_24.xml: 0 transactions added
2025-05-29 23:35:06,602 | INFO  | Progress: 47/60 - mariana_april12.xml
2025-05-29 23:35:06,605 | INFO  | Found 3 forex transactions in mariana_april12.xml
2025-05-29 23:35:06,609 | INFO  | Successfully processed 0 forex transactions from mariana_april12.xml
2025-05-29 23:35:06,610 | INFO  | Skipped 3 transactions due to errors or duplicates
2025-05-29 23:35:06,621 | INFO  | Successfully processed mariana_april12.xml: 0 transactions added
2025-05-29 23:35:06,621 | INFO  | Progress: 48/60 - mariana_april19.xml
2025-05-29 23:35:06,623 | INFO  | Found 0 forex transactions in mariana_april19.xml
2025-05-29 23:35:06,634 | INFO  | Successfully processed mariana_april19.xml: 0 transactions added
2025-05-29 23:35:06,634 | INFO  | Progress: 49/60 - mariana_aug30.xml
2025-05-29 23:35:06,637 | INFO  | Found 4 forex transactions in mariana_aug30.xml
2025-05-29 23:35:06,641 | INFO  | Successfully processed 0 forex transactions from mariana_aug30.xml
2025-05-29 23:35:06,641 | INFO  | Skipped 4 transactions due to errors or duplicates
2025-05-29 23:35:06,653 | INFO  | Successfully processed mariana_aug30.xml: 0 transactions added
2025-05-29 23:35:06,653 | INFO  | Progress: 50/60 - mariana_dec6.xml
2025-05-29 23:35:06,657 | INFO  | Found 8 forex transactions in mariana_dec6.xml
2025-05-29 23:35:06,663 | INFO  | Successfully processed 0 forex transactions from mariana_dec6.xml
2025-05-29 23:35:06,664 | INFO  | Skipped 8 transactions due to errors or duplicates
2025-05-29 23:35:06,674 | INFO  | Successfully processed mariana_dec6.xml: 0 transactions added
2025-05-29 23:35:06,675 | INFO  | Progress: 51/60 - mariana_jan17_25.xml
2025-05-29 23:35:06,680 | INFO  | Found 2 forex transactions in mariana_jan17_25.xml
2025-05-29 23:35:06,683 | INFO  | Successfully processed 0 forex transactions from mariana_jan17_25.xml
2025-05-29 23:35:06,684 | INFO  | Skipped 2 transactions due to errors or duplicates
2025-05-29 23:35:06,695 | INFO  | Successfully processed mariana_jan17_25.xml: 0 transactions added
2025-05-29 23:35:06,695 | INFO  | Progress: 52/60 - mariana_jan5_24.xml
2025-05-29 23:35:06,712 | INFO  | Found 19 forex transactions in mariana_jan5_24.xml
2025-05-29 23:35:06,721 | INFO  | Successfully processed 0 forex transactions from mariana_jan5_24.xml
2025-05-29 23:35:06,721 | INFO  | Skipped 19 transactions due to errors or duplicates
2025-05-29 23:35:06,733 | INFO  | Successfully processed mariana_jan5_24.xml: 0 transactions added
2025-05-29 23:35:06,733 | INFO  | Progress: 53/60 - mariana_jan6_23.xml
2025-05-29 23:35:06,748 | INFO  | Found 14 forex transactions in mariana_jan6_23.xml
2025-05-29 23:35:06,755 | INFO  | Successfully processed 0 forex transactions from mariana_jan6_23.xml
2025-05-29 23:35:06,755 | INFO  | Skipped 14 transactions due to errors or duplicates
2025-05-29 23:35:06,768 | INFO  | Successfully processed mariana_jan6_23.xml: 0 transactions added
2025-05-29 23:35:06,768 | INFO  | Progress: 54/60 - mariana_jan7_22.xml
2025-05-29 23:35:06,782 | INFO  | Found 4 forex transactions in mariana_jan7_22.xml
2025-05-29 23:35:06,786 | INFO  | Successfully processed 0 forex transactions from mariana_jan7_22.xml
2025-05-29 23:35:06,787 | INFO  | Skipped 4 transactions due to errors or duplicates
2025-05-29 23:35:06,798 | INFO  | Successfully processed mariana_jan7_22.xml: 0 transactions added
2025-05-29 23:35:06,799 | INFO  | Progress: 55/60 - mariana_jan8_21.xml
2025-05-29 23:35:06,815 | INFO  | Found 5 forex transactions in mariana_jan8_21.xml
2025-05-29 23:35:06,819 | INFO  | Successfully processed 0 forex transactions from mariana_jan8_21.xml
2025-05-29 23:35:06,820 | INFO  | Skipped 5 transactions due to errors or duplicates
2025-05-29 23:35:06,833 | INFO  | Successfully processed mariana_jan8_21.xml: 0 transactions added
2025-05-29 23:35:06,833 | INFO  | Progress: 56/60 - mariana_july25.xml
2025-05-29 23:35:06,836 | INFO  | Found 4 forex transactions in mariana_july25.xml
2025-05-29 23:35:06,840 | INFO  | Successfully processed 0 forex transactions from mariana_july25.xml
2025-05-29 23:35:06,840 | INFO  | Skipped 4 transactions due to errors or duplicates
2025-05-29 23:35:06,851 | INFO  | Successfully processed mariana_july25.xml: 0 transactions added
2025-05-29 23:35:06,851 | INFO  | Progress: 57/60 - mariana_june28.xml
2025-05-29 23:35:06,855 | INFO  | Found 7 forex transactions in mariana_june28.xml
2025-05-29 23:35:06,860 | INFO  | Successfully processed 0 forex transactions from mariana_june28.xml
2025-05-29 23:35:06,860 | INFO  | Skipped 7 transactions due to errors or duplicates
2025-05-29 23:35:06,870 | INFO  | Successfully processed mariana_june28.xml: 0 transactions added
2025-05-29 23:35:06,870 | INFO  | Progress: 58/60 - mariana_mar20_25.xml
2025-05-29 23:35:06,874 | INFO  | Found 5 forex transactions in mariana_mar20_25.xml
2025-05-29 23:35:06,879 | INFO  | Successfully processed 0 forex transactions from mariana_mar20_25.xml
2025-05-29 23:35:06,879 | INFO  | Skipped 5 transactions due to errors or duplicates
2025-05-29 23:35:06,890 | INFO  | Successfully processed mariana_mar20_25.xml: 0 transactions added
2025-05-29 23:35:06,890 | INFO  | Progress: 59/60 - mariana_may14.xml
2025-05-29 23:35:06,893 | INFO  | Found 2 forex transactions in mariana_may14.xml
2025-05-29 23:35:06,895 | INFO  | Successfully processed 0 forex transactions from mariana_may14.xml
2025-05-29 23:35:06,896 | INFO  | Skipped 2 transactions due to errors or duplicates
2025-05-29 23:35:06,906 | INFO  | Successfully processed mariana_may14.xml: 0 transactions added
2025-05-29 23:35:06,906 | INFO  | Progress: 60/60 - mariana_oct4.xml
2025-05-29 23:35:06,909 | INFO  | Found 4 forex transactions in mariana_oct4.xml
2025-05-29 23:35:06,913 | INFO  | Successfully processed 0 forex transactions from mariana_oct4.xml
2025-05-29 23:35:06,913 | INFO  | Skipped 4 transactions due to errors or duplicates
2025-05-29 23:35:06,923 | INFO  | Successfully processed mariana_oct4.xml: 0 transactions added
2025-05-29 23:35:06,923 | INFO  | Step 3: Exporting final accumulated database to PP XML...
2025-05-29 23:35:06,923 | INFO  | Exporting database to PP XML: D:\Projetos\Finance_data\IDE\vs_code\ib_pp_importer\portfolio_management.xml
2025-05-29 23:35:12,131 | INFO  | Successfully exported database to D:\Projetos\Finance_data\IDE\vs_code\ib_pp_importer\portfolio_management.xml
2025-05-29 23:35:12,131 | INFO  | Successfully exported final PP XML with all accumulated transactions
2025-05-29 23:35:12,131 | INFO  | ============================================================
2025-05-29 23:35:12,131 | INFO  | BULK PROCESSING COMPLETE
2025-05-29 23:35:12,131 | INFO  | ============================================================
2025-05-29 23:35:12,132 | INFO  | Total files processed: 60
2025-05-29 23:35:12,132 | INFO  | Successful: 60
2025-05-29 23:35:12,132 | INFO  | Errors: 0
2025-05-29 23:35:12,132 | INFO  | Total forex transactions added: 0
2025-05-29 23:35:12,132 | INFO  | Processing time: 18.5 seconds
2025-05-29 23:35:12,133 | INFO  | All files processed successfully
2025-05-30 16:15:16,388 | INFO  | ============================================================
2025-05-30 16:15:16,390 | INFO  | FIXED FOREX BULK PROCESSOR STARTING
2025-05-30 16:15:16,390 | INFO  | ============================================================
2025-05-30 16:15:16,390 | INFO  | PP XML file: D:\Projetos\Finance_data\IDE\vs_code\ib_pp_importer\portfolio_management.xml
2025-05-30 16:15:16,390 | INFO  | Transaction data directory: D:\Projetos\Finance_data\Portfolio performance\transaction data
2025-05-30 16:15:16,391 | INFO  | Debug mode: Disabled
2025-05-30 16:15:16,393 | INFO  | Tracking database initialized
2025-05-30 16:15:16,455 | INFO  | Backup created: D:\Projetos\Finance_data\IDE\vs_code\ib_pp_importer\portfolio_management_backup_20250530_161516.xml
2025-05-30 16:15:16,457 | INFO  | Found 5 IB directories: ['IB lia', 'IB marcos', 'IB marcos_ms', 'IB mariana', 'IB RRSP']
2025-05-30 16:15:16,460 | INFO  | Total IB XML files discovered: 60
2025-05-30 16:15:16,481 | INFO  | New files to process: 0 out of 60 total
2025-05-30 16:15:16,481 | INFO  | All files have already been processed. Nothing to do.
2025-05-30 16:19:41,566 | INFO  | ============================================================
2025-05-30 16:19:41,566 | INFO  | FIXED FOREX BULK PROCESSOR STARTING
2025-05-30 16:19:41,566 | INFO  | ============================================================
2025-05-30 16:19:41,567 | INFO  | PP XML file: D:\Projetos\Finance_data\IDE\vs_code\ib_pp_importer\portfolio_management.xml
2025-05-30 16:19:41,567 | INFO  | Transaction data directory: D:\Projetos\Finance_data\Portfolio performance\transaction data
2025-05-30 16:19:41,567 | INFO  | Debug mode: Disabled
2025-05-30 16:19:41,568 | INFO  | Tracking database initialized
2025-05-30 16:19:41,589 | INFO  | Backup created: D:\Projetos\Finance_data\IDE\vs_code\ib_pp_importer\portfolio_management_backup_20250530_161941.xml
2025-05-30 16:19:41,590 | INFO  | Found 5 IB directories: ['IB lia', 'IB marcos', 'IB marcos_ms', 'IB mariana', 'IB RRSP']
2025-05-30 16:19:41,592 | INFO  | Total IB XML files discovered: 60
2025-05-30 16:19:41,602 | INFO  | New files to process: 60 out of 60 total
2025-05-30 16:19:41,603 | INFO  | Starting bulk processing of 60 files
2025-05-30 16:19:41,603 | INFO  | Step 1: Importing PP XML to database...
2025-05-30 16:19:41,603 | INFO  | Importing PP XML to database: D:\Projetos\Finance_data\IDE\vs_code\ppxml2db\pp_databases\portfolio_management.db
2025-05-30 16:19:53,633 | INFO  | Successfully imported D:\Projetos\Finance_data\IDE\vs_code\ib_pp_importer\portfolio_management.xml to D:\Projetos\Finance_data\IDE\vs_code\ppxml2db\pp_databases\portfolio_management.db
2025-05-30 16:19:53,634 | INFO  | Step 2: Processing IB XML files and accumulating transactions...
2025-05-30 16:19:53,634 | INFO  | Progress: 1/60 - ib_rrsp_dec6.xml
2025-05-30 16:19:53,679 | INFO  | Found 0 forex transactions in ib_rrsp_dec6.xml
2025-05-30 16:19:53,687 | INFO  | Successfully processed ib_rrsp_dec6.xml: 0 transactions added
2025-05-30 16:19:53,688 | INFO  | Progress: 2/60 - ib_rrsp_jan17_25.xml
2025-05-30 16:19:53,707 | INFO  | Found 0 forex transactions in ib_rrsp_jan17_25.xml
2025-05-30 16:19:53,714 | INFO  | Successfully processed ib_rrsp_jan17_25.xml: 0 transactions added
2025-05-30 16:19:53,715 | INFO  | Progress: 3/60 - ib_rrsp_oct4.xml
2025-05-30 16:19:53,729 | INFO  | Found 2 forex transactions in ib_rrsp_oct4.xml
2025-05-30 16:19:53,733 | INFO  | Successfully processed 0 forex transactions from ib_rrsp_oct4.xml
2025-05-30 16:19:53,733 | INFO  | Skipped 2 transactions due to errors or duplicates
2025-05-30 16:19:53,741 | INFO  | Successfully processed ib_rrsp_oct4.xml: 0 transactions added
2025-05-30 16:19:53,741 | INFO  | Progress: 4/60 - Lia_apr1_24.xml
2025-05-30 16:19:53,780 | INFO  | Found 19 forex transactions in Lia_apr1_24.xml
2025-05-30 16:19:53,792 | INFO  | Successfully processed 0 forex transactions from Lia_apr1_24.xml
2025-05-30 16:19:53,793 | INFO  | Skipped 19 transactions due to errors or duplicates
2025-05-30 16:19:53,802 | INFO  | Successfully processed Lia_apr1_24.xml: 0 transactions added
2025-05-30 16:19:53,802 | INFO  | Progress: 5/60 - Lia_july25.xml
2025-05-30 16:19:53,817 | INFO  | Found 2 forex transactions in Lia_july25.xml
2025-05-30 16:19:53,821 | INFO  | Successfully processed 0 forex transactions from Lia_july25.xml
2025-05-30 16:19:53,822 | INFO  | Skipped 2 transactions due to errors or duplicates
2025-05-30 16:19:53,830 | INFO  | Successfully processed Lia_july25.xml: 0 transactions added
2025-05-30 16:19:53,830 | INFO  | Progress: 6/60 - Lia_jun28.xml
2025-05-30 16:19:53,846 | INFO  | Found 2 forex transactions in Lia_jun28.xml
2025-05-30 16:19:53,850 | INFO  | Successfully processed 0 forex transactions from Lia_jun28.xml
2025-05-30 16:19:53,850 | INFO  | Skipped 2 transactions due to errors or duplicates
2025-05-30 16:19:53,858 | INFO  | Successfully processed Lia_jun28.xml: 0 transactions added
2025-05-30 16:19:53,858 | INFO  | Progress: 7/60 - lia_april12.xml
2025-05-30 16:19:53,872 | INFO  | Found 0 forex transactions in lia_april12.xml
2025-05-30 16:19:53,880 | INFO  | Successfully processed lia_april12.xml: 0 transactions added
2025-05-30 16:19:53,880 | INFO  | Progress: 8/60 - lia_april19.xml
2025-05-30 16:19:53,894 | INFO  | Found 0 forex transactions in lia_april19.xml
2025-05-30 16:19:53,903 | INFO  | Successfully processed lia_april19.xml: 0 transactions added
2025-05-30 16:19:53,903 | INFO  | Progress: 9/60 - lia_aug30.xml
2025-05-30 16:19:53,920 | INFO  | Found 4 forex transactions in lia_aug30.xml
2025-05-30 16:19:53,924 | INFO  | Successfully processed 0 forex transactions from lia_aug30.xml
2025-05-30 16:19:53,925 | INFO  | Skipped 4 transactions due to errors or duplicates
2025-05-30 16:19:53,932 | INFO  | Successfully processed lia_aug30.xml: 0 transactions added
2025-05-30 16:19:53,932 | INFO  | Progress: 10/60 - lia_dec6.xml
2025-05-30 16:19:53,950 | INFO  | Found 12 forex transactions in lia_dec6.xml
2025-05-30 16:19:53,958 | INFO  | Successfully processed 0 forex transactions from lia_dec6.xml
2025-05-30 16:19:53,958 | INFO  | Skipped 12 transactions due to errors or duplicates
2025-05-30 16:19:53,966 | INFO  | Successfully processed lia_dec6.xml: 0 transactions added
2025-05-30 16:19:53,967 | INFO  | Progress: 11/60 - lia_jan17_25.xml
2025-05-30 16:19:53,982 | INFO  | Found 6 forex transactions in lia_jan17_25.xml
2025-05-30 16:19:53,987 | INFO  | Successfully processed 0 forex transactions from lia_jan17_25.xml
2025-05-30 16:19:53,987 | INFO  | Skipped 6 transactions due to errors or duplicates
2025-05-30 16:19:53,994 | INFO  | Successfully processed lia_jan17_25.xml: 0 transactions added
2025-05-30 16:19:53,994 | INFO  | Progress: 12/60 - lia_mar20_25.xml
2025-05-30 16:19:54,012 | INFO  | Found 14 forex transactions in lia_mar20_25.xml
2025-05-30 16:19:54,021 | INFO  | Successfully processed 0 forex transactions from lia_mar20_25.xml
2025-05-30 16:19:54,022 | INFO  | Skipped 14 transactions due to errors or duplicates
2025-05-30 16:19:54,031 | INFO  | Successfully processed lia_mar20_25.xml: 0 transactions added
2025-05-30 16:19:54,032 | INFO  | Progress: 13/60 - lia_may14.xml
2025-05-30 16:19:54,047 | INFO  | Found 6 forex transactions in lia_may14.xml
2025-05-30 16:19:54,053 | INFO  | Successfully processed 0 forex transactions from lia_may14.xml
2025-05-30 16:19:54,054 | INFO  | Skipped 6 transactions due to errors or duplicates
2025-05-30 16:19:54,062 | INFO  | Successfully processed lia_may14.xml: 0 transactions added
2025-05-30 16:19:54,062 | INFO  | Progress: 14/60 - lia_oct4.xml
2025-05-30 16:19:54,079 | INFO  | Found 2 forex transactions in lia_oct4.xml
2025-05-30 16:19:54,084 | INFO  | Successfully processed 0 forex transactions from lia_oct4.xml
2025-05-30 16:19:54,084 | INFO  | Skipped 2 transactions due to errors or duplicates
2025-05-30 16:19:54,093 | INFO  | Successfully processed lia_oct4.xml: 0 transactions added
2025-05-30 16:19:54,094 | INFO  | Progress: 15/60 - U3281113_U3281113_20190918_20200917_AF_952579_b40413d2b2a80ca44c10e2d27a10ddb9.xml
2025-05-30 16:19:54,137 | INFO  | Found 26 forex transactions in U3281113_U3281113_20190918_20200917_AF_952579_b40413d2b2a80ca44c10e2d27a10ddb9.xml
2025-05-30 16:19:54,151 | INFO  | Successfully processed 0 forex transactions from U3281113_U3281113_20190918_20200917_AF_952579_b40413d2b2a80ca44c10e2d27a10ddb9.xml
2025-05-30 16:19:54,151 | INFO  | Skipped 26 transactions due to errors or duplicates
2025-05-30 16:19:54,160 | INFO  | Successfully processed U3281113_U3281113_20190918_20200917_AF_952579_b40413d2b2a80ca44c10e2d27a10ddb9.xml: 0 transactions added
2025-05-30 16:19:54,160 | INFO  | Progress: 16/60 - U3281113_U3281113_20200918_20210917_AF_952579_32361b98e6fc39f28adb6250c2ab9a6a.xml
2025-05-30 16:19:54,200 | INFO  | Found 14 forex transactions in U3281113_U3281113_20200918_20210917_AF_952579_32361b98e6fc39f28adb6250c2ab9a6a.xml
2025-05-30 16:19:54,209 | INFO  | Successfully processed 0 forex transactions from U3281113_U3281113_20200918_20210917_AF_952579_32361b98e6fc39f28adb6250c2ab9a6a.xml
2025-05-30 16:19:54,210 | INFO  | Skipped 14 transactions due to errors or duplicates
2025-05-30 16:19:54,219 | INFO  | Successfully processed U3281113_U3281113_20200918_20210917_AF_952579_32361b98e6fc39f28adb6250c2ab9a6a.xml: 0 transactions added
2025-05-30 16:19:54,220 | INFO  | Progress: 17/60 - U3281113_U3281113_20210920_20220916_AF_952579_a9d2be1aad30e68a4f4ffbab363d2544.xml
2025-05-30 16:19:54,265 | INFO  | Found 16 forex transactions in U3281113_U3281113_20210920_20220916_AF_952579_a9d2be1aad30e68a4f4ffbab363d2544.xml
2025-05-30 16:19:54,277 | INFO  | Successfully processed 0 forex transactions from U3281113_U3281113_20210920_20220916_AF_952579_a9d2be1aad30e68a4f4ffbab363d2544.xml
2025-05-30 16:19:54,278 | INFO  | Skipped 16 transactions due to errors or duplicates
2025-05-30 16:19:54,289 | INFO  | Successfully processed U3281113_U3281113_20210920_20220916_AF_952579_a9d2be1aad30e68a4f4ffbab363d2544.xml: 0 transactions added
2025-05-30 16:19:54,289 | INFO  | Progress: 18/60 - U3281113_U3281113_20220919_20230915_AF_952579_1a9b55af2d76e07d69d7d4cdea01c78d.xml
2025-05-30 16:19:54,334 | INFO  | Found 23 forex transactions in U3281113_U3281113_20220919_20230915_AF_952579_1a9b55af2d76e07d69d7d4cdea01c78d.xml
2025-05-30 16:19:54,348 | INFO  | Successfully processed 0 forex transactions from U3281113_U3281113_20220919_20230915_AF_952579_1a9b55af2d76e07d69d7d4cdea01c78d.xml
2025-05-30 16:19:54,349 | INFO  | Skipped 23 transactions due to errors or duplicates
2025-05-30 16:19:54,359 | INFO  | Successfully processed U3281113_U3281113_20220919_20230915_AF_952579_1a9b55af2d76e07d69d7d4cdea01c78d.xml: 0 transactions added
2025-05-30 16:19:54,359 | INFO  | Progress: 19/60 - U3281113_U3281113_20230918_20240401_AF_952579_1a9b55af2d76e07d69d7d4cdea01c78d.xml
2025-05-30 16:19:54,395 | INFO  | Found 37 forex transactions in U3281113_U3281113_20230918_20240401_AF_952579_1a9b55af2d76e07d69d7d4cdea01c78d.xml
2025-05-30 16:19:54,413 | INFO  | Successfully processed 0 forex transactions from U3281113_U3281113_20230918_20240401_AF_952579_1a9b55af2d76e07d69d7d4cdea01c78d.xml
2025-05-30 16:19:54,414 | INFO  | Skipped 37 transactions due to errors or duplicates
2025-05-30 16:19:54,422 | INFO  | Successfully processed U3281113_U3281113_20230918_20240401_AF_952579_1a9b55af2d76e07d69d7d4cdea01c78d.xml: 0 transactions added
2025-05-30 16:19:54,422 | INFO  | Progress: 20/60 - marcos_abr4_25.xml
2025-05-30 16:19:54,441 | INFO  | Found 6 forex transactions in marcos_abr4_25.xml
2025-05-30 16:19:54,446 | INFO  | Successfully processed 0 forex transactions from marcos_abr4_25.xml
2025-05-30 16:19:54,447 | INFO  | Skipped 6 transactions due to errors or duplicates
2025-05-30 16:19:54,456 | INFO  | Successfully processed marcos_abr4_25.xml: 0 transactions added
2025-05-30 16:19:54,457 | INFO  | Progress: 21/60 - marcos_april12.xml
2025-05-30 16:19:54,474 | INFO  | Found 2 forex transactions in marcos_april12.xml
2025-05-30 16:19:54,478 | INFO  | Successfully processed 0 forex transactions from marcos_april12.xml
2025-05-30 16:19:54,478 | INFO  | Skipped 2 transactions due to errors or duplicates
2025-05-30 16:19:54,487 | INFO  | Successfully processed marcos_april12.xml: 0 transactions added
2025-05-30 16:19:54,487 | INFO  | Progress: 22/60 - marcos_april19.xml
2025-05-30 16:19:54,500 | INFO  | Found 2 forex transactions in marcos_april19.xml
2025-05-30 16:19:54,505 | INFO  | Successfully processed 0 forex transactions from marcos_april19.xml
2025-05-30 16:19:54,505 | INFO  | Skipped 2 transactions due to errors or duplicates
2025-05-30 16:19:54,513 | INFO  | Successfully processed marcos_april19.xml: 0 transactions added
2025-05-30 16:19:54,513 | INFO  | Progress: 23/60 - marcos_aug30.xml
2025-05-30 16:19:54,535 | INFO  | Found 35 forex transactions in marcos_aug30.xml
2025-05-30 16:19:54,555 | INFO  | Successfully processed 0 forex transactions from marcos_aug30.xml
2025-05-30 16:19:54,555 | INFO  | Skipped 35 transactions due to errors or duplicates
2025-05-30 16:19:54,563 | INFO  | Successfully processed marcos_aug30.xml: 0 transactions added
2025-05-30 16:19:54,563 | INFO  | Progress: 24/60 - marcos_dec6.xml
2025-05-30 16:19:54,584 | INFO  | Found 49 forex transactions in marcos_dec6.xml
2025-05-30 16:19:54,607 | INFO  | Successfully processed 0 forex transactions from marcos_dec6.xml
2025-05-30 16:19:54,608 | INFO  | Skipped 49 transactions due to errors or duplicates
2025-05-30 16:19:54,617 | INFO  | Successfully processed marcos_dec6.xml: 0 transactions added
2025-05-30 16:19:54,618 | INFO  | Progress: 25/60 - marcos_jan17_25.xml
2025-05-30 16:19:54,637 | INFO  | Found 62 forex transactions in marcos_jan17_25.xml
2025-05-30 16:19:54,665 | INFO  | Successfully processed 0 forex transactions from marcos_jan17_25.xml
2025-05-30 16:19:54,666 | INFO  | Skipped 62 transactions due to errors or duplicates
2025-05-30 16:19:54,673 | INFO  | Successfully processed marcos_jan17_25.xml: 0 transactions added
2025-05-30 16:19:54,673 | INFO  | Progress: 26/60 - marcos_july25.xml
2025-05-30 16:19:54,691 | INFO  | Found 21 forex transactions in marcos_july25.xml
2025-05-30 16:19:54,703 | INFO  | Successfully processed 0 forex transactions from marcos_july25.xml
2025-05-30 16:19:54,703 | INFO  | Skipped 21 transactions due to errors or duplicates
2025-05-30 16:19:54,709 | INFO  | Successfully processed marcos_july25.xml: 0 transactions added
2025-05-30 16:19:54,709 | INFO  | Progress: 27/60 - marcos_june28.xml
2025-05-30 16:19:54,728 | INFO  | Found 11 forex transactions in marcos_june28.xml
2025-05-30 16:19:54,736 | INFO  | Successfully processed 0 forex transactions from marcos_june28.xml
2025-05-30 16:19:54,736 | INFO  | Skipped 11 transactions due to errors or duplicates
2025-05-30 16:19:54,745 | INFO  | Successfully processed marcos_june28.xml: 0 transactions added
2025-05-30 16:19:54,746 | INFO  | Progress: 28/60 - marcos_mar20_25.xml
2025-05-30 16:19:54,768 | INFO  | Found 69 forex transactions in marcos_mar20_25.xml
2025-05-30 16:19:54,799 | INFO  | Successfully processed 0 forex transactions from marcos_mar20_25.xml
2025-05-30 16:19:54,800 | INFO  | Skipped 69 transactions due to errors or duplicates
2025-05-30 16:19:54,808 | INFO  | Successfully processed marcos_mar20_25.xml: 0 transactions added
2025-05-30 16:19:54,808 | INFO  | Progress: 29/60 - marcos_may14.xml
2025-05-30 16:19:54,824 | INFO  | Found 8 forex transactions in marcos_may14.xml
2025-05-30 16:19:54,832 | INFO  | Successfully processed 0 forex transactions from marcos_may14.xml
2025-05-30 16:19:54,832 | INFO  | Skipped 8 transactions due to errors or duplicates
2025-05-30 16:19:54,840 | INFO  | Successfully processed marcos_may14.xml: 0 transactions added
2025-05-30 16:19:54,840 | INFO  | Progress: 30/60 - marcos_oct4.xml
2025-05-30 16:19:54,859 | INFO  | Found 28 forex transactions in marcos_oct4.xml
2025-05-30 16:19:54,875 | INFO  | Successfully processed 0 forex transactions from marcos_oct4.xml
2025-05-30 16:19:54,876 | INFO  | Skipped 28 transactions due to errors or duplicates
2025-05-30 16:19:54,885 | INFO  | Successfully processed marcos_oct4.xml: 0 transactions added
2025-05-30 16:19:54,885 | INFO  | Progress: 31/60 - PP_report_fromJune14_2021_to_June10_2022.xml
2025-05-30 16:19:54,941 | INFO  | Found 0 forex transactions in PP_report_fromJune14_2021_to_June10_2022.xml
2025-05-30 16:19:54,950 | INFO  | Successfully processed PP_report_fromJune14_2021_to_June10_2022.xml: 0 transactions added
2025-05-30 16:19:54,950 | INFO  | Progress: 32/60 - PP_report_from_June12_2023_to_April1_2024.xml
2025-05-30 16:19:54,977 | INFO  | Found 27 forex transactions in PP_report_from_June12_2023_to_April1_2024.xml
2025-05-30 16:19:54,988 | INFO  | Successfully processed 0 forex transactions from PP_report_from_June12_2023_to_April1_2024.xml
2025-05-30 16:19:54,989 | INFO  | Skipped 27 transactions due to errors or duplicates
2025-05-30 16:19:54,998 | INFO  | Successfully processed PP_report_from_June12_2023_to_April1_2024.xml: 0 transactions added
2025-05-30 16:19:54,998 | INFO  | Progress: 33/60 - PP_report_from_June13_2019_to_June12_2020.xml
2025-05-30 16:19:55,026 | INFO  | Found 16 forex transactions in PP_report_from_June13_2019_to_June12_2020.xml
2025-05-30 16:19:55,034 | INFO  | Successfully processed 0 forex transactions from PP_report_from_June13_2019_to_June12_2020.xml
2025-05-30 16:19:55,035 | INFO  | Skipped 16 transactions due to errors or duplicates
2025-05-30 16:19:55,043 | INFO  | Successfully processed PP_report_from_June13_2019_to_June12_2020.xml: 0 transactions added
2025-05-30 16:19:55,043 | INFO  | Progress: 34/60 - PP_report_from_June13_2022_to_June9_2023.xml
2025-05-30 16:19:55,070 | INFO  | Found 3 forex transactions in PP_report_from_June13_2022_to_June9_2023.xml
2025-05-30 16:19:55,073 | INFO  | Successfully processed 0 forex transactions from PP_report_from_June13_2022_to_June9_2023.xml
2025-05-30 16:19:55,073 | INFO  | Skipped 3 transactions due to errors or duplicates
2025-05-30 16:19:55,081 | INFO  | Successfully processed PP_report_from_June13_2022_to_June9_2023.xml: 0 transactions added
2025-05-30 16:19:55,081 | INFO  | Progress: 35/60 - PP_report_from_June15_2020_to_June11_2021.xml
2025-05-30 16:19:55,107 | INFO  | Found 5 forex transactions in PP_report_from_June15_2020_to_June11_2021.xml
2025-05-30 16:19:55,111 | INFO  | Successfully processed 0 forex transactions from PP_report_from_June15_2020_to_June11_2021.xml
2025-05-30 16:19:55,112 | INFO  | Skipped 5 transactions due to errors or duplicates
2025-05-30 16:19:55,121 | INFO  | Successfully processed PP_report_from_June15_2020_to_June11_2021.xml: 0 transactions added
2025-05-30 16:19:55,121 | INFO  | Progress: 36/60 - marcos_ms_abr1.xml
2025-05-30 16:19:55,135 | INFO  | Found 1 forex transactions in marcos_ms_abr1.xml
2025-05-30 16:19:55,137 | INFO  | Successfully processed 0 forex transactions from marcos_ms_abr1.xml
2025-05-30 16:19:55,138 | INFO  | Skipped 1 transactions due to errors or duplicates
2025-05-30 16:19:55,143 | INFO  | Successfully processed marcos_ms_abr1.xml: 0 transactions added
2025-05-30 16:19:55,144 | INFO  | Progress: 37/60 - marcos_ms_abr19.xml
2025-05-30 16:19:55,155 | INFO  | Found 0 forex transactions in marcos_ms_abr19.xml
2025-05-30 16:19:55,162 | INFO  | Successfully processed marcos_ms_abr19.xml: 0 transactions added
2025-05-30 16:19:55,162 | INFO  | Progress: 38/60 - marcos_ms_aug27.xml
2025-05-30 16:19:55,174 | INFO  | Found 9 forex transactions in marcos_ms_aug27.xml
2025-05-30 16:19:55,180 | INFO  | Successfully processed 0 forex transactions from marcos_ms_aug27.xml
2025-05-30 16:19:55,180 | INFO  | Skipped 9 transactions due to errors or duplicates
2025-05-30 16:19:55,188 | INFO  | Successfully processed marcos_ms_aug27.xml: 0 transactions added
2025-05-30 16:19:55,188 | INFO  | Progress: 39/60 - marcos_ms_dec6.xml
2025-05-30 16:19:55,206 | INFO  | Found 15 forex transactions in marcos_ms_dec6.xml
2025-05-30 16:19:55,214 | INFO  | Successfully processed 0 forex transactions from marcos_ms_dec6.xml
2025-05-30 16:19:55,214 | INFO  | Skipped 15 transactions due to errors or duplicates
2025-05-30 16:19:55,220 | INFO  | Successfully processed marcos_ms_dec6.xml: 0 transactions added
2025-05-30 16:19:55,220 | INFO  | Progress: 40/60 - marcos_ms_jan17_25.xml
2025-05-30 16:19:55,235 | INFO  | Found 5 forex transactions in marcos_ms_jan17_25.xml
2025-05-30 16:19:55,240 | INFO  | Successfully processed 0 forex transactions from marcos_ms_jan17_25.xml
2025-05-30 16:19:55,240 | INFO  | Skipped 5 transactions due to errors or duplicates
2025-05-30 16:19:55,248 | INFO  | Successfully processed marcos_ms_jan17_25.xml: 0 transactions added
2025-05-30 16:19:55,248 | INFO  | Progress: 41/60 - marcos_ms_july25.xml
2025-05-30 16:19:55,262 | INFO  | Found 17 forex transactions in marcos_ms_july25.xml
2025-05-30 16:19:55,270 | INFO  | Successfully processed 0 forex transactions from marcos_ms_july25.xml
2025-05-30 16:19:55,271 | INFO  | Skipped 17 transactions due to errors or duplicates
2025-05-30 16:19:55,278 | INFO  | Successfully processed marcos_ms_july25.xml: 0 transactions added
2025-05-30 16:19:55,278 | INFO  | Progress: 42/60 - marcos_ms_june28.xml
2025-05-30 16:19:55,295 | INFO  | Found 8 forex transactions in marcos_ms_june28.xml
2025-05-30 16:19:55,300 | INFO  | Successfully processed 0 forex transactions from marcos_ms_june28.xml
2025-05-30 16:19:55,301 | INFO  | Skipped 8 transactions due to errors or duplicates
2025-05-30 16:19:55,309 | INFO  | Successfully processed marcos_ms_june28.xml: 0 transactions added
2025-05-30 16:19:55,310 | INFO  | Progress: 43/60 - marcos_ms_mar21_25.xml
2025-05-30 16:19:55,329 | INFO  | Found 2 forex transactions in marcos_ms_mar21_25.xml
2025-05-30 16:19:55,333 | INFO  | Successfully processed 0 forex transactions from marcos_ms_mar21_25.xml
2025-05-30 16:19:55,334 | INFO  | Skipped 2 transactions due to errors or duplicates
2025-05-30 16:19:55,341 | INFO  | Successfully processed marcos_ms_mar21_25.xml: 0 transactions added
2025-05-30 16:19:55,341 | INFO  | Progress: 44/60 - marcos_ms_may14.xml
2025-05-30 16:19:55,354 | INFO  | Found 3 forex transactions in marcos_ms_may14.xml
2025-05-30 16:19:55,358 | INFO  | Successfully processed 0 forex transactions from marcos_ms_may14.xml
2025-05-30 16:19:55,358 | INFO  | Skipped 3 transactions due to errors or duplicates
2025-05-30 16:19:55,365 | INFO  | Successfully processed marcos_ms_may14.xml: 0 transactions added
2025-05-30 16:19:55,365 | INFO  | Progress: 45/60 - marcos_ms_oct4.xml
2025-05-30 16:19:55,379 | INFO  | Found 3 forex transactions in marcos_ms_oct4.xml
2025-05-30 16:19:55,383 | INFO  | Successfully processed 0 forex transactions from marcos_ms_oct4.xml
2025-05-30 16:19:55,383 | INFO  | Skipped 3 transactions due to errors or duplicates
2025-05-30 16:19:55,389 | INFO  | Successfully processed marcos_ms_oct4.xml: 0 transactions added
2025-05-30 16:19:55,390 | INFO  | Progress: 46/60 - mariana_apr1_24.xml
2025-05-30 16:19:55,408 | INFO  | Found 24 forex transactions in mariana_apr1_24.xml
2025-05-30 16:19:55,419 | INFO  | Successfully processed 0 forex transactions from mariana_apr1_24.xml
2025-05-30 16:19:55,419 | INFO  | Skipped 24 transactions due to errors or duplicates
2025-05-30 16:19:55,427 | INFO  | Successfully processed mariana_apr1_24.xml: 0 transactions added
2025-05-30 16:19:55,427 | INFO  | Progress: 47/60 - mariana_april12.xml
2025-05-30 16:19:55,439 | INFO  | Found 3 forex transactions in mariana_april12.xml
2025-05-30 16:19:55,443 | INFO  | Successfully processed 0 forex transactions from mariana_april12.xml
2025-05-30 16:19:55,444 | INFO  | Skipped 3 transactions due to errors or duplicates
2025-05-30 16:19:55,450 | INFO  | Successfully processed mariana_april12.xml: 0 transactions added
2025-05-30 16:19:55,450 | INFO  | Progress: 48/60 - mariana_april19.xml
2025-05-30 16:19:55,462 | INFO  | Found 0 forex transactions in mariana_april19.xml
2025-05-30 16:19:55,469 | INFO  | Successfully processed mariana_april19.xml: 0 transactions added
2025-05-30 16:19:55,469 | INFO  | Progress: 49/60 - mariana_aug30.xml
2025-05-30 16:19:55,485 | INFO  | Found 4 forex transactions in mariana_aug30.xml
2025-05-30 16:19:55,489 | INFO  | Successfully processed 0 forex transactions from mariana_aug30.xml
2025-05-30 16:19:55,489 | INFO  | Skipped 4 transactions due to errors or duplicates
2025-05-30 16:19:55,497 | INFO  | Successfully processed mariana_aug30.xml: 0 transactions added
2025-05-30 16:19:55,497 | INFO  | Progress: 50/60 - mariana_dec6.xml
2025-05-30 16:19:55,513 | INFO  | Found 8 forex transactions in mariana_dec6.xml
2025-05-30 16:19:55,518 | INFO  | Successfully processed 0 forex transactions from mariana_dec6.xml
2025-05-30 16:19:55,518 | INFO  | Skipped 8 transactions due to errors or duplicates
2025-05-30 16:19:55,527 | INFO  | Successfully processed mariana_dec6.xml: 0 transactions added
2025-05-30 16:19:55,527 | INFO  | Progress: 51/60 - mariana_jan17_25.xml
2025-05-30 16:19:55,541 | INFO  | Found 2 forex transactions in mariana_jan17_25.xml
2025-05-30 16:19:55,544 | INFO  | Successfully processed 0 forex transactions from mariana_jan17_25.xml
2025-05-30 16:19:55,544 | INFO  | Skipped 2 transactions due to errors or duplicates
2025-05-30 16:19:55,551 | INFO  | Successfully processed mariana_jan17_25.xml: 0 transactions added
2025-05-30 16:19:55,551 | INFO  | Progress: 52/60 - mariana_jan5_24.xml
2025-05-30 16:19:55,580 | INFO  | Found 19 forex transactions in mariana_jan5_24.xml
2025-05-30 16:19:55,589 | INFO  | Successfully processed 0 forex transactions from mariana_jan5_24.xml
2025-05-30 16:19:55,590 | INFO  | Skipped 19 transactions due to errors or duplicates
2025-05-30 16:19:55,599 | INFO  | Successfully processed mariana_jan5_24.xml: 0 transactions added
2025-05-30 16:19:55,599 | INFO  | Progress: 53/60 - mariana_jan6_23.xml
2025-05-30 16:19:55,627 | INFO  | Found 14 forex transactions in mariana_jan6_23.xml
2025-05-30 16:19:55,635 | INFO  | Successfully processed 0 forex transactions from mariana_jan6_23.xml
2025-05-30 16:19:55,635 | INFO  | Skipped 14 transactions due to errors or duplicates
2025-05-30 16:19:55,645 | INFO  | Successfully processed mariana_jan6_23.xml: 0 transactions added
2025-05-30 16:19:55,645 | INFO  | Progress: 54/60 - mariana_jan7_22.xml
2025-05-30 16:19:55,672 | INFO  | Found 4 forex transactions in mariana_jan7_22.xml
2025-05-30 16:19:55,676 | INFO  | Successfully processed 0 forex transactions from mariana_jan7_22.xml
2025-05-30 16:19:55,676 | INFO  | Skipped 4 transactions due to errors or duplicates
2025-05-30 16:19:55,685 | INFO  | Successfully processed mariana_jan7_22.xml: 0 transactions added
2025-05-30 16:19:55,686 | INFO  | Progress: 55/60 - mariana_jan8_21.xml
2025-05-30 16:19:55,716 | INFO  | Found 5 forex transactions in mariana_jan8_21.xml
2025-05-30 16:19:55,721 | INFO  | Successfully processed 0 forex transactions from mariana_jan8_21.xml
2025-05-30 16:19:55,721 | INFO  | Skipped 5 transactions due to errors or duplicates
2025-05-30 16:19:55,731 | INFO  | Successfully processed mariana_jan8_21.xml: 0 transactions added
2025-05-30 16:19:55,731 | INFO  | Progress: 56/60 - mariana_july25.xml
2025-05-30 16:19:55,743 | INFO  | Found 4 forex transactions in mariana_july25.xml
2025-05-30 16:19:55,747 | INFO  | Successfully processed 0 forex transactions from mariana_july25.xml
2025-05-30 16:19:55,748 | INFO  | Skipped 4 transactions due to errors or duplicates
2025-05-30 16:19:55,754 | INFO  | Successfully processed mariana_july25.xml: 0 transactions added
2025-05-30 16:19:55,754 | INFO  | Progress: 57/60 - mariana_june28.xml
2025-05-30 16:19:55,771 | INFO  | Found 7 forex transactions in mariana_june28.xml
2025-05-30 16:19:55,776 | INFO  | Successfully processed 0 forex transactions from mariana_june28.xml
2025-05-30 16:19:55,776 | INFO  | Skipped 7 transactions due to errors or duplicates
2025-05-30 16:19:55,783 | INFO  | Successfully processed mariana_june28.xml: 0 transactions added
2025-05-30 16:19:55,783 | INFO  | Progress: 58/60 - mariana_mar20_25.xml
2025-05-30 16:19:55,799 | INFO  | Found 5 forex transactions in mariana_mar20_25.xml
2025-05-30 16:19:55,804 | INFO  | Successfully processed 0 forex transactions from mariana_mar20_25.xml
2025-05-30 16:19:55,804 | INFO  | Skipped 5 transactions due to errors or duplicates
2025-05-30 16:19:55,813 | INFO  | Successfully processed mariana_mar20_25.xml: 0 transactions added
2025-05-30 16:19:55,813 | INFO  | Progress: 59/60 - mariana_may14.xml
2025-05-30 16:19:55,826 | INFO  | Found 2 forex transactions in mariana_may14.xml
2025-05-30 16:19:55,829 | INFO  | Successfully processed 0 forex transactions from mariana_may14.xml
2025-05-30 16:19:55,830 | INFO  | Skipped 2 transactions due to errors or duplicates
2025-05-30 16:19:55,836 | INFO  | Successfully processed mariana_may14.xml: 0 transactions added
2025-05-30 16:19:55,837 | INFO  | Progress: 60/60 - mariana_oct4.xml
2025-05-30 16:19:55,850 | INFO  | Found 4 forex transactions in mariana_oct4.xml
2025-05-30 16:19:55,855 | INFO  | Successfully processed 0 forex transactions from mariana_oct4.xml
2025-05-30 16:19:55,855 | INFO  | Skipped 4 transactions due to errors or duplicates
2025-05-30 16:19:55,863 | INFO  | Successfully processed mariana_oct4.xml: 0 transactions added
2025-05-30 16:19:55,863 | INFO  | Step 3: Exporting final accumulated database to PP XML...
2025-05-30 16:19:55,863 | INFO  | Exporting database to PP XML: D:\Projetos\Finance_data\IDE\vs_code\ib_pp_importer\portfolio_management.xml
2025-05-30 16:20:00,971 | INFO  | Successfully exported database to D:\Projetos\Finance_data\IDE\vs_code\ib_pp_importer\portfolio_management.xml
2025-05-30 16:20:00,971 | INFO  | Successfully exported final PP XML with all accumulated transactions
2025-05-30 16:20:00,971 | INFO  | ============================================================
2025-05-30 16:20:00,971 | INFO  | BULK PROCESSING COMPLETE
2025-05-30 16:20:00,971 | INFO  | ============================================================
2025-05-30 16:20:00,972 | INFO  | Total files processed: 60
2025-05-30 16:20:00,972 | INFO  | Successful: 60
2025-05-30 16:20:00,972 | INFO  | Errors: 0
2025-05-30 16:20:00,972 | INFO  | Total forex transactions added: 0
2025-05-30 16:20:00,972 | INFO  | Processing time: 19.4 seconds
2025-05-30 16:20:00,972 | INFO  | All files processed successfully
2025-05-30 22:52:31,759 | INFO  | ============================================================
2025-05-30 22:52:31,761 | INFO  | FIXED FOREX BULK PROCESSOR STARTING
2025-05-30 22:52:31,761 | INFO  | ============================================================
2025-05-30 22:52:31,761 | INFO  | PP XML file: D:\Projetos\Finance_data\IDE\vs_code\ib_pp_importer\portfolio_management.xml
2025-05-30 22:52:31,762 | INFO  | Transaction data directory: D:\Projetos\Finance_data\Portfolio performance\transaction data
2025-05-30 22:52:31,762 | INFO  | Debug mode: Disabled
2025-05-30 22:52:31,765 | INFO  | Tracking database initialized
2025-05-30 22:52:31,830 | INFO  | Backup created: D:\Projetos\Finance_data\IDE\vs_code\ib_pp_importer\portfolio_management_backup_20250530_225231.xml
2025-05-30 22:52:31,831 | INFO  | Found 5 IB directories: ['IB lia', 'IB marcos', 'IB marcos_ms', 'IB mariana', 'IB RRSP']
2025-05-30 22:52:31,835 | INFO  | Total IB XML files discovered: 60
2025-05-30 22:52:31,853 | INFO  | New files to process: 60 out of 60 total
2025-05-30 22:52:31,853 | INFO  | Starting bulk processing of 60 files
2025-05-30 22:52:31,854 | INFO  | Step 1: Importing PP XML to database...
2025-05-30 22:52:31,854 | INFO  | Importing PP XML to database: D:\Projetos\Finance_data\IDE\vs_code\ppxml2db\pp_databases\portfolio_management.db
2025-05-30 22:52:48,250 | INFO  | Successfully imported D:\Projetos\Finance_data\IDE\vs_code\ib_pp_importer\portfolio_management.xml to D:\Projetos\Finance_data\IDE\vs_code\ppxml2db\pp_databases\portfolio_management.db
2025-05-30 22:52:48,251 | INFO  | Step 2: Processing IB XML files and accumulating transactions...
2025-05-30 22:52:48,251 | INFO  | Progress: 1/60 - ib_rrsp_dec6.xml
2025-05-30 22:52:48,264 | INFO  | Found 0 forex transactions in ib_rrsp_dec6.xml
2025-05-30 22:52:48,279 | INFO  | Successfully processed ib_rrsp_dec6.xml: 0 transactions added
2025-05-30 22:52:48,280 | INFO  | Progress: 2/60 - ib_rrsp_jan17_25.xml
2025-05-30 22:52:48,286 | INFO  | Found 0 forex transactions in ib_rrsp_jan17_25.xml
2025-05-30 22:52:48,296 | INFO  | Successfully processed ib_rrsp_jan17_25.xml: 0 transactions added
2025-05-30 22:52:48,296 | INFO  | Progress: 3/60 - ib_rrsp_oct4.xml
2025-05-30 22:52:48,301 | INFO  | Found 2 forex transactions in ib_rrsp_oct4.xml
2025-05-30 22:52:48,322 | INFO  | Successfully processed 2 forex transactions from ib_rrsp_oct4.xml
2025-05-30 22:52:48,332 | INFO  | Successfully processed ib_rrsp_oct4.xml: 2 transactions added
2025-05-30 22:52:48,334 | INFO  | Progress: 4/60 - Lia_apr1_24.xml
2025-05-30 22:52:48,378 | INFO  | Found 19 forex transactions in Lia_apr1_24.xml
2025-05-30 22:52:48,407 | INFO  | Successfully processed 19 forex transactions from Lia_apr1_24.xml
2025-05-30 22:52:48,420 | INFO  | Successfully processed Lia_apr1_24.xml: 19 transactions added
2025-05-30 22:52:48,420 | INFO  | Progress: 5/60 - Lia_july25.xml
2025-05-30 22:52:48,433 | INFO  | Found 2 forex transactions in Lia_july25.xml
2025-05-30 22:52:48,452 | INFO  | Successfully processed 2 forex transactions from Lia_july25.xml
2025-05-30 22:52:48,463 | INFO  | Successfully processed Lia_july25.xml: 2 transactions added
2025-05-30 22:52:48,463 | INFO  | Progress: 6/60 - Lia_jun28.xml
2025-05-30 22:52:48,472 | INFO  | Found 2 forex transactions in Lia_jun28.xml
2025-05-30 22:52:48,486 | INFO  | Successfully processed 2 forex transactions from Lia_jun28.xml
2025-05-30 22:52:48,497 | INFO  | Successfully processed Lia_jun28.xml: 2 transactions added
2025-05-30 22:52:48,497 | INFO  | Progress: 7/60 - lia_april12.xml
2025-05-30 22:52:48,505 | INFO  | Found 0 forex transactions in lia_april12.xml
2025-05-30 22:52:48,515 | INFO  | Successfully processed lia_april12.xml: 0 transactions added
2025-05-30 22:52:48,516 | INFO  | Progress: 8/60 - lia_april19.xml
2025-05-30 22:52:48,519 | INFO  | Found 0 forex transactions in lia_april19.xml
2025-05-30 22:52:48,529 | INFO  | Successfully processed lia_april19.xml: 0 transactions added
2025-05-30 22:52:48,530 | INFO  | Progress: 9/60 - lia_aug30.xml
2025-05-30 22:52:48,536 | INFO  | Found 4 forex transactions in lia_aug30.xml
2025-05-30 22:52:48,555 | INFO  | Successfully processed 4 forex transactions from lia_aug30.xml
2025-05-30 22:52:48,568 | INFO  | Successfully processed lia_aug30.xml: 4 transactions added
2025-05-30 22:52:48,568 | INFO  | Progress: 10/60 - lia_dec6.xml
2025-05-30 22:52:48,579 | INFO  | Found 12 forex transactions in lia_dec6.xml
2025-05-30 22:52:48,601 | INFO  | Successfully processed 12 forex transactions from lia_dec6.xml
2025-05-30 22:52:48,610 | INFO  | Successfully processed lia_dec6.xml: 12 transactions added
2025-05-30 22:52:48,611 | INFO  | Progress: 11/60 - lia_jan17_25.xml
2025-05-30 22:52:48,617 | INFO  | Found 6 forex transactions in lia_jan17_25.xml
2025-05-30 22:52:48,634 | INFO  | Successfully processed 6 forex transactions from lia_jan17_25.xml
2025-05-30 22:52:48,645 | INFO  | Successfully processed lia_jan17_25.xml: 6 transactions added
2025-05-30 22:52:48,645 | INFO  | Progress: 12/60 - lia_mar20_25.xml
2025-05-30 22:52:48,656 | INFO  | Found 14 forex transactions in lia_mar20_25.xml
2025-05-30 22:52:48,682 | INFO  | Successfully processed 14 forex transactions from lia_mar20_25.xml
2025-05-30 22:52:48,694 | INFO  | Successfully processed lia_mar20_25.xml: 14 transactions added
2025-05-30 22:52:48,694 | INFO  | Progress: 13/60 - lia_may14.xml
2025-05-30 22:52:48,703 | INFO  | Found 6 forex transactions in lia_may14.xml
2025-05-30 22:52:48,723 | INFO  | Successfully processed 6 forex transactions from lia_may14.xml
2025-05-30 22:52:48,734 | INFO  | Successfully processed lia_may14.xml: 6 transactions added
2025-05-30 22:52:48,735 | INFO  | Progress: 14/60 - lia_oct4.xml
2025-05-30 22:52:48,742 | INFO  | Found 2 forex transactions in lia_oct4.xml
2025-05-30 22:52:48,755 | INFO  | Successfully processed 2 forex transactions from lia_oct4.xml
2025-05-30 22:52:48,765 | INFO  | Successfully processed lia_oct4.xml: 2 transactions added
2025-05-30 22:52:48,765 | INFO  | Progress: 15/60 - U3281113_U3281113_20190918_20200917_AF_952579_b40413d2b2a80ca44c10e2d27a10ddb9.xml
2025-05-30 22:52:48,808 | INFO  | Found 26 forex transactions in U3281113_U3281113_20190918_20200917_AF_952579_b40413d2b2a80ca44c10e2d27a10ddb9.xml
2025-05-30 22:52:48,842 | INFO  | Successfully processed 26 forex transactions from U3281113_U3281113_20190918_20200917_AF_952579_b40413d2b2a80ca44c10e2d27a10ddb9.xml
2025-05-30 22:52:48,856 | INFO  | Successfully processed U3281113_U3281113_20190918_20200917_AF_952579_b40413d2b2a80ca44c10e2d27a10ddb9.xml: 26 transactions added
2025-05-30 22:52:48,857 | INFO  | Progress: 16/60 - U3281113_U3281113_20200918_20210917_AF_952579_32361b98e6fc39f28adb6250c2ab9a6a.xml
2025-05-30 22:52:48,902 | INFO  | Found 14 forex transactions in U3281113_U3281113_20200918_20210917_AF_952579_32361b98e6fc39f28adb6250c2ab9a6a.xml
2025-05-30 22:52:48,923 | INFO  | Successfully processed 14 forex transactions from U3281113_U3281113_20200918_20210917_AF_952579_32361b98e6fc39f28adb6250c2ab9a6a.xml
2025-05-30 22:52:48,936 | INFO  | Successfully processed U3281113_U3281113_20200918_20210917_AF_952579_32361b98e6fc39f28adb6250c2ab9a6a.xml: 14 transactions added
2025-05-30 22:52:48,938 | INFO  | Progress: 17/60 - U3281113_U3281113_20210920_20220916_AF_952579_a9d2be1aad30e68a4f4ffbab363d2544.xml
2025-05-30 22:52:48,980 | INFO  | Found 16 forex transactions in U3281113_U3281113_20210920_20220916_AF_952579_a9d2be1aad30e68a4f4ffbab363d2544.xml
2025-05-30 22:52:49,009 | INFO  | Successfully processed 16 forex transactions from U3281113_U3281113_20210920_20220916_AF_952579_a9d2be1aad30e68a4f4ffbab363d2544.xml
2025-05-30 22:52:49,023 | INFO  | Successfully processed U3281113_U3281113_20210920_20220916_AF_952579_a9d2be1aad30e68a4f4ffbab363d2544.xml: 16 transactions added
2025-05-30 22:52:49,023 | INFO  | Progress: 18/60 - U3281113_U3281113_20220919_20230915_AF_952579_1a9b55af2d76e07d69d7d4cdea01c78d.xml
2025-05-30 22:52:49,068 | INFO  | Found 23 forex transactions in U3281113_U3281113_20220919_20230915_AF_952579_1a9b55af2d76e07d69d7d4cdea01c78d.xml
2025-05-30 22:52:49,099 | INFO  | Successfully processed 23 forex transactions from U3281113_U3281113_20220919_20230915_AF_952579_1a9b55af2d76e07d69d7d4cdea01c78d.xml
2025-05-30 22:52:49,110 | INFO  | Successfully processed U3281113_U3281113_20220919_20230915_AF_952579_1a9b55af2d76e07d69d7d4cdea01c78d.xml: 23 transactions added
2025-05-30 22:52:49,113 | INFO  | Progress: 19/60 - U3281113_U3281113_20230918_20240401_AF_952579_1a9b55af2d76e07d69d7d4cdea01c78d.xml
2025-05-30 22:52:49,148 | INFO  | Found 37 forex transactions in U3281113_U3281113_20230918_20240401_AF_952579_1a9b55af2d76e07d69d7d4cdea01c78d.xml
2025-05-30 22:52:49,190 | INFO  | Successfully processed 37 forex transactions from U3281113_U3281113_20230918_20240401_AF_952579_1a9b55af2d76e07d69d7d4cdea01c78d.xml
2025-05-30 22:52:49,201 | INFO  | Successfully processed U3281113_U3281113_20230918_20240401_AF_952579_1a9b55af2d76e07d69d7d4cdea01c78d.xml: 37 transactions added
2025-05-30 22:52:49,201 | INFO  | Progress: 20/60 - marcos_abr4_25.xml
2025-05-30 22:52:49,210 | INFO  | Found 6 forex transactions in marcos_abr4_25.xml
2025-05-30 22:52:49,226 | INFO  | Successfully processed 6 forex transactions from marcos_abr4_25.xml
2025-05-30 22:52:49,237 | INFO  | Successfully processed marcos_abr4_25.xml: 6 transactions added
2025-05-30 22:52:49,238 | INFO  | Progress: 21/60 - marcos_april12.xml
2025-05-30 22:52:49,246 | INFO  | Found 2 forex transactions in marcos_april12.xml
2025-05-30 22:52:49,257 | INFO  | Successfully processed 2 forex transactions from marcos_april12.xml
2025-05-30 22:52:49,265 | INFO  | Successfully processed marcos_april12.xml: 2 transactions added
2025-05-30 22:52:49,265 | INFO  | Progress: 22/60 - marcos_april19.xml
2025-05-30 22:52:49,271 | INFO  | Found 2 forex transactions in marcos_april19.xml
2025-05-30 22:52:49,283 | INFO  | Successfully processed 2 forex transactions from marcos_april19.xml
2025-05-30 22:52:49,291 | INFO  | Successfully processed marcos_april19.xml: 2 transactions added
2025-05-30 22:52:49,291 | INFO  | Progress: 23/60 - marcos_aug30.xml
2025-05-30 22:52:49,300 | INFO  | Found 35 forex transactions in marcos_aug30.xml
2025-05-30 22:52:49,333 | INFO  | Successfully processed 35 forex transactions from marcos_aug30.xml
2025-05-30 22:52:49,343 | INFO  | Successfully processed marcos_aug30.xml: 35 transactions added
2025-05-30 22:52:49,344 | INFO  | Progress: 24/60 - marcos_dec6.xml
2025-05-30 22:52:49,356 | INFO  | Found 49 forex transactions in marcos_dec6.xml
2025-05-30 22:52:49,401 | INFO  | Successfully processed 48 forex transactions from marcos_dec6.xml
2025-05-30 22:52:49,401 | INFO  | Skipped 1 transactions due to errors or duplicates
2025-05-30 22:52:49,410 | INFO  | Successfully processed marcos_dec6.xml: 48 transactions added
2025-05-30 22:52:49,411 | INFO  | Progress: 25/60 - marcos_jan17_25.xml
2025-05-30 22:52:49,424 | INFO  | Found 62 forex transactions in marcos_jan17_25.xml
2025-05-30 22:52:49,484 | INFO  | Successfully processed 35 forex transactions from marcos_jan17_25.xml
2025-05-30 22:52:49,484 | INFO  | Skipped 27 transactions due to errors or duplicates
2025-05-30 22:52:49,494 | INFO  | Successfully processed marcos_jan17_25.xml: 35 transactions added
2025-05-30 22:52:49,495 | INFO  | Progress: 26/60 - marcos_july25.xml
2025-05-30 22:52:49,507 | INFO  | Found 21 forex transactions in marcos_july25.xml
2025-05-30 22:52:49,547 | INFO  | Successfully processed 21 forex transactions from marcos_july25.xml
2025-05-30 22:52:49,560 | INFO  | Successfully processed marcos_july25.xml: 21 transactions added
2025-05-30 22:52:49,560 | INFO  | Progress: 27/60 - marcos_june28.xml
2025-05-30 22:52:49,576 | INFO  | Found 11 forex transactions in marcos_june28.xml
2025-05-30 22:52:49,598 | INFO  | Successfully processed 11 forex transactions from marcos_june28.xml
2025-05-30 22:52:49,610 | INFO  | Successfully processed marcos_june28.xml: 11 transactions added
2025-05-30 22:52:49,611 | INFO  | Progress: 28/60 - marcos_mar20_25.xml
2025-05-30 22:52:49,626 | INFO  | Found 69 forex transactions in marcos_mar20_25.xml
2025-05-30 22:52:49,694 | INFO  | Successfully processed 39 forex transactions from marcos_mar20_25.xml
2025-05-30 22:52:49,694 | INFO  | Skipped 30 transactions due to errors or duplicates
2025-05-30 22:52:49,707 | INFO  | Successfully processed marcos_mar20_25.xml: 39 transactions added
2025-05-30 22:52:49,708 | INFO  | Progress: 29/60 - marcos_may14.xml
2025-05-30 22:52:49,718 | INFO  | Found 8 forex transactions in marcos_may14.xml
2025-05-30 22:52:49,744 | INFO  | Successfully processed 8 forex transactions from marcos_may14.xml
2025-05-30 22:52:49,756 | INFO  | Successfully processed marcos_may14.xml: 8 transactions added
2025-05-30 22:52:49,756 | INFO  | Progress: 30/60 - marcos_oct4.xml
2025-05-30 22:52:49,767 | INFO  | Found 28 forex transactions in marcos_oct4.xml
2025-05-30 22:52:49,806 | INFO  | Successfully processed 28 forex transactions from marcos_oct4.xml
2025-05-30 22:52:49,818 | INFO  | Successfully processed marcos_oct4.xml: 28 transactions added
2025-05-30 22:52:49,818 | INFO  | Progress: 31/60 - PP_report_fromJune14_2021_to_June10_2022.xml
2025-05-30 22:52:49,849 | INFO  | Found 0 forex transactions in PP_report_fromJune14_2021_to_June10_2022.xml
2025-05-30 22:52:49,864 | INFO  | Successfully processed PP_report_fromJune14_2021_to_June10_2022.xml: 0 transactions added
2025-05-30 22:52:49,865 | INFO  | Progress: 32/60 - PP_report_from_June12_2023_to_April1_2024.xml
2025-05-30 22:52:49,895 | INFO  | Found 27 forex transactions in PP_report_from_June12_2023_to_April1_2024.xml
2025-05-30 22:52:49,927 | INFO  | Successfully processed 27 forex transactions from PP_report_from_June12_2023_to_April1_2024.xml
2025-05-30 22:52:49,939 | INFO  | Successfully processed PP_report_from_June12_2023_to_April1_2024.xml: 27 transactions added
2025-05-30 22:52:49,939 | INFO  | Progress: 33/60 - PP_report_from_June13_2019_to_June12_2020.xml
2025-05-30 22:52:49,973 | INFO  | Found 16 forex transactions in PP_report_from_June13_2019_to_June12_2020.xml
2025-05-30 22:52:50,000 | INFO  | Successfully processed 16 forex transactions from PP_report_from_June13_2019_to_June12_2020.xml
2025-05-30 22:52:50,017 | INFO  | Successfully processed PP_report_from_June13_2019_to_June12_2020.xml: 16 transactions added
2025-05-30 22:52:50,018 | INFO  | Progress: 34/60 - PP_report_from_June13_2022_to_June9_2023.xml
2025-05-30 22:52:50,050 | INFO  | Found 3 forex transactions in PP_report_from_June13_2022_to_June9_2023.xml
2025-05-30 22:52:50,068 | INFO  | Successfully processed 3 forex transactions from PP_report_from_June13_2022_to_June9_2023.xml
2025-05-30 22:52:50,080 | INFO  | Successfully processed PP_report_from_June13_2022_to_June9_2023.xml: 3 transactions added
2025-05-30 22:52:50,081 | INFO  | Progress: 35/60 - PP_report_from_June15_2020_to_June11_2021.xml
2025-05-30 22:52:50,116 | INFO  | Found 5 forex transactions in PP_report_from_June15_2020_to_June11_2021.xml
2025-05-30 22:52:50,138 | INFO  | Successfully processed 5 forex transactions from PP_report_from_June15_2020_to_June11_2021.xml
2025-05-30 22:52:50,155 | INFO  | Successfully processed PP_report_from_June15_2020_to_June11_2021.xml: 5 transactions added
2025-05-30 22:52:50,155 | INFO  | Progress: 36/60 - marcos_ms_abr1.xml
2025-05-30 22:52:50,164 | INFO  | Found 1 forex transactions in marcos_ms_abr1.xml
2025-05-30 22:52:50,179 | INFO  | Successfully processed 1 forex transactions from marcos_ms_abr1.xml
2025-05-30 22:52:50,189 | INFO  | Successfully processed marcos_ms_abr1.xml: 1 transactions added
2025-05-30 22:52:50,190 | INFO  | Progress: 37/60 - marcos_ms_abr19.xml
2025-05-30 22:52:50,195 | INFO  | Found 0 forex transactions in marcos_ms_abr19.xml
2025-05-30 22:52:50,206 | INFO  | Successfully processed marcos_ms_abr19.xml: 0 transactions added
2025-05-30 22:52:50,207 | INFO  | Progress: 38/60 - marcos_ms_aug27.xml
2025-05-30 22:52:50,215 | INFO  | Found 9 forex transactions in marcos_ms_aug27.xml
2025-05-30 22:52:50,239 | INFO  | Successfully processed 9 forex transactions from marcos_ms_aug27.xml
2025-05-30 22:52:50,250 | INFO  | Successfully processed marcos_ms_aug27.xml: 9 transactions added
2025-05-30 22:52:50,250 | INFO  | Progress: 39/60 - marcos_ms_dec6.xml
2025-05-30 22:52:50,261 | INFO  | Found 15 forex transactions in marcos_ms_dec6.xml
2025-05-30 22:52:50,289 | INFO  | Successfully processed 15 forex transactions from marcos_ms_dec6.xml
2025-05-30 22:52:50,298 | INFO  | Successfully processed marcos_ms_dec6.xml: 15 transactions added
2025-05-30 22:52:50,299 | INFO  | Progress: 40/60 - marcos_ms_jan17_25.xml
2025-05-30 22:52:50,309 | INFO  | Found 5 forex transactions in marcos_ms_jan17_25.xml
2025-05-30 22:52:50,326 | INFO  | Successfully processed 5 forex transactions from marcos_ms_jan17_25.xml
2025-05-30 22:52:50,336 | INFO  | Successfully processed marcos_ms_jan17_25.xml: 5 transactions added
2025-05-30 22:52:50,337 | INFO  | Progress: 41/60 - marcos_ms_july25.xml
2025-05-30 22:52:50,346 | INFO  | Found 17 forex transactions in marcos_ms_july25.xml
2025-05-30 22:52:50,380 | INFO  | Successfully processed 17 forex transactions from marcos_ms_july25.xml
2025-05-30 22:52:50,390 | INFO  | Successfully processed marcos_ms_july25.xml: 17 transactions added
2025-05-30 22:52:50,390 | INFO  | Progress: 42/60 - marcos_ms_june28.xml
2025-05-30 22:52:50,402 | INFO  | Found 8 forex transactions in marcos_ms_june28.xml
2025-05-30 22:52:50,427 | INFO  | Successfully processed 8 forex transactions from marcos_ms_june28.xml
2025-05-30 22:52:50,439 | INFO  | Successfully processed marcos_ms_june28.xml: 8 transactions added
2025-05-30 22:52:50,439 | INFO  | Progress: 43/60 - marcos_ms_mar21_25.xml
2025-05-30 22:52:50,453 | INFO  | Found 2 forex transactions in marcos_ms_mar21_25.xml
2025-05-30 22:52:50,470 | INFO  | Successfully processed 2 forex transactions from marcos_ms_mar21_25.xml
2025-05-30 22:52:50,481 | INFO  | Successfully processed marcos_ms_mar21_25.xml: 2 transactions added
2025-05-30 22:52:50,481 | INFO  | Progress: 44/60 - marcos_ms_may14.xml
2025-05-30 22:52:50,491 | INFO  | Found 3 forex transactions in marcos_ms_may14.xml
2025-05-30 22:52:50,511 | INFO  | Successfully processed 3 forex transactions from marcos_ms_may14.xml
2025-05-30 22:52:50,521 | INFO  | Successfully processed marcos_ms_may14.xml: 3 transactions added
2025-05-30 22:52:50,521 | INFO  | Progress: 45/60 - marcos_ms_oct4.xml
2025-05-30 22:52:50,533 | INFO  | Found 3 forex transactions in marcos_ms_oct4.xml
2025-05-30 22:52:50,551 | INFO  | Successfully processed 3 forex transactions from marcos_ms_oct4.xml
2025-05-30 22:52:50,561 | INFO  | Successfully processed marcos_ms_oct4.xml: 3 transactions added
2025-05-30 22:52:50,562 | INFO  | Progress: 46/60 - mariana_apr1_24.xml
2025-05-30 22:52:50,576 | INFO  | Found 24 forex transactions in mariana_apr1_24.xml
2025-05-30 22:52:50,615 | INFO  | Successfully processed 24 forex transactions from mariana_apr1_24.xml
2025-05-30 22:52:50,626 | INFO  | Successfully processed mariana_apr1_24.xml: 24 transactions added
2025-05-30 22:52:50,626 | INFO  | Progress: 47/60 - mariana_april12.xml
2025-05-30 22:52:50,632 | INFO  | Found 3 forex transactions in mariana_april12.xml
2025-05-30 22:52:50,646 | INFO  | Successfully processed 3 forex transactions from mariana_april12.xml
2025-05-30 22:52:50,654 | INFO  | Successfully processed mariana_april12.xml: 3 transactions added
2025-05-30 22:52:50,655 | INFO  | Progress: 48/60 - mariana_april19.xml
2025-05-30 22:52:50,659 | INFO  | Found 0 forex transactions in mariana_april19.xml
2025-05-30 22:52:50,668 | INFO  | Successfully processed mariana_april19.xml: 0 transactions added
2025-05-30 22:52:50,668 | INFO  | Progress: 49/60 - mariana_aug30.xml
2025-05-30 22:52:50,674 | INFO  | Found 4 forex transactions in mariana_aug30.xml
2025-05-30 22:52:50,689 | INFO  | Successfully processed 4 forex transactions from mariana_aug30.xml
2025-05-30 22:52:50,697 | INFO  | Successfully processed mariana_aug30.xml: 4 transactions added
2025-05-30 22:52:50,697 | INFO  | Progress: 50/60 - mariana_dec6.xml
2025-05-30 22:52:50,706 | INFO  | Found 8 forex transactions in mariana_dec6.xml
2025-05-30 22:52:50,721 | INFO  | Successfully processed 8 forex transactions from mariana_dec6.xml
2025-05-30 22:52:50,729 | INFO  | Successfully processed mariana_dec6.xml: 8 transactions added
2025-05-30 22:52:50,729 | INFO  | Progress: 51/60 - mariana_jan17_25.xml
2025-05-30 22:52:50,738 | INFO  | Found 2 forex transactions in mariana_jan17_25.xml
2025-05-30 22:52:50,749 | INFO  | Successfully processed 2 forex transactions from mariana_jan17_25.xml
2025-05-30 22:52:50,758 | INFO  | Successfully processed mariana_jan17_25.xml: 2 transactions added
2025-05-30 22:52:50,758 | INFO  | Progress: 52/60 - mariana_jan5_24.xml
2025-05-30 22:52:50,789 | INFO  | Found 19 forex transactions in mariana_jan5_24.xml
2025-05-30 22:52:50,824 | INFO  | Successfully processed 19 forex transactions from mariana_jan5_24.xml
2025-05-30 22:52:50,836 | INFO  | Successfully processed mariana_jan5_24.xml: 19 transactions added
2025-05-30 22:52:50,837 | INFO  | Progress: 53/60 - mariana_jan6_23.xml
2025-05-30 22:52:50,871 | INFO  | Found 14 forex transactions in mariana_jan6_23.xml
2025-05-30 22:52:50,901 | INFO  | Successfully processed 14 forex transactions from mariana_jan6_23.xml
2025-05-30 22:52:50,914 | INFO  | Successfully processed mariana_jan6_23.xml: 14 transactions added
2025-05-30 22:52:50,914 | INFO  | Progress: 54/60 - mariana_jan7_22.xml
2025-05-30 22:52:50,942 | INFO  | Found 4 forex transactions in mariana_jan7_22.xml
2025-05-30 22:52:50,957 | INFO  | Successfully processed 4 forex transactions from mariana_jan7_22.xml
2025-05-30 22:52:50,966 | INFO  | Successfully processed mariana_jan7_22.xml: 4 transactions added
2025-05-30 22:52:50,966 | INFO  | Progress: 55/60 - mariana_jan8_21.xml
2025-05-30 22:52:50,998 | INFO  | Found 5 forex transactions in mariana_jan8_21.xml
2025-05-30 22:52:51,014 | INFO  | Successfully processed 5 forex transactions from mariana_jan8_21.xml
2025-05-30 22:52:51,027 | INFO  | Successfully processed mariana_jan8_21.xml: 5 transactions added
2025-05-30 22:52:51,027 | INFO  | Progress: 56/60 - mariana_july25.xml
2025-05-30 22:52:51,037 | INFO  | Found 4 forex transactions in mariana_july25.xml
2025-05-30 22:52:51,054 | INFO  | Successfully processed 4 forex transactions from mariana_july25.xml
2025-05-30 22:52:51,065 | INFO  | Successfully processed mariana_july25.xml: 4 transactions added
2025-05-30 22:52:51,066 | INFO  | Progress: 57/60 - mariana_june28.xml
2025-05-30 22:52:51,075 | INFO  | Found 7 forex transactions in mariana_june28.xml
2025-05-30 22:52:51,097 | INFO  | Successfully processed 7 forex transactions from mariana_june28.xml
2025-05-30 22:52:51,108 | INFO  | Successfully processed mariana_june28.xml: 7 transactions added
2025-05-30 22:52:51,108 | INFO  | Progress: 58/60 - mariana_mar20_25.xml
2025-05-30 22:52:51,120 | INFO  | Found 5 forex transactions in mariana_mar20_25.xml
2025-05-30 22:52:51,137 | INFO  | Successfully processed 5 forex transactions from mariana_mar20_25.xml
2025-05-30 22:52:51,146 | INFO  | Successfully processed mariana_mar20_25.xml: 5 transactions added
2025-05-30 22:52:51,146 | INFO  | Progress: 59/60 - mariana_may14.xml
2025-05-30 22:52:51,152 | INFO  | Found 2 forex transactions in mariana_may14.xml
2025-05-30 22:52:51,165 | INFO  | Successfully processed 2 forex transactions from mariana_may14.xml
2025-05-30 22:52:51,174 | INFO  | Successfully processed mariana_may14.xml: 2 transactions added
2025-05-30 22:52:51,174 | INFO  | Progress: 60/60 - mariana_oct4.xml
2025-05-30 22:52:51,183 | INFO  | Found 4 forex transactions in mariana_oct4.xml
2025-05-30 22:52:51,203 | INFO  | Successfully processed 4 forex transactions from mariana_oct4.xml
2025-05-30 22:52:51,267 | INFO  | Successfully processed mariana_oct4.xml: 4 transactions added
2025-05-30 22:52:51,271 | INFO  | Step 3: Exporting final accumulated database to PP XML...
2025-05-30 22:52:51,272 | INFO  | Exporting database to PP XML: D:\Projetos\Finance_data\IDE\vs_code\ib_pp_importer\portfolio_management.xml
2025-05-30 22:52:58,341 | INFO  | Successfully exported database to D:\Projetos\Finance_data\IDE\vs_code\ib_pp_importer\portfolio_management.xml
2025-05-30 22:52:58,341 | INFO  | Successfully exported final PP XML with all accumulated transactions
2025-05-30 22:52:58,342 | INFO  | ============================================================
2025-05-30 22:52:58,342 | INFO  | BULK PROCESSING COMPLETE
2025-05-30 22:52:58,342 | INFO  | ============================================================
2025-05-30 22:52:58,342 | INFO  | Total files processed: 60
2025-05-30 22:52:58,342 | INFO  | Successful: 60
2025-05-30 22:52:58,343 | INFO  | Errors: 0
2025-05-30 22:52:58,343 | INFO  | Total forex transactions added: 639
2025-05-30 22:52:58,343 | INFO  | Processing time: 26.5 seconds
2025-05-30 22:52:58,343 | INFO  | All files processed successfully
2025-05-31 00:04:13,104 | INFO  | ============================================================
2025-05-31 00:04:13,105 | INFO  | FIXED FOREX BULK PROCESSOR STARTING - WITH EXCHANGE RATES
2025-05-31 00:04:13,106 | INFO  | ============================================================
2025-05-31 00:04:13,106 | INFO  | PP XML file: D:\Projetos\Finance_data\IDE\vs_code\ib_pp_importer\portfolio_management.xml
2025-05-31 00:04:13,107 | INFO  | Transaction data directory: D:\Projetos\Finance_data\Portfolio performance\transaction data
2025-05-31 00:04:13,108 | INFO  | Debug mode: Disabled
2025-05-31 00:04:13,127 | INFO  | Tracking database initialized
2025-05-31 00:04:13,181 | INFO  | Backup created: D:\Projetos\Finance_data\IDE\vs_code\ib_pp_importer\portfolio_management_backup_20250531_000413.xml
2025-05-31 00:04:13,182 | INFO  | Found 5 IB directories: ['IB lia', 'IB marcos', 'IB marcos_ms', 'IB mariana', 'IB RRSP']
2025-05-31 00:04:13,185 | INFO  | Total IB XML files discovered: 60
2025-05-31 00:04:13,219 | INFO  | New files to process: 60 out of 60 total
2025-05-31 00:04:13,219 | INFO  | Starting bulk processing of 60 files
2025-05-31 00:04:13,220 | INFO  | Step 1: Importing PP XML to database...
2025-05-31 00:04:13,221 | INFO  | Importing PP XML to database: D:\Projetos\Finance_data\IDE\vs_code\ppxml2db\pp_databases\portfolio_management.db
2025-05-31 00:04:13,419 | ERROR | Failed to import PP XML: Command '['D:\\projetos\\Python\\Python311\\Scripts\\python.exe', 'D:\\Projetos\\Finance_data\\IDE\\vs_code\\ppxml2db\\wrapper.py', '--exec', 'import', 'D:\\Projetos\\Finance_data\\IDE\\vs_code\\ib_pp_importer\\portfolio_management.xml']' returned non-zero exit status 1.
2025-05-31 00:04:13,420 | ERROR | Error output: Error deleting existing database D:\Projetos\Finance_data\IDE\vs_code\ppxml2db\pp_databases\portfolio_management.db: [WinError 32] The process cannot access the file because it is being used by another process: 'D:\\Projetos\\Finance_data\\IDE\\vs_code\\ppxml2db\\pp_databases\\portfolio_management.db'

2025-05-31 00:04:13,420 | ERROR | Unexpected error in main: Failed to import PP XML: D:\Projetos\Finance_data\IDE\vs_code\ib_pp_importer\portfolio_management.xml
2025-05-31 00:04:40,351 | INFO  | ============================================================
2025-05-31 00:04:40,351 | INFO  | FIXED FOREX BULK PROCESSOR STARTING - WITH EXCHANGE RATES
2025-05-31 00:04:40,352 | INFO  | ============================================================
2025-05-31 00:04:40,352 | INFO  | PP XML file: D:\Projetos\Finance_data\IDE\vs_code\ib_pp_importer\portfolio_management.xml
2025-05-31 00:04:40,352 | INFO  | Transaction data directory: D:\Projetos\Finance_data\Portfolio performance\transaction data
2025-05-31 00:04:40,352 | INFO  | Debug mode: Disabled
2025-05-31 00:04:40,354 | INFO  | Tracking database initialized
2025-05-31 00:04:40,388 | INFO  | Backup created: D:\Projetos\Finance_data\IDE\vs_code\ib_pp_importer\portfolio_management_backup_20250531_000440.xml
2025-05-31 00:04:40,389 | INFO  | Found 5 IB directories: ['IB lia', 'IB marcos', 'IB marcos_ms', 'IB mariana', 'IB RRSP']
2025-05-31 00:04:40,391 | INFO  | Total IB XML files discovered: 60
2025-05-31 00:04:40,407 | INFO  | New files to process: 60 out of 60 total
2025-05-31 00:04:40,407 | INFO  | Starting bulk processing of 60 files
2025-05-31 00:04:40,407 | INFO  | Step 1: Importing PP XML to database...
2025-05-31 00:04:40,408 | INFO  | Importing PP XML to database: D:\Projetos\Finance_data\IDE\vs_code\ppxml2db\pp_databases\portfolio_management.db
2025-05-31 00:05:02,434 | INFO  | Successfully imported D:\Projetos\Finance_data\IDE\vs_code\ib_pp_importer\portfolio_management.xml to D:\Projetos\Finance_data\IDE\vs_code\ppxml2db\pp_databases\portfolio_management.db
2025-05-31 00:05:02,434 | INFO  | Step 2: Processing IB XML files and accumulating transactions...
2025-05-31 00:05:02,436 | INFO  | Progress: 1/60 - ib_rrsp_dec6.xml
2025-05-31 00:05:02,458 | INFO  | Found 0 forex transactions in ib_rrsp_dec6.xml
2025-05-31 00:05:02,476 | INFO  | Successfully processed ib_rrsp_dec6.xml: 0 transactions added
2025-05-31 00:05:02,478 | INFO  | Progress: 2/60 - ib_rrsp_jan17_25.xml
2025-05-31 00:05:02,499 | INFO  | Found 0 forex transactions in ib_rrsp_jan17_25.xml
2025-05-31 00:05:02,518 | INFO  | Successfully processed ib_rrsp_jan17_25.xml: 0 transactions added
2025-05-31 00:05:02,519 | INFO  | Progress: 3/60 - ib_rrsp_oct4.xml
2025-05-31 00:05:02,525 | INFO  | Found 2 forex transactions in ib_rrsp_oct4.xml
2025-05-31 00:05:02,548 | INFO  | Successfully processed 2 forex transactions from ib_rrsp_oct4.xml
2025-05-31 00:05:02,561 | INFO  | Successfully processed ib_rrsp_oct4.xml: 2 transactions added
2025-05-31 00:05:02,564 | INFO  | Progress: 4/60 - Lia_apr1_24.xml
2025-05-31 00:05:02,619 | INFO  | Found 19 forex transactions in Lia_apr1_24.xml
2025-05-31 00:05:02,656 | INFO  | Successfully processed 19 forex transactions from Lia_apr1_24.xml
2025-05-31 00:05:02,673 | INFO  | Successfully processed Lia_apr1_24.xml: 19 transactions added
2025-05-31 00:05:02,673 | INFO  | Progress: 5/60 - Lia_july25.xml
2025-05-31 00:05:02,688 | INFO  | Found 2 forex transactions in Lia_july25.xml
2025-05-31 00:05:02,711 | INFO  | Successfully processed 2 forex transactions from Lia_july25.xml
2025-05-31 00:05:02,732 | INFO  | Successfully processed Lia_july25.xml: 2 transactions added
2025-05-31 00:05:02,733 | INFO  | Progress: 6/60 - Lia_jun28.xml
2025-05-31 00:05:02,751 | INFO  | Found 2 forex transactions in Lia_jun28.xml
2025-05-31 00:05:02,771 | INFO  | Successfully processed 2 forex transactions from Lia_jun28.xml
2025-05-31 00:05:02,786 | INFO  | Successfully processed Lia_jun28.xml: 2 transactions added
2025-05-31 00:05:02,786 | INFO  | Progress: 7/60 - lia_april12.xml
2025-05-31 00:05:02,795 | INFO  | Found 0 forex transactions in lia_april12.xml
2025-05-31 00:05:02,806 | INFO  | Successfully processed lia_april12.xml: 0 transactions added
2025-05-31 00:05:02,806 | INFO  | Progress: 8/60 - lia_april19.xml
2025-05-31 00:05:02,810 | INFO  | Found 0 forex transactions in lia_april19.xml
2025-05-31 00:05:02,818 | INFO  | Successfully processed lia_april19.xml: 0 transactions added
2025-05-31 00:05:02,818 | INFO  | Progress: 9/60 - lia_aug30.xml
2025-05-31 00:05:02,823 | INFO  | Found 4 forex transactions in lia_aug30.xml
2025-05-31 00:05:02,837 | INFO  | Successfully processed 4 forex transactions from lia_aug30.xml
2025-05-31 00:05:02,852 | INFO  | Successfully processed lia_aug30.xml: 4 transactions added
2025-05-31 00:05:02,852 | INFO  | Progress: 10/60 - lia_dec6.xml
2025-05-31 00:05:02,861 | INFO  | Found 12 forex transactions in lia_dec6.xml
2025-05-31 00:05:02,881 | INFO  | Successfully processed 12 forex transactions from lia_dec6.xml
2025-05-31 00:05:02,892 | INFO  | Successfully processed lia_dec6.xml: 12 transactions added
2025-05-31 00:05:02,893 | INFO  | Progress: 11/60 - lia_jan17_25.xml
2025-05-31 00:05:02,902 | INFO  | Found 6 forex transactions in lia_jan17_25.xml
2025-05-31 00:05:02,939 | INFO  | Successfully processed 6 forex transactions from lia_jan17_25.xml
2025-05-31 00:05:02,956 | INFO  | Successfully processed lia_jan17_25.xml: 6 transactions added
2025-05-31 00:05:02,956 | INFO  | Progress: 12/60 - lia_mar20_25.xml
2025-05-31 00:05:02,972 | INFO  | Found 14 forex transactions in lia_mar20_25.xml
2025-05-31 00:05:02,998 | INFO  | Successfully processed 14 forex transactions from lia_mar20_25.xml
2025-05-31 00:05:03,010 | INFO  | Successfully processed lia_mar20_25.xml: 14 transactions added
2025-05-31 00:05:03,011 | INFO  | Progress: 13/60 - lia_may14.xml
2025-05-31 00:05:03,019 | INFO  | Found 6 forex transactions in lia_may14.xml
2025-05-31 00:05:03,047 | INFO  | Successfully processed 6 forex transactions from lia_may14.xml
2025-05-31 00:05:03,063 | INFO  | Successfully processed lia_may14.xml: 6 transactions added
2025-05-31 00:05:03,063 | INFO  | Progress: 14/60 - lia_oct4.xml
2025-05-31 00:05:03,075 | INFO  | Found 2 forex transactions in lia_oct4.xml
2025-05-31 00:05:03,097 | INFO  | Successfully processed 2 forex transactions from lia_oct4.xml
2025-05-31 00:05:03,111 | INFO  | Successfully processed lia_oct4.xml: 2 transactions added
2025-05-31 00:05:03,112 | INFO  | Progress: 15/60 - U3281113_U3281113_20190918_20200917_AF_952579_b40413d2b2a80ca44c10e2d27a10ddb9.xml
2025-05-31 00:05:03,170 | INFO  | Found 26 forex transactions in U3281113_U3281113_20190918_20200917_AF_952579_b40413d2b2a80ca44c10e2d27a10ddb9.xml
2025-05-31 00:05:03,200 | INFO  | Successfully processed 26 forex transactions from U3281113_U3281113_20190918_20200917_AF_952579_b40413d2b2a80ca44c10e2d27a10ddb9.xml
2025-05-31 00:05:03,212 | INFO  | Successfully processed U3281113_U3281113_20190918_20200917_AF_952579_b40413d2b2a80ca44c10e2d27a10ddb9.xml: 26 transactions added
2025-05-31 00:05:03,213 | INFO  | Progress: 16/60 - U3281113_U3281113_20200918_20210917_AF_952579_32361b98e6fc39f28adb6250c2ab9a6a.xml
2025-05-31 00:05:03,265 | INFO  | Found 14 forex transactions in U3281113_U3281113_20200918_20210917_AF_952579_32361b98e6fc39f28adb6250c2ab9a6a.xml
2025-05-31 00:05:03,288 | INFO  | Successfully processed 14 forex transactions from U3281113_U3281113_20200918_20210917_AF_952579_32361b98e6fc39f28adb6250c2ab9a6a.xml
2025-05-31 00:05:03,307 | INFO  | Successfully processed U3281113_U3281113_20200918_20210917_AF_952579_32361b98e6fc39f28adb6250c2ab9a6a.xml: 14 transactions added
2025-05-31 00:05:03,308 | INFO  | Progress: 17/60 - U3281113_U3281113_20210920_20220916_AF_952579_a9d2be1aad30e68a4f4ffbab363d2544.xml
2025-05-31 00:05:03,355 | INFO  | Found 16 forex transactions in U3281113_U3281113_20210920_20220916_AF_952579_a9d2be1aad30e68a4f4ffbab363d2544.xml
2025-05-31 00:05:03,378 | INFO  | Successfully processed 16 forex transactions from U3281113_U3281113_20210920_20220916_AF_952579_a9d2be1aad30e68a4f4ffbab363d2544.xml
2025-05-31 00:05:03,396 | INFO  | Successfully processed U3281113_U3281113_20210920_20220916_AF_952579_a9d2be1aad30e68a4f4ffbab363d2544.xml: 16 transactions added
2025-05-31 00:05:03,397 | INFO  | Progress: 18/60 - U3281113_U3281113_20220919_20230915_AF_952579_1a9b55af2d76e07d69d7d4cdea01c78d.xml
2025-05-31 00:05:03,448 | INFO  | Found 23 forex transactions in U3281113_U3281113_20220919_20230915_AF_952579_1a9b55af2d76e07d69d7d4cdea01c78d.xml
2025-05-31 00:05:03,478 | INFO  | Successfully processed 23 forex transactions from U3281113_U3281113_20220919_20230915_AF_952579_1a9b55af2d76e07d69d7d4cdea01c78d.xml
2025-05-31 00:05:03,489 | INFO  | Successfully processed U3281113_U3281113_20220919_20230915_AF_952579_1a9b55af2d76e07d69d7d4cdea01c78d.xml: 23 transactions added
2025-05-31 00:05:03,489 | INFO  | Progress: 19/60 - U3281113_U3281113_20230918_20240401_AF_952579_1a9b55af2d76e07d69d7d4cdea01c78d.xml
2025-05-31 00:05:03,522 | INFO  | Found 37 forex transactions in U3281113_U3281113_20230918_20240401_AF_952579_1a9b55af2d76e07d69d7d4cdea01c78d.xml
2025-05-31 00:05:03,563 | INFO  | Successfully processed 37 forex transactions from U3281113_U3281113_20230918_20240401_AF_952579_1a9b55af2d76e07d69d7d4cdea01c78d.xml
2025-05-31 00:05:03,574 | INFO  | Successfully processed U3281113_U3281113_20230918_20240401_AF_952579_1a9b55af2d76e07d69d7d4cdea01c78d.xml: 37 transactions added
2025-05-31 00:05:03,574 | INFO  | Progress: 20/60 - marcos_abr4_25.xml
2025-05-31 00:05:03,585 | INFO  | Found 6 forex transactions in marcos_abr4_25.xml
2025-05-31 00:05:03,609 | INFO  | Successfully processed 6 forex transactions from marcos_abr4_25.xml
2025-05-31 00:05:03,621 | INFO  | Successfully processed marcos_abr4_25.xml: 6 transactions added
2025-05-31 00:05:03,621 | INFO  | Progress: 21/60 - marcos_april12.xml
2025-05-31 00:05:03,632 | INFO  | Found 2 forex transactions in marcos_april12.xml
2025-05-31 00:05:03,650 | INFO  | Successfully processed 2 forex transactions from marcos_april12.xml
2025-05-31 00:05:03,663 | INFO  | Successfully processed marcos_april12.xml: 2 transactions added
2025-05-31 00:05:03,664 | INFO  | Progress: 22/60 - marcos_april19.xml
2025-05-31 00:05:03,676 | INFO  | Found 2 forex transactions in marcos_april19.xml
2025-05-31 00:05:03,692 | INFO  | Successfully processed 2 forex transactions from marcos_april19.xml
2025-05-31 00:05:03,703 | INFO  | Successfully processed marcos_april19.xml: 2 transactions added
2025-05-31 00:05:03,704 | INFO  | Progress: 23/60 - marcos_aug30.xml
2025-05-31 00:05:03,721 | INFO  | Found 35 forex transactions in marcos_aug30.xml
2025-05-31 00:05:03,763 | INFO  | Successfully processed 35 forex transactions from marcos_aug30.xml
2025-05-31 00:05:03,773 | INFO  | Successfully processed marcos_aug30.xml: 35 transactions added
2025-05-31 00:05:03,773 | INFO  | Progress: 24/60 - marcos_dec6.xml
2025-05-31 00:05:03,788 | INFO  | Found 49 forex transactions in marcos_dec6.xml
2025-05-31 00:05:03,838 | INFO  | Successfully processed 48 forex transactions from marcos_dec6.xml
2025-05-31 00:05:03,839 | INFO  | Skipped 1 transactions due to errors or duplicates
2025-05-31 00:05:03,849 | INFO  | Successfully processed marcos_dec6.xml: 48 transactions added
2025-05-31 00:05:03,849 | INFO  | Progress: 25/60 - marcos_jan17_25.xml
2025-05-31 00:05:03,868 | INFO  | Found 62 forex transactions in marcos_jan17_25.xml
2025-05-31 00:05:03,934 | INFO  | Successfully processed 35 forex transactions from marcos_jan17_25.xml
2025-05-31 00:05:03,935 | INFO  | Skipped 27 transactions due to errors or duplicates
2025-05-31 00:05:03,951 | INFO  | Successfully processed marcos_jan17_25.xml: 35 transactions added
2025-05-31 00:05:03,953 | INFO  | Progress: 26/60 - marcos_july25.xml
2025-05-31 00:05:03,974 | INFO  | Found 21 forex transactions in marcos_july25.xml
2025-05-31 00:05:04,013 | INFO  | Successfully processed 21 forex transactions from marcos_july25.xml
2025-05-31 00:05:04,028 | INFO  | Successfully processed marcos_july25.xml: 21 transactions added
2025-05-31 00:05:04,029 | INFO  | Progress: 27/60 - marcos_june28.xml
2025-05-31 00:05:04,048 | INFO  | Found 11 forex transactions in marcos_june28.xml
2025-05-31 00:05:04,083 | INFO  | Successfully processed 11 forex transactions from marcos_june28.xml
2025-05-31 00:05:04,096 | INFO  | Successfully processed marcos_june28.xml: 11 transactions added
2025-05-31 00:05:04,098 | INFO  | Progress: 28/60 - marcos_mar20_25.xml
2025-05-31 00:05:04,116 | INFO  | Found 69 forex transactions in marcos_mar20_25.xml
2025-05-31 00:05:04,199 | INFO  | Successfully processed 39 forex transactions from marcos_mar20_25.xml
2025-05-31 00:05:04,200 | INFO  | Skipped 30 transactions due to errors or duplicates
2025-05-31 00:05:04,216 | INFO  | Successfully processed marcos_mar20_25.xml: 39 transactions added
2025-05-31 00:05:04,217 | INFO  | Progress: 29/60 - marcos_may14.xml
2025-05-31 00:05:04,230 | INFO  | Found 8 forex transactions in marcos_may14.xml
2025-05-31 00:05:04,280 | INFO  | Successfully processed 8 forex transactions from marcos_may14.xml
2025-05-31 00:05:04,291 | INFO  | Successfully processed marcos_may14.xml: 8 transactions added
2025-05-31 00:05:04,292 | INFO  | Progress: 30/60 - marcos_oct4.xml
2025-05-31 00:05:04,300 | INFO  | Found 28 forex transactions in marcos_oct4.xml
2025-05-31 00:05:04,372 | INFO  | Successfully processed 28 forex transactions from marcos_oct4.xml
2025-05-31 00:05:04,384 | INFO  | Successfully processed marcos_oct4.xml: 28 transactions added
2025-05-31 00:05:04,384 | INFO  | Progress: 31/60 - PP_report_fromJune14_2021_to_June10_2022.xml
2025-05-31 00:05:04,425 | INFO  | Found 0 forex transactions in PP_report_fromJune14_2021_to_June10_2022.xml
2025-05-31 00:05:04,434 | INFO  | Successfully processed PP_report_fromJune14_2021_to_June10_2022.xml: 0 transactions added
2025-05-31 00:05:04,435 | INFO  | Progress: 32/60 - PP_report_from_June12_2023_to_April1_2024.xml
2025-05-31 00:05:04,464 | INFO  | Found 27 forex transactions in PP_report_from_June12_2023_to_April1_2024.xml
2025-05-31 00:05:04,502 | INFO  | Successfully processed 27 forex transactions from PP_report_from_June12_2023_to_April1_2024.xml
2025-05-31 00:05:04,511 | INFO  | Successfully processed PP_report_from_June12_2023_to_April1_2024.xml: 27 transactions added
2025-05-31 00:05:04,511 | INFO  | Progress: 33/60 - PP_report_from_June13_2019_to_June12_2020.xml
2025-05-31 00:05:04,560 | INFO  | Found 16 forex transactions in PP_report_from_June13_2019_to_June12_2020.xml
2025-05-31 00:05:04,585 | INFO  | Successfully processed 16 forex transactions from PP_report_from_June13_2019_to_June12_2020.xml
2025-05-31 00:05:04,593 | INFO  | Successfully processed PP_report_from_June13_2019_to_June12_2020.xml: 16 transactions added
2025-05-31 00:05:04,594 | INFO  | Progress: 34/60 - PP_report_from_June13_2022_to_June9_2023.xml
2025-05-31 00:05:04,631 | INFO  | Found 3 forex transactions in PP_report_from_June13_2022_to_June9_2023.xml
2025-05-31 00:05:04,645 | INFO  | Successfully processed 3 forex transactions from PP_report_from_June13_2022_to_June9_2023.xml
2025-05-31 00:05:04,653 | INFO  | Successfully processed PP_report_from_June13_2022_to_June9_2023.xml: 3 transactions added
2025-05-31 00:05:04,653 | INFO  | Progress: 35/60 - PP_report_from_June15_2020_to_June11_2021.xml
2025-05-31 00:05:04,683 | INFO  | Found 5 forex transactions in PP_report_from_June15_2020_to_June11_2021.xml
2025-05-31 00:05:04,701 | INFO  | Successfully processed 5 forex transactions from PP_report_from_June15_2020_to_June11_2021.xml
2025-05-31 00:05:04,712 | INFO  | Successfully processed PP_report_from_June15_2020_to_June11_2021.xml: 5 transactions added
2025-05-31 00:05:04,713 | INFO  | Progress: 36/60 - marcos_ms_abr1.xml
2025-05-31 00:05:04,720 | INFO  | Found 1 forex transactions in marcos_ms_abr1.xml
2025-05-31 00:05:04,739 | INFO  | Successfully processed 1 forex transactions from marcos_ms_abr1.xml
2025-05-31 00:05:04,749 | INFO  | Successfully processed marcos_ms_abr1.xml: 1 transactions added
2025-05-31 00:05:04,749 | INFO  | Progress: 37/60 - marcos_ms_abr19.xml
2025-05-31 00:05:04,755 | INFO  | Found 0 forex transactions in marcos_ms_abr19.xml
2025-05-31 00:05:04,764 | INFO  | Successfully processed marcos_ms_abr19.xml: 0 transactions added
2025-05-31 00:05:04,765 | INFO  | Progress: 38/60 - marcos_ms_aug27.xml
2025-05-31 00:05:04,772 | INFO  | Found 9 forex transactions in marcos_ms_aug27.xml
2025-05-31 00:05:04,792 | INFO  | Successfully processed 9 forex transactions from marcos_ms_aug27.xml
2025-05-31 00:05:04,804 | INFO  | Successfully processed marcos_ms_aug27.xml: 9 transactions added
2025-05-31 00:05:04,804 | INFO  | Progress: 39/60 - marcos_ms_dec6.xml
2025-05-31 00:05:04,818 | INFO  | Found 15 forex transactions in marcos_ms_dec6.xml
2025-05-31 00:05:04,857 | INFO  | Successfully processed 15 forex transactions from marcos_ms_dec6.xml
2025-05-31 00:05:04,871 | INFO  | Successfully processed marcos_ms_dec6.xml: 15 transactions added
2025-05-31 00:05:04,871 | INFO  | Progress: 40/60 - marcos_ms_jan17_25.xml
2025-05-31 00:05:04,890 | INFO  | Found 5 forex transactions in marcos_ms_jan17_25.xml
2025-05-31 00:05:04,913 | INFO  | Successfully processed 5 forex transactions from marcos_ms_jan17_25.xml
2025-05-31 00:05:04,926 | INFO  | Successfully processed marcos_ms_jan17_25.xml: 5 transactions added
2025-05-31 00:05:04,927 | INFO  | Progress: 41/60 - marcos_ms_july25.xml
2025-05-31 00:05:04,935 | INFO  | Found 17 forex transactions in marcos_ms_july25.xml
2025-05-31 00:05:04,970 | INFO  | Successfully processed 17 forex transactions from marcos_ms_july25.xml
2025-05-31 00:05:04,983 | INFO  | Successfully processed marcos_ms_july25.xml: 17 transactions added
2025-05-31 00:05:04,983 | INFO  | Progress: 42/60 - marcos_ms_june28.xml
2025-05-31 00:05:04,995 | INFO  | Found 8 forex transactions in marcos_ms_june28.xml
2025-05-31 00:05:05,026 | INFO  | Successfully processed 8 forex transactions from marcos_ms_june28.xml
2025-05-31 00:05:05,049 | INFO  | Successfully processed marcos_ms_june28.xml: 8 transactions added
2025-05-31 00:05:05,049 | INFO  | Progress: 43/60 - marcos_ms_mar21_25.xml
2025-05-31 00:05:05,063 | INFO  | Found 2 forex transactions in marcos_ms_mar21_25.xml
2025-05-31 00:05:05,083 | INFO  | Successfully processed 2 forex transactions from marcos_ms_mar21_25.xml
2025-05-31 00:05:05,092 | INFO  | Successfully processed marcos_ms_mar21_25.xml: 2 transactions added
2025-05-31 00:05:05,092 | INFO  | Progress: 44/60 - marcos_ms_may14.xml
2025-05-31 00:05:05,099 | INFO  | Found 3 forex transactions in marcos_ms_may14.xml
2025-05-31 00:05:05,114 | INFO  | Successfully processed 3 forex transactions from marcos_ms_may14.xml
2025-05-31 00:05:05,126 | INFO  | Successfully processed marcos_ms_may14.xml: 3 transactions added
2025-05-31 00:05:05,126 | INFO  | Progress: 45/60 - marcos_ms_oct4.xml
2025-05-31 00:05:05,137 | INFO  | Found 3 forex transactions in marcos_ms_oct4.xml
2025-05-31 00:05:05,162 | INFO  | Successfully processed 3 forex transactions from marcos_ms_oct4.xml
2025-05-31 00:05:05,175 | INFO  | Successfully processed marcos_ms_oct4.xml: 3 transactions added
2025-05-31 00:05:05,176 | INFO  | Progress: 46/60 - mariana_apr1_24.xml
2025-05-31 00:05:05,190 | INFO  | Found 24 forex transactions in mariana_apr1_24.xml
2025-05-31 00:05:05,231 | INFO  | Successfully processed 24 forex transactions from mariana_apr1_24.xml
2025-05-31 00:05:05,241 | INFO  | Successfully processed mariana_apr1_24.xml: 24 transactions added
2025-05-31 00:05:05,241 | INFO  | Progress: 47/60 - mariana_april12.xml
2025-05-31 00:05:05,246 | INFO  | Found 3 forex transactions in mariana_april12.xml
2025-05-31 00:05:05,266 | INFO  | Successfully processed 3 forex transactions from mariana_april12.xml
2025-05-31 00:05:05,275 | INFO  | Successfully processed mariana_april12.xml: 3 transactions added
2025-05-31 00:05:05,276 | INFO  | Progress: 48/60 - mariana_april19.xml
2025-05-31 00:05:05,281 | INFO  | Found 0 forex transactions in mariana_april19.xml
2025-05-31 00:05:05,292 | INFO  | Successfully processed mariana_april19.xml: 0 transactions added
2025-05-31 00:05:05,293 | INFO  | Progress: 49/60 - mariana_aug30.xml
2025-05-31 00:05:05,299 | INFO  | Found 4 forex transactions in mariana_aug30.xml
2025-05-31 00:05:05,323 | INFO  | Successfully processed 4 forex transactions from mariana_aug30.xml
2025-05-31 00:05:05,334 | INFO  | Successfully processed mariana_aug30.xml: 4 transactions added
2025-05-31 00:05:05,335 | INFO  | Progress: 50/60 - mariana_dec6.xml
2025-05-31 00:05:05,349 | INFO  | Found 8 forex transactions in mariana_dec6.xml
2025-05-31 00:05:05,386 | INFO  | Successfully processed 8 forex transactions from mariana_dec6.xml
2025-05-31 00:05:05,397 | INFO  | Successfully processed mariana_dec6.xml: 8 transactions added
2025-05-31 00:05:05,397 | INFO  | Progress: 51/60 - mariana_jan17_25.xml
2025-05-31 00:05:05,405 | INFO  | Found 2 forex transactions in mariana_jan17_25.xml
2025-05-31 00:05:05,418 | INFO  | Successfully processed 2 forex transactions from mariana_jan17_25.xml
2025-05-31 00:05:05,428 | INFO  | Successfully processed mariana_jan17_25.xml: 2 transactions added
2025-05-31 00:05:05,428 | INFO  | Progress: 52/60 - mariana_jan5_24.xml
2025-05-31 00:05:05,457 | INFO  | Found 19 forex transactions in mariana_jan5_24.xml
2025-05-31 00:05:05,485 | INFO  | Successfully processed 19 forex transactions from mariana_jan5_24.xml
2025-05-31 00:05:05,494 | INFO  | Successfully processed mariana_jan5_24.xml: 19 transactions added
2025-05-31 00:05:05,495 | INFO  | Progress: 53/60 - mariana_jan6_23.xml
2025-05-31 00:05:05,524 | INFO  | Found 14 forex transactions in mariana_jan6_23.xml
2025-05-31 00:05:05,555 | INFO  | Successfully processed 14 forex transactions from mariana_jan6_23.xml
2025-05-31 00:05:05,566 | INFO  | Successfully processed mariana_jan6_23.xml: 14 transactions added
2025-05-31 00:05:05,566 | INFO  | Progress: 54/60 - mariana_jan7_22.xml
2025-05-31 00:05:05,596 | INFO  | Found 4 forex transactions in mariana_jan7_22.xml
2025-05-31 00:05:05,613 | INFO  | Successfully processed 4 forex transactions from mariana_jan7_22.xml
2025-05-31 00:05:05,625 | INFO  | Successfully processed mariana_jan7_22.xml: 4 transactions added
2025-05-31 00:05:05,626 | INFO  | Progress: 55/60 - mariana_jan8_21.xml
2025-05-31 00:05:05,658 | INFO  | Found 5 forex transactions in mariana_jan8_21.xml
2025-05-31 00:05:05,673 | INFO  | Successfully processed 5 forex transactions from mariana_jan8_21.xml
2025-05-31 00:05:05,682 | INFO  | Successfully processed mariana_jan8_21.xml: 5 transactions added
2025-05-31 00:05:05,683 | INFO  | Progress: 56/60 - mariana_july25.xml
2025-05-31 00:05:05,690 | INFO  | Found 4 forex transactions in mariana_july25.xml
2025-05-31 00:05:05,705 | INFO  | Successfully processed 4 forex transactions from mariana_july25.xml
2025-05-31 00:05:05,713 | INFO  | Successfully processed mariana_july25.xml: 4 transactions added
2025-05-31 00:05:05,714 | INFO  | Progress: 57/60 - mariana_june28.xml
2025-05-31 00:05:05,726 | INFO  | Found 7 forex transactions in mariana_june28.xml
2025-05-31 00:05:05,744 | INFO  | Successfully processed 7 forex transactions from mariana_june28.xml
2025-05-31 00:05:05,753 | INFO  | Successfully processed mariana_june28.xml: 7 transactions added
2025-05-31 00:05:05,753 | INFO  | Progress: 58/60 - mariana_mar20_25.xml
2025-05-31 00:05:05,762 | INFO  | Found 5 forex transactions in mariana_mar20_25.xml
2025-05-31 00:05:05,778 | INFO  | Successfully processed 5 forex transactions from mariana_mar20_25.xml
2025-05-31 00:05:05,788 | INFO  | Successfully processed mariana_mar20_25.xml: 5 transactions added
2025-05-31 00:05:05,789 | INFO  | Progress: 59/60 - mariana_may14.xml
2025-05-31 00:05:05,795 | INFO  | Found 2 forex transactions in mariana_may14.xml
2025-05-31 00:05:05,806 | INFO  | Successfully processed 2 forex transactions from mariana_may14.xml
2025-05-31 00:05:05,814 | INFO  | Successfully processed mariana_may14.xml: 2 transactions added
2025-05-31 00:05:05,814 | INFO  | Progress: 60/60 - mariana_oct4.xml
2025-05-31 00:05:05,822 | INFO  | Found 4 forex transactions in mariana_oct4.xml
2025-05-31 00:05:05,839 | INFO  | Successfully processed 4 forex transactions from mariana_oct4.xml
2025-05-31 00:05:05,848 | INFO  | Successfully processed mariana_oct4.xml: 4 transactions added
2025-05-31 00:05:05,848 | INFO  | Step 3: Exporting final accumulated database to PP XML...
2025-05-31 00:05:05,848 | INFO  | Exporting database to PP XML: D:\Projetos\Finance_data\IDE\vs_code\ib_pp_importer\portfolio_management.xml
2025-05-31 00:05:13,647 | INFO  | Successfully exported database to D:\Projetos\Finance_data\IDE\vs_code\ib_pp_importer\portfolio_management.xml
2025-05-31 00:05:13,647 | INFO  | Successfully exported final PP XML with all accumulated transactions
2025-05-31 00:05:13,648 | INFO  | ============================================================
2025-05-31 00:05:13,648 | INFO  | BULK PROCESSING COMPLETE
2025-05-31 00:05:13,648 | INFO  | ============================================================
2025-05-31 00:05:13,648 | INFO  | Total files processed: 60
2025-05-31 00:05:13,648 | INFO  | Successful: 60
2025-05-31 00:05:13,649 | INFO  | Errors: 0
2025-05-31 00:05:13,649 | INFO  | Total forex transactions added: 639
2025-05-31 00:05:13,649 | INFO  | Processing time: 33.2 seconds
2025-05-31 00:05:13,650 | INFO  | All files processed successfully
